{
    "total": [
        {
            "id": "100080101487002",
            "count": 0
        },
        {
            "id": "100033771141427",
            "count": 8
        },
        {
            "id": "100023746650773",
            "count": 0
        },
        {
            "id": "100085073240621",
            "count": 1957
        },
        {
            "id": "100093272876499",
            "count": 0
        },
        {
            "id": "61555877896247",
            "count": 0
        },
        {
            "id": "100023434451963",
            "count": 1445
        },
        {
            "id": "100077026869574",
            "count": 103
        },
        {
            "id": "100041369492342",
            "count": 0
        },
        {
            "id": "61561530282324",
            "count": 709
        },
        {
            "id": "100001015776071",
            "count": 0
        },
        {
            "id": "100031263543961",
            "count": 0
        },
        {
            "id": "100001113278043",
            "count": 336
        },
        {
            "id": "1631016269",
            "count": 0
        },
        {
            "id": "61558587233064",
            "count": 0
        },
        {
            "id": "100048762090550",
            "count": 110
        },
        {
            "id": "61559079650241",
            "count": 541
        },
        {
            "id": "100002896167413",
            "count": 186
        },
        {
            "id": "100087128565622",
            "count": 911
        },
        {
            "id": "61556010612021",
            "count": 3
        },
        {
            "id": "100050188775013",
            "count": 63
        },
        {
            "id": "100077018405888",
            "count": 165
        },
        {
            "id": "61558117404405",
            "count": 277
        },
        {
            "id": "100004752336149",
            "count": 0
        },
        {
            "id": "61564884756626",
            "count": 44
        },
        {
            "id": "61553349840198",
            "count": 39
        },
        {
            "id": "61566826751267",
            "count": 6
        },
        {
            "id": "61566763607067",
            "count": 4
        },
        {
            "id": "502275138",
            "count": 40
        },
        {
            "id": "61550343162256",
            "count": 0
        },
        {
            "id": "61568223084583",
            "count": 34
        },
        {
            "id": "61553203100073",
            "count": 3
        },
        {
            "id": "61554387913255",
            "count": 3
        }
    ],
    "week": [
        {
            "id": "100080101487002",
            "count": 0,
            "name": "Mẫn Nhi"
        },
        {
            "id": "100033771141427",
            "count": 0,
            "name": "Bé Xu"
        },
        {
            "id": "100023746650773",
            "count": 0,
            "name": "Phạm Minh Đồng"
        },
        {
            "id": "100085073240621",
            "count": 58,
            "name": "Dang Gia Khanh"
        },
        {
            "id": "100093272876499",
            "count": 0,
            "name": "Đặng Ly"
        },
        {
            "id": "61555877896247",
            "count": 0,
            "name": "Dangg Khánh"
        },
        {
            "id": "100023434451963",
            "count": 0,
            "name": "Cao Ngọc Hiếu"
        },
        {
            "id": "100077026869574",
            "count": 0,
            "name": "Người dùng Facebook"
        },
        {
            "id": "100041369492342",
            "count": 0,
            "name": "Người dùng Facebook"
        },
        {
            "id": "61561530282324",
            "count": 25,
            "name": "Roronoa Xoro"
        },
        {
            "id": "100001015776071",
            "count": 0,
            "name": "Dang Gia Khanh"
        },
        {
            "id": "100031263543961",
            "count": 0,
            "name": "Ng Nguyet Anh"
        },
        {
            "id": "100001113278043",
            "count": 0,
            "name": "Phương Huyền"
        },
        {
            "id": "1631016269",
            "count": 0,
            "name": "Phạm Minh Đồng"
        },
        {
            "id": "61558587233064",
            "count": 0,
            "name": "Người dùng Facebook"
        },
        {
            "id": "100048762090550",
            "count": 0,
            "name": "Nguyễn Tuấn"
        },
        {
            "id": "61559079650241",
            "count": 53,
            "name": "Nguyễn Thanh Tùng"
        },
        {
            "id": "100002896167413",
            "count": 4,
            "name": "Hạnh　Phúc　Có　Thể　Bỏ　Rơi　Anh　 Nhưng Anh　Không　Bao　Giờ　Bỏ　Rơi　Em"
        },
        {
            "id": "100087128565622",
            "count": 97,
            "name": "Tiềncóthểmất Còn Emthìkhông"
        },
        {
            "id": "61556010612021",
            "count": 0,
            "name": "Ank Là Minh Hoàng"
        },
        {
            "id": "100050188775013",
            "count": 1,
            "name": "Quốc Lord"
        },
        {
            "id": "100077018405888",
            "count": 1,
            "name": "Người dùng Facebook"
        },
        {
            "id": "61558117404405",
            "count": 37,
            "name": "Vu Dinh"
        },
        {
            "id": "100004752336149",
            "count": 0,
            "name": "Người dùng Facebook"
        },
        {
            "id": "61564884756626",
            "count": 23,
            "name": "Đình Vũ"
        },
        {
            "id": "61553349840198",
            "count": 6,
            "name": "Mai Quốc Danh"
        },
        {
            "id": "61566826751267",
            "count": 6,
            "name": "Tùng Thanh"
        },
        {
            "id": "61566763607067",
            "count": 0,
            "name": "Gấu Lord Đz"
        },
        {
            "id": "502275138",
            "count": 1,
            "name": "Phạm Minh Đồng"
        },
        {
            "id": "61550343162256",
            "count": 0,
            "name": "Dang Gia Khanh"
        },
        {
            "id": "61568223084583",
            "count": 0,
            "name": "Trần Kiệt"
        },
        {
            "id": "61553203100073",
            "count": 3
        },
        {
            "id": "61554387913255",
            "count": 3
        }
    ],
    "day": [
        {
            "id": "100080101487002",
            "count": 0,
            "name": "Mẫn Nhi"
        },
        {
            "id": "100033771141427",
            "count": 0,
            "name": "Bé Xu"
        },
        {
            "id": "100023746650773",
            "count": 0,
            "name": "Phạm Minh Đồng"
        },
        {
            "id": "100085073240621",
            "count": 0,
            "name": "Dang Gia Khanh"
        },
        {
            "id": "100093272876499",
            "count": 0,
            "name": "Đặng Ly"
        },
        {
            "id": "61555877896247",
            "count": 0,
            "name": "Dangg Khánh"
        },
        {
            "id": "100023434451963",
            "count": 0,
            "name": "Cao Ngọc Hiếu"
        },
        {
            "id": "100077026869574",
            "count": 0,
            "name": "Người dùng Facebook"
        },
        {
            "id": "100041369492342",
            "count": 0,
            "name": "Người dùng Facebook"
        },
        {
            "id": "61561530282324",
            "count": 1,
            "name": "Roronoa Xoro"
        },
        {
            "id": "100001015776071",
            "count": 0,
            "name": "Dang Gia Khanh"
        },
        {
            "id": "100031263543961",
            "count": 0,
            "name": "Ng Nguyet Anh"
        },
        {
            "id": "100001113278043",
            "count": 0,
            "name": "Phương Huyền"
        },
        {
            "id": "1631016269",
            "count": 0,
            "name": "Phạm Minh Đồng"
        },
        {
            "id": "61558587233064",
            "count": 0,
            "name": "Người dùng Facebook"
        },
        {
            "id": "100048762090550",
            "count": 0,
            "name": "Nguyễn Tuấn"
        },
        {
            "id": "61559079650241",
            "count": 0,
            "name": "Nguyễn Thanh Tùng"
        },
        {
            "id": "100002896167413",
            "count": 0,
            "name": "Hạnh　Phúc　Có　Thể　Bỏ　Rơi　Anh　 Nhưng Anh　Không　Bao　Giờ　Bỏ　Rơi　Em"
        },
        {
            "id": "100087128565622",
            "count": 0,
            "name": "Tiềncóthểmất Còn Emthìkhông"
        },
        {
            "id": "61556010612021",
            "count": 0,
            "name": "Ank Là Minh Hoàng"
        },
        {
            "id": "100050188775013",
            "count": 0,
            "name": "Quốc Lord"
        },
        {
            "id": "100077018405888",
            "count": 0,
            "name": "Cậu Ba"
        },
        {
            "id": "61558117404405",
            "count": 0,
            "name": "Vu Dinh"
        },
        {
            "id": "100004752336149",
            "count": 0,
            "name": "Người dùng Facebook"
        },
        {
            "id": "61564884756626",
            "count": 0,
            "name": "Người dùng Facebook"
        },
        {
            "id": "61553349840198",
            "count": 0,
            "name": "Mai Quốc Danh"
        },
        {
            "id": "61566826751267",
            "count": 0,
            "name": "Tùng Thanh"
        },
        {
            "id": "61566763607067",
            "count": 0,
            "name": "Gấu Lord Đz"
        },
        {
            "id": "502275138",
            "count": 0,
            "name": "Phạm Minh Đồng"
        },
        {
            "id": "61550343162256",
            "count": 0,
            "name": "Dang Gia Khanh"
        },
        {
            "id": "61568223084583",
            "count": 0,
            "name": "Trần Kiệt"
        },
        {
            "id": "61553203100073",
            "count": 0,
            "name": "Mai Tấn"
        },
        {
            "id": "61554387913255",
            "count": 0,
            "name": "Hương Quỳnh"
        }
    ],
    "time": 6,
    "last": {
        "time": 2,
        "day": [
            {
                "id": "100022902729215",
                "count": 0
            },
            {
                "id": "61557876557356",
                "count": 0
            },
            {
                "id": "100080101487002",
                "count": 0
            },
            {
                "id": "61553998834978",
                "count": 0
            },
            {
                "id": "100033771141427",
                "count": 0
            },
            {
                "id": "100077461261016",
                "count": 0
            },
            {
                "id": "61561929966427",
                "count": 0
            },
            {
                "id": "100023746650773",
                "count": 0
            },
            {
                "id": "100085073240621",
                "count": 0
            },
            {
                "id": "61562119298096",
                "count": 0
            },
            {
                "id": "61562957031924",
                "count": 0
            },
            {
                "id": "100093272876499",
                "count": 0
            },
            {
                "id": "61555877896247",
                "count": 0
            },
            {
                "id": "61562492445049",
                "count": 0
            },
            {
                "id": "100002240840457",
                "count": 0
            },
            {
                "id": "61564021434823",
                "count": 0
            },
            {
                "id": "61563563952619",
                "count": 0
            },
            {
                "id": "100023434451963",
                "count": 0
            },
            {
                "id": "100024355281353",
                "count": 0
            },
            {
                "id": "100037596822429",
                "count": 0
            },
            {
                "id": "100027187763993",
                "count": 0
            },
            {
                "id": "61559393773433",
                "count": 0
            },
            {
                "id": "100077026869574",
                "count": 0
            },
            {
                "id": "100041369492342",
                "count": 0
            },
            {
                "id": "61556104662797",
                "count": 0
            },
            {
                "id": "61566305411397",
                "count": 0
            },
            {
                "id": "61566358785059",
                "count": 0
            },
            {
                "id": "61561530282324",
                "count": 0
            },
            {
                "id": "100001015776071",
                "count": 0
            },
            {
                "id": "100004752336149",
                "count": 0
            },
            {
                "id": "61559079650241",
                "count": 0
            },
            {
                "id": "61566826751267",
                "count": 0
            },
            {
                "id": "61553310515432",
                "count": 0
            },
            {
                "id": "100077573461968",
                "count": 0
            },
            {
                "id": "100031263543961",
                "count": 0
            },
            {
                "id": "100001113278043",
                "count": 0
            },
            {
                "id": "100002896167413",
                "count": 0
            },
            {
                "id": "100094477432403",
                "count": 0
            },
            {
                "id": "61567289996019",
                "count": 0
            },
            {
                "id": "61567164000333",
                "count": 0
            },
            {
                "id": "1631016269",
                "count": 0
            },
            {
                "id": "61567259396684",
                "count": 0
            },
            {
                "id": "61556666968083",
                "count": 0
            },
            {
                "id": "61558587233064",
                "count": 0
            },
            {
                "id": "61566894280790",
                "count": 0
            },
            {
                "id": "100048762090550",
                "count": 0
            },
            {
                "id": "61567271426689",
                "count": 0
            },
            {
                "id": "61567384732605",
                "count": 0
            },
            {
                "id": "61556010612021",
                "count": 0
            },
            {
                "id": "61567398712421",
                "count": 0
            },
            {
                "id": "61552637324332",
                "count": 0
            },
            {
                "id": "100087128565622",
                "count": 0
            },
            {
                "id": "61553349840198",
                "count": 0
            },
            {
                "id": "100050188775013",
                "count": 0
            },
            {
                "id": "100077018405888",
                "count": 0
            },
            {
                "id": "61558117404405",
                "count": 0
            },
            {
                "id": "61564884756626",
                "count": 0
            },
            {
                "id": "61566763607067",
                "count": 0
            },
            {
                "id": "502275138",
                "count": 0
            },
            {
                "id": "61550343162256",
                "count": 0
            },
            {
                "id": "61568223084583",
                "count": 0
            },
            {
                "id": "61553203100073",
                "count": 0
            },
            {
                "id": "61554387913255",
                "count": 0
            }
        ],
        "week": [
            {
                "id": "100022902729215",
                "count": 0
            },
            {
                "id": "61557876557356",
                "count": 0
            },
            {
                "id": "100080101487002",
                "count": 0
            },
            {
                "id": "61553998834978",
                "count": 0
            },
            {
                "id": "100033771141427",
                "count": 0
            },
            {
                "id": "100077461261016",
                "count": 0
            },
            {
                "id": "61561929966427",
                "count": 0
            },
            {
                "id": "100023746650773",
                "count": 0
            },
            {
                "id": "100085073240621",
                "count": 0
            },
            {
                "id": "61562119298096",
                "count": 0
            },
            {
                "id": "61562957031924",
                "count": 0
            },
            {
                "id": "100093272876499",
                "count": 0
            },
            {
                "id": "61555877896247",
                "count": 0
            },
            {
                "id": "61562492445049",
                "count": 0
            },
            {
                "id": "100002240840457",
                "count": 0
            },
            {
                "id": "61564021434823",
                "count": 0
            },
            {
                "id": "61563563952619",
                "count": 0
            },
            {
                "id": "100023434451963",
                "count": 0
            },
            {
                "id": "100024355281353",
                "count": 0
            },
            {
                "id": "100037596822429",
                "count": 0
            },
            {
                "id": "100027187763993",
                "count": 0
            },
            {
                "id": "61559393773433",
                "count": 0
            },
            {
                "id": "100077026869574",
                "count": 0
            },
            {
                "id": "100041369492342",
                "count": 0
            },
            {
                "id": "61556104662797",
                "count": 0
            },
            {
                "id": "61566305411397",
                "count": 0
            },
            {
                "id": "61566358785059",
                "count": 0
            },
            {
                "id": "61561530282324",
                "count": 0
            },
            {
                "id": "100001015776071",
                "count": 0
            },
            {
                "id": "100004752336149",
                "count": 0
            },
            {
                "id": "61559079650241",
                "count": 0
            },
            {
                "id": "61566826751267",
                "count": 0
            },
            {
                "id": "61553310515432",
                "count": 0
            },
            {
                "id": "100077573461968",
                "count": 0
            },
            {
                "id": "100031263543961",
                "count": 0
            },
            {
                "id": "100001113278043",
                "count": 0
            },
            {
                "id": "100002896167413",
                "count": 0
            },
            {
                "id": "100094477432403",
                "count": 0
            },
            {
                "id": "61567289996019",
                "count": 0
            },
            {
                "id": "61567164000333",
                "count": 0
            },
            {
                "id": "1631016269",
                "count": 0
            },
            {
                "id": "61567259396684",
                "count": 0
            },
            {
                "id": "61556666968083",
                "count": 0
            },
            {
                "id": "61558587233064",
                "count": 0
            },
            {
                "id": "61566894280790",
                "count": 0
            },
            {
                "id": "100048762090550",
                "count": 0
            },
            {
                "id": "61567271426689",
                "count": 0
            },
            {
                "id": "61567384732605",
                "count": 0
            },
            {
                "id": "61556010612021",
                "count": 0
            },
            {
                "id": "61567398712421",
                "count": 0
            },
            {
                "id": "61552637324332",
                "count": 0
            },
            {
                "id": "100087128565622",
                "count": 0
            },
            {
                "id": "61553349840198",
                "count": 0
            },
            {
                "id": "100050188775013",
                "count": 0
            },
            {
                "id": "100077018405888",
                "count": 0
            },
            {
                "id": "61558117404405",
                "count": 0
            },
            {
                "id": "61564884756626",
                "count": 0
            },
            {
                "id": "61566763607067",
                "count": 0
            },
            {
                "id": "502275138",
                "count": 0
            },
            {
                "id": "61550343162256",
                "count": 0
            },
            {
                "id": "61568223084583",
                "count": 0
            },
            {
                "id": "61553203100073",
                "count": 0
            },
            {
                "id": "61554387913255",
                "count": 0
            }
        ]
    }
}