{
    "total": [
        {
            "id": "100051451965796",
            "count": 1
        },
        {
            "id": "100075185498345",
            "count": 5
        },
        {
            "id": "100085073240621",
            "count": 393
        },
        {
            "id": "100026066957350",
            "count": 0
        },
        {
            "id": "100023434451963",
            "count": 8
        },
        {
            "id": "61560695497242",
            "count": 0
        },
        {
            "id": "100089494792922",
            "count": 0
        },
        {
            "id": "61559110839419",
            "count": 0
        },
        {
            "id": "61560315025197",
            "count": 0
        },
        {
            "id": "100074224563535",
            "count": 20
        },
        {
            "id": "100077026869574",
            "count": 38
        },
        {
            "id": "61550992642482",
            "count": 0
        },
        {
            "id": "100093051642489",
            "count": 61
        },
        {
            "id": "100030259834679",
            "count": 1
        },
        {
            "id": "61562439355061",
            "count": 0
        },
        {
            "id": "100055154154050",
            "count": 2
        },
        {
            "id": "61562377964092",
            "count": 0
        },
        {
            "id": "61562206563697",
            "count": 111
        },
        {
            "id": "61560392341264",
            "count": 0
        },
        {
            "id": "100088577864287",
            "count": 0
        },
        {
            "id": "61561362279600",
            "count": 0
        },
        {
            "id": "100040771546846",
            "count": 0
        },
        {
            "id": "61562716052902",
            "count": 0
        },
        {
            "id": "100067949241847",
            "count": 0
        },
        {
            "id": "61563482745923",
            "count": 0
        },
        {
            "id": "1411364609",
            "count": 2
        },
        {
            "id": "61555924809893",
            "count": 0
        },
        {
            "id": "100080170699114",
            "count": 2
        },
        {
            "id": "100007029229274",
            "count": 0
        },
        {
            "id": "100004752336149",
            "count": 39
        },
        {
            "id": "502275138",
            "count": 90
        },
        {
            "id": "61561734688323",
            "count": 39
        },
        {
            "id": "61564934962756",
            "count": 7
        },
        {
            "id": "1053703548",
            "count": 9
        },
        {
            "id": "100075351078458",
            "count": 0
        },
        {
            "id": "61564654529860",
            "count": 0
        },
        {
            "id": "100015080401079",
            "count": 0
        },
        {
            "id": "61556666968083",
            "count": 0
        },
        {
            "id": "100030236827904",
            "count": 73
        },
        {
            "id": "100076900489677",
            "count": 0
        },
        {
            "id": "61564916063556",
            "count": 0
        },
        {
            "id": "61565293202688",
            "count": 0
        },
        {
            "id": "61565027440913",
            "count": 0
        },
        {
            "id": "61564987902571",
            "count": 0
        },
        {
            "id": "1270787329",
            "count": 0
        },
        {
            "id": "100092744481406",
            "count": 0
        },
        {
            "id": "61564333073018",
            "count": 94
        },
        {
            "id": "61555015060828",
            "count": 114
        },
        {
            "id": "100041429932269",
            "count": 89
        },
        {
            "id": "61557933827535",
            "count": 0
        },
        {
            "id": "100080101487002",
            "count": 0
        },
        {
            "id": "61565797371733",
            "count": 0
        },
        {
            "id": "61557447626439",
            "count": 0
        },
        {
            "id": "61562389486755",
            "count": 0
        },
        {
            "id": "61565668744358",
            "count": 0
        },
        {
            "id": "61565496582725",
            "count": 0
        },
        {
            "id": "61565353993683",
            "count": 0
        },
        {
            "id": "61563984641001",
            "count": 0
        },
        {
            "id": "1631016269",
            "count": 176
        },
        {
            "id": "100074492260498",
            "count": 0
        },
        {
            "id": "61560185296494",
            "count": 7
        },
        {
            "id": "100076210095967",
            "count": 0
        },
        {
            "id": "100001582801337",
            "count": 0
        },
        {
            "id": "100002896167413",
            "count": 395
        },
        {
            "id": "61550962658401",
            "count": 455
        },
        {
            "id": "100094715921630",
            "count": 62
        },
        {
            "id": "100094911711160",
            "count": 308
        },
        {
            "id": "61565213845176",
            "count": 0
        },
        {
            "id": "61566610076274",
            "count": 0
        },
        {
            "id": "61561530282324",
            "count": 234
        },
        {
            "id": "61565933460957",
            "count": 772
        },
        {
            "id": "100092631893686",
            "count": 0
        },
        {
            "id": "61560179044114",
            "count": 0
        },
        {
            "id": "61566443914751",
            "count": 0
        },
        {
            "id": "100076671529372",
            "count": 8
        },
        {
            "id": "61555030993316",
            "count": 1
        },
        {
            "id": "100087128565622",
            "count": 190
        },
        {
            "id": "100066982081378",
            "count": 14
        },
        {
            "id": "100090200289460",
            "count": 90
        },
        {
            "id": "61554387913255",
            "count": 0
        },
        {
            "id": "61558587233064",
            "count": 0
        },
        {
            "id": "61565762871773",
            "count": 0
        },
        {
            "id": "61567259396684",
            "count": 96
        },
        {
            "id": "61557876557356",
            "count": 0
        },
        {
            "id": "100001113278043",
            "count": 1
        },
        {
            "id": "100084513053653",
            "count": 0
        },
        {
            "id": "100039201377129",
            "count": 243
        },
        {
            "id": "100016902993981",
            "count": 68
        },
        {
            "id": "1193456508",
            "count": 47
        },
        {
            "id": "100091247268927",
            "count": 10
        },
        {
            "id": "61567459466774",
            "count": 0
        },
        {
            "id": "68126864",
            "count": 206
        },
        {
            "id": "61567271426689",
            "count": 11
        },
        {
            "id": "100008306777831",
            "count": 115
        },
        {
            "id": "61555712670336",
            "count": 172
        },
        {
            "id": "100077340322638",
            "count": 0
        },
        {
            "id": "61558117404405",
            "count": 59
        },
        {
            "id": "61556010612021",
            "count": 30
        },
        {
            "id": "61566431324194",
            "count": 106
        },
        {
            "id": "61567506869039",
            "count": 6
        },
        {
            "id": "100077018405888",
            "count": 101
        },
        {
            "id": "61567772992787",
            "count": 2
        },
        {
            "id": "61567375086993",
            "count": 2
        },
        {
            "id": "61566507296411",
            "count": 0
        },
        {
            "id": "100083076954620",
            "count": 7
        },
        {
            "id": "100080922802311",
            "count": 0
        },
        {
            "id": "61567003456656",
            "count": 2
        },
        {
            "id": "61567382943864",
            "count": 1
        },
        {
            "id": "61564884756626",
            "count": 20
        },
        {
            "id": "61567114092593",
            "count": 11
        },
        {
            "id": "61566551876210",
            "count": 44
        },
        {
            "id": "61568161858282",
            "count": 17
        },
        {
            "id": "100095379821033",
            "count": 0
        },
        {
            "id": "100084035917282",
            "count": 0
        },
        {
            "id": "61567009047894",
            "count": 1
        },
        {
            "id": "100089033040313",
            "count": 2
        },
        {
            "id": "61554539600457",
            "count": 47
        }
    ],
    "week": [
        {
            "id": "100051451965796",
            "count": 0,
            "name": "Nguyen Hoang Hiep"
        },
        {
            "id": "100075185498345",
            "count": 0,
            "name": " Nguyễn Đức Hậu 💤 🐼"
        },
        {
            "id": "100085073240621",
            "count": 40,
            "name": "Dang Gia Khanh"
        },
        {
            "id": "100026066957350",
            "count": 0,
            "name": "Nguyen Hiep"
        },
        {
            "id": "100023434451963",
            "count": 0,
            "name": "Cao Ngọc Hiếu"
        },
        {
            "id": "61560695497242",
            "count": 0,
            "name": "Nakano Nino"
        },
        {
            "id": "100089494792922",
            "count": 0,
            "name": "Người dùng Facebook"
        },
        {
            "id": "61559110839419",
            "count": 0,
            "name": "Pun Xinh"
        },
        {
            "id": "61560315025197",
            "count": 0,
            "name": "Phước Lộc"
        },
        {
            "id": "100074224563535",
            "count": 4,
            "name": "Bui Cong Duc"
        },
        {
            "id": "100077026869574",
            "count": 0,
            "name": "Người dùng Facebook"
        },
        {
            "id": "61550992642482",
            "count": 0,
            "name": "Thanh Thanh"
        },
        {
            "id": "100093051642489",
            "count": 0,
            "name": "Đỗ Hải Phong"
        },
        {
            "id": "100030259834679",
            "count": 0,
            "name": "𝐀𝐧𝐡 𝐐𝐮𝐲́ 𓆉"
        },
        {
            "id": "61562439355061",
            "count": 0,
            "name": "Người dùng Facebook"
        },
        {
            "id": "100055154154050",
            "count": 0,
            "name": "Võ N-đăng"
        },
        {
            "id": "61562377964092",
            "count": 0,
            "name": "kem ᗢ 丨kemcute.com"
        },
        {
            "id": "61562206563697",
            "count": 0,
            "name": "ᏎᏎᏎ ᏎᏎᏎ"
        },
        {
            "id": "61560392341264",
            "count": 0,
            "name": "Ken Yeuem"
        },
        {
            "id": "100088577864287",
            "count": 0,
            "name": "Như Quỳnh"
        },
        {
            "id": "61561362279600",
            "count": 0,
            "name": "Rozjx Virky"
        },
        {
            "id": "100040771546846",
            "count": 0,
            "name": "Nguyễn Tất Khánh"
        },
        {
            "id": "61562716052902",
            "count": 0,
            "name": "O.o T.T O.o T.T O.o T.T O.o T.T O.o T.T O.o T.T O.o T.T O.o T.T O.o T.T O.o T.T O.o T.T O.o T.T O.o T.T O.o T.T O.o T.T O.o T.T O.o T.T O.o T.T O.o T.T O.o T.T O.o T.T O.o T.T O.o T.T O.o T.T O.o T.T O.o T.T O.o T.T O.o T.T O.o T.T O.o T.T O.o T.T O.o T.T O.o T.T O.o T.T O.o T.T O.o T.T O.o T.T O.o T.T O.o T.T O.o T.T O.o T.T O.o T.T O.o T.T O.o T.T O.o T.T O.o T.T O.o T.T"
        },
        {
            "id": "100067949241847",
            "count": 0,
            "name": "Trần Thiên Nhi"
        },
        {
            "id": "61563482745923",
            "count": 0,
            "name": "Anh Em Minh Triết Hot Nhây 2024 Tới Hủy Diệt Lũ Đú Nè"
        },
        {
            "id": "1411364609",
            "count": 0,
            "name": "Người dùng Facebook"
        },
        {
            "id": "61555924809893",
            "count": 0,
            "name": "Người dùng Facebook"
        },
        {
            "id": "100080170699114",
            "count": 0,
            "name": "Khoa Ạnn"
        },
        {
            "id": "100007029229274",
            "count": 0,
            "name": "ヽ.　・ tniೀ　.ᐟ"
        },
        {
            "id": "100004752336149",
            "count": 0,
            "name": "Người dùng Facebook"
        },
        {
            "id": "502275138",
            "count": 37,
            "name": "Phạm Minh Đồng"
        },
        {
            "id": "61561734688323",
            "count": 0,
            "name": "Pham Duc Son"
        },
        {
            "id": "61564934962756",
            "count": 0,
            "name": "Có Cái Con Cặk"
        },
        {
            "id": "1053703548",
            "count": 1,
            "name": "Hoàng Luân"
        },
        {
            "id": "100075351078458",
            "count": 0,
            "name": "ʬʬNg Huy Hoangʬʬ LUC　ANH　BUON　ANH　HOA　THANH　TRICKER　HOC　TRICK　LO　BEM　NHUNG　THANG　NOI　YEU　EM　LUC　ANH　RANH　ANH　LAM　AC　WUY　QUI　PHAI　SAU　CHIA　TAY　ANH　THANH　CAY　MAY　CHEM　ANH　NOI　DAY　HOA　THANH　NHA　LAM　THO　ANH　YEU　EM　KHONG　HE　NOI　PHET　TINH　CHUNG　MINH　CANG　DET　NHU　PHIM　SEX　KHONG　CHE　HACKER　BAT　TU　YEUW　EM　MOI　VU　TRU　ANH　HUY　HOANG　CHI　YEU　MINH　EM　THOI - JR"
        },
        {
            "id": "61564654529860",
            "count": 0,
            "name": "Văn Huyy"
        },
        {
            "id": "100015080401079",
            "count": 0,
            "name": "Vũ Hoàng Ngọc"
        },
        {
            "id": "61556666968083",
            "count": 0,
            "name": "Người dùng Facebook"
        },
        {
            "id": "100030236827904",
            "count": 0,
            "name": "Nghiện Mai Toé"
        },
        {
            "id": "100076900489677",
            "count": 0,
            "name": "Người dùng Facebook"
        },
        {
            "id": "61564916063556",
            "count": 0,
            "name": "Anh　là　nguyễn Huy　hoàngg"
        },
        {
            "id": "61565293202688",
            "count": 0,
            "name": "Ank La Cripz "
        },
        {
            "id": "61565027440913",
            "count": 0,
            "name": "Romaleno Elena"
        },
        {
            "id": "61564987902571",
            "count": 0,
            "name": "Ank La Cripz "
        },
        {
            "id": "1270787329",
            "count": 0,
            "name": "Ngân Quỳnh Hoa"
        },
        {
            "id": "100092744481406",
            "count": 0,
            "name": "Ng Huy"
        },
        {
            "id": "61564333073018",
            "count": 0,
            "name": "Ah K Thích"
        },
        {
            "id": "61555015060828",
            "count": 0,
            "name": "ʬʬkhzit Dzʬʬ"
        },
        {
            "id": "100041429932269",
            "count": 0,
            "name": "Người dùng Facebook"
        },
        {
            "id": "61557933827535",
            "count": 0,
            "name": "Bào Gia"
        },
        {
            "id": "100080101487002",
            "count": 0,
            "name": "Mẫn Nhi"
        },
        {
            "id": "61565797371733",
            "count": 0,
            "name": "Trần Minh Triết"
        },
        {
            "id": "61557447626439",
            "count": 0,
            "name": "Trần Ngọc Tú"
        },
        {
            "id": "61562389486755",
            "count": 0,
            "name": "Trần Ngọc Tú"
        },
        {
            "id": "61565668744358",
            "count": 0,
            "name": "Trần Minh Triết"
        },
        {
            "id": "61565496582725",
            "count": 0,
            "name": "Người dùng Facebook"
        },
        {
            "id": "61565353993683",
            "count": 0,
            "name": "Người Dùng Ẩn Danh"
        },
        {
            "id": "61563984641001",
            "count": 0,
            "name": "Nguyễn Cẩm Tú"
        },
        {
            "id": "1631016269",
            "count": 7,
            "name": "Phạm Minh Đồng"
        },
        {
            "id": "100074492260498",
            "count": 0,
            "name": "An Thit Parky"
        },
        {
            "id": "61560185296494",
            "count": 0,
            "name": "ʬʬViet Hoangʬʬ Tot"
        },
        {
            "id": "100076210095967",
            "count": 0,
            "name": "Thị Nhưng"
        },
        {
            "id": "100001582801337",
            "count": 0,
            "name": "Ey　Yêu　Em　Cả　Một　Hành　Trình　 Ngày　Em　Đi　Sao　Lệ　Hoen　Mi　 Trái　Tim　Anh　Như　Bị　Hành　Hình"
        },
        {
            "id": "100002896167413",
            "count": 3,
            "name": "Hạnh　Phúc　Có　Thể　Bỏ　Rơi　Anh　 Nhưng Anh　Không　Bao　Giờ　Bỏ　Rơi　Em"
        },
        {
            "id": "61550962658401",
            "count": 8,
            "name": "Nguyễn Ngọc Khánh"
        },
        {
            "id": "100094715921630",
            "count": 4,
            "name": "Nguyễn Khánh"
        },
        {
            "id": "100094911711160",
            "count": 0,
            "name": "Người dùng Facebook"
        },
        {
            "id": "61565213845176",
            "count": 0,
            "name": "お　Ꞌꞌ chill　ꗯ　꩜"
        },
        {
            "id": "61566610076274",
            "count": 0,
            "name": "Nguyễn Khánh"
        },
        {
            "id": "61561530282324",
            "count": 38,
            "name": "Roronoa Xoro"
        },
        {
            "id": "61565933460957",
            "count": 77,
            "name": "Nguyễn Thế Tuấn ToT"
        },
        {
            "id": "100092631893686",
            "count": 0,
            "name": "ᏮᏮᏮ ᏮᏮᏮᏮᏮ"
        },
        {
            "id": "61560179044114",
            "count": 0,
            "name": "Người dùng Facebook"
        },
        {
            "id": "61566443914751",
            "count": 0,
            "name": "Nam Lee"
        },
        {
            "id": "100076671529372",
            "count": 0,
            "name": "Người dùng Facebook"
        },
        {
            "id": "61555030993316",
            "count": 0,
            "name": "Người dùng Facebook"
        },
        {
            "id": "100087128565622",
            "count": 3,
            "name": "Tiềncóthểmất Còn Emthìkhông"
        },
        {
            "id": "100066982081378",
            "count": 2,
            "name": "Dương Nguyễn"
        },
        {
            "id": "100090200289460",
            "count": 0,
            "name": "Ken Yeuem"
        },
        {
            "id": "61554387913255",
            "count": 0,
            "name": "Hương Quỳnh"
        },
        {
            "id": "61558587233064",
            "count": 0,
            "name": "Người dùng Facebook"
        },
        {
            "id": "61565762871773",
            "count": 0,
            "name": "Người dùng Facebook"
        },
        {
            "id": "61567259396684",
            "count": 0,
            "name": "Người dùng Facebook"
        },
        {
            "id": "61557876557356",
            "count": 0,
            "name": "Pham Thanh Tung"
        },
        {
            "id": "100001113278043",
            "count": 1,
            "name": "Phương Huyền"
        },
        {
            "id": "100084513053653",
            "count": 0,
            "name": "Quoc Bảoo"
        },
        {
            "id": "100039201377129",
            "count": 3,
            "name": "Azigg Twn"
        },
        {
            "id": "100016902993981",
            "count": 0,
            "name": "Người dùng Facebook"
        },
        {
            "id": "1193456508",
            "count": 6,
            "name": "Tuấn Nè"
        },
        {
            "id": "100091247268927",
            "count": 3,
            "name": "ィTuấn Nè キᚙ"
        },
        {
            "id": "61567459466774",
            "count": 0,
            "name": "Khanhkomot Nguyen"
        },
        {
            "id": "68126864",
            "count": 8,
            "name": "Ng Viet Hoang"
        },
        {
            "id": "61567271426689",
            "count": 0,
            "name": "Người dùng Facebook"
        },
        {
            "id": "100008306777831",
            "count": 0,
            "name": "Albert Bielak"
        },
        {
            "id": "61555712670336",
            "count": 22,
            "name": "Nguyễn Việt Hoàng"
        },
        {
            "id": "100077340322638",
            "count": 0,
            "name": "Joshing Joshua"
        },
        {
            "id": "61558117404405",
            "count": 1,
            "name": "Vu Dinh"
        },
        {
            "id": "61556010612021",
            "count": 0,
            "name": "Ank Là Minh Hoàng"
        },
        {
            "id": "61566431324194",
            "count": 43,
            "name": "メ Kiên"
        },
        {
            "id": "61567506869039",
            "count": 0,
            "name": "Ly Khánh"
        },
        {
            "id": "100077018405888",
            "count": 0,
            "name": "Người dùng Facebook"
        },
        {
            "id": "61567772992787",
            "count": 0,
            "name": "Anshi Rajput"
        },
        {
            "id": "61567375086993",
            "count": 0,
            "name": "Van Nguyen Hottreo"
        },
        {
            "id": "61566507296411",
            "count": 0,
            "name": "Trai Dp Nam Ki"
        },
        {
            "id": "100083076954620",
            "count": 0,
            "name": "Anshika Rajput"
        },
        {
            "id": "100080922802311",
            "count": 0,
            "name": "Mai Đình Tú"
        },
        {
            "id": "61567003456656",
            "count": 0,
            "name": "ヽꜤ.Bꪮȶׂ 廴 ᦗ"
        },
        {
            "id": "61567382943864",
            "count": 0,
            "name": "Ew'r Ayesha"
        },
        {
            "id": "61564884756626",
            "count": 10,
            "name": "Đình Vũ"
        },
        {
            "id": "61567114092593",
            "count": 0,
            "name": "Người dùng Facebook"
        },
        {
            "id": "61566551876210",
            "count": 0,
            "name": "Người dùng Facebook"
        },
        {
            "id": "61568161858282",
            "count": 2,
            "name": "Bug Ki Dí Dỏm"
        },
        {
            "id": "100095379821033",
            "count": 0,
            "name": "Hoàng Tử Ếch"
        },
        {
            "id": "100084035917282",
            "count": 0,
            "name": "Ken Yeuem"
        },
        {
            "id": "61567009047894",
            "count": 1
        },
        {
            "id": "100089033040313",
            "count": 2
        },
        {
            "id": "61554539600457",
            "count": 47
        }
    ],
    "day": [
        {
            "id": "100051451965796",
            "count": 0,
            "name": "Nguyen Hoang Hiep"
        },
        {
            "id": "100075185498345",
            "count": 0,
            "name": " Nguyễn Đức Hậu 💤 🐼"
        },
        {
            "id": "100085073240621",
            "count": 25,
            "name": "Dang Gia Khanh"
        },
        {
            "id": "100026066957350",
            "count": 0,
            "name": "Nguyen Hiep"
        },
        {
            "id": "100023434451963",
            "count": 0,
            "name": "Cao Ngọc Hiếu"
        },
        {
            "id": "61560695497242",
            "count": 0,
            "name": "Người dùng Facebook"
        },
        {
            "id": "100089494792922",
            "count": 0,
            "name": "Người dùng Facebook"
        },
        {
            "id": "61559110839419",
            "count": 0,
            "name": "Pun Xinh"
        },
        {
            "id": "61560315025197",
            "count": 0,
            "name": "Phước Lộc"
        },
        {
            "id": "100074224563535",
            "count": 0,
            "name": "Bui Cong Duc"
        },
        {
            "id": "100077026869574",
            "count": 0,
            "name": "Người dùng Facebook"
        },
        {
            "id": "61550992642482",
            "count": 0,
            "name": "Thanh Thanh"
        },
        {
            "id": "100093051642489",
            "count": 0,
            "name": "Đỗ Hải Phong"
        },
        {
            "id": "100030259834679",
            "count": 0,
            "name": "𝐀𝐧𝐡 𝐐𝐮𝐲́ 𓆉"
        },
        {
            "id": "61562439355061",
            "count": 0,
            "name": "Người dùng Facebook"
        },
        {
            "id": "100055154154050",
            "count": 0,
            "name": "Võ N-đăng"
        },
        {
            "id": "61562377964092",
            "count": 0,
            "name": "kem ᗢ 丨kemcute.com"
        },
        {
            "id": "61562206563697",
            "count": 0,
            "name": "ᏎᏎᏎ ᏎᏎᏎ"
        },
        {
            "id": "61560392341264",
            "count": 0,
            "name": "Ken Yeuem"
        },
        {
            "id": "100088577864287",
            "count": 0,
            "name": "Như Quỳnh"
        },
        {
            "id": "61561362279600",
            "count": 0,
            "name": "Rozjx Virky"
        },
        {
            "id": "100040771546846",
            "count": 0,
            "name": "Nguyễn Tất Khánh"
        },
        {
            "id": "61562716052902",
            "count": 0,
            "name": "O.o T.T O.o T.T O.o T.T O.o T.T O.o T.T O.o T.T O.o T.T O.o T.T O.o T.T O.o T.T O.o T.T O.o T.T O.o T.T O.o T.T O.o T.T O.o T.T O.o T.T O.o T.T O.o T.T O.o T.T O.o T.T O.o T.T O.o T.T O.o T.T O.o T.T O.o T.T O.o T.T O.o T.T O.o T.T O.o T.T O.o T.T O.o T.T O.o T.T O.o T.T O.o T.T O.o T.T O.o T.T O.o T.T O.o T.T O.o T.T O.o T.T O.o T.T O.o T.T O.o T.T O.o T.T O.o T.T O.o T.T"
        },
        {
            "id": "100067949241847",
            "count": 0,
            "name": "Trần Thiên Nhi"
        },
        {
            "id": "61563482745923",
            "count": 0,
            "name": "Anh Em Minh Triết Hot Nhây 2024 Tới Hủy Diệt Lũ Đú Nè"
        },
        {
            "id": "1411364609",
            "count": 0,
            "name": "Người dùng Facebook"
        },
        {
            "id": "61555924809893",
            "count": 0,
            "name": "Người dùng Facebook"
        },
        {
            "id": "100080170699114",
            "count": 0,
            "name": "Khoa Ạnn"
        },
        {
            "id": "100007029229274",
            "count": 0,
            "name": "Ngoc Thai"
        },
        {
            "id": "100004752336149",
            "count": 0,
            "name": "Người dùng Facebook"
        },
        {
            "id": "502275138",
            "count": 36,
            "name": "Phạm Minh Đồng"
        },
        {
            "id": "61561734688323",
            "count": 0,
            "name": "Pham Duc Son"
        },
        {
            "id": "61564934962756",
            "count": 0,
            "name": "Có Cái Con Cặk"
        },
        {
            "id": "1053703548",
            "count": 0,
            "name": "Hoàng Luân"
        },
        {
            "id": "100075351078458",
            "count": 0,
            "name": "ʬʬNg Huy Hoangʬʬ LUC　ANH　BUON　ANH　HOA　THANH　TRICKER　HOC　TRICK　LO　BEM　NHUNG　THANG　NOI　YEU　EM　LUC　ANH　RANH　ANH　LAM　AC　WUY　QUI　PHAI　SAU　CHIA　TAY　ANH　THANH　CAY　MAY　CHEM　ANH　NOI　DAY　HOA　THANH　NHA　LAM　THO　ANH　YEU　EM　KHONG　HE　NOI　PHET　TINH　CHUNG　MINH　CANG　DET　NHU　PHIM　SEX　KHONG　CHE　HACKER　BAT　TU　YEUW　EM　MOI　VU　TRU　ANH　HUY　HOANG　CHI　YEU　MINH　EM　THOI - JR"
        },
        {
            "id": "61564654529860",
            "count": 0,
            "name": "Văn Huyy"
        },
        {
            "id": "100015080401079",
            "count": 0,
            "name": "Vũ Hoàng Ngọc"
        },
        {
            "id": "61556666968083",
            "count": 0,
            "name": "Người dùng Facebook"
        },
        {
            "id": "100030236827904",
            "count": 0,
            "name": "Nghiện Mai Toé"
        },
        {
            "id": "100076900489677",
            "count": 0,
            "name": "Lê Yến Nhi"
        },
        {
            "id": "61564916063556",
            "count": 0,
            "name": "Anh　là　nguyễn Huy　hoàngg"
        },
        {
            "id": "61565293202688",
            "count": 0,
            "name": "Ank La Cripz "
        },
        {
            "id": "61565027440913",
            "count": 0,
            "name": "Romaleno Elena"
        },
        {
            "id": "61564987902571",
            "count": 0,
            "name": "Ank La Cripz "
        },
        {
            "id": "1270787329",
            "count": 0,
            "name": "Ngân Quỳnh Hoa"
        },
        {
            "id": "100092744481406",
            "count": 0,
            "name": "Ng Huy"
        },
        {
            "id": "61564333073018",
            "count": 0,
            "name": "Ah K Thích"
        },
        {
            "id": "61555015060828",
            "count": 0,
            "name": "ʬʬkhzit Dzʬʬ"
        },
        {
            "id": "100041429932269",
            "count": 0,
            "name": "Người dùng Facebook"
        },
        {
            "id": "61557933827535",
            "count": 0,
            "name": "Bào Gia"
        },
        {
            "id": "100080101487002",
            "count": 0,
            "name": "Mẫn Nhi"
        },
        {
            "id": "61565797371733",
            "count": 0,
            "name": "Trần Minh Triết"
        },
        {
            "id": "61557447626439",
            "count": 0,
            "name": "Trần Ngọc Tú"
        },
        {
            "id": "61562389486755",
            "count": 0,
            "name": "Trần Ngọc Tú"
        },
        {
            "id": "61565668744358",
            "count": 0,
            "name": "Trần Minh Triết"
        },
        {
            "id": "61565496582725",
            "count": 0,
            "name": "Người dùng Facebook"
        },
        {
            "id": "61565353993683",
            "count": 0,
            "name": "Người dùng Facebook"
        },
        {
            "id": "61563984641001",
            "count": 0,
            "name": "Võ Chí Công"
        },
        {
            "id": "1631016269",
            "count": 2,
            "name": "Phạm Minh Đồng"
        },
        {
            "id": "100074492260498",
            "count": 0,
            "name": "An Thit Parky"
        },
        {
            "id": "61560185296494",
            "count": 0,
            "name": "ʬʬViet Hoangʬʬ Tot"
        },
        {
            "id": "100076210095967",
            "count": 0,
            "name": "Thị Nhưng"
        },
        {
            "id": "100001582801337",
            "count": 0,
            "name": "Ey　Yêu　Em　Cả　Một　Hành　Trình　 Ngày　Em　Đi　Sao　Lệ　Hoen　Mi　 Trái　Tim　Anh　Như　Bị　Hành　Hình"
        },
        {
            "id": "100002896167413",
            "count": 0,
            "name": "Hạnh　Phúc　Có　Thể　Bỏ　Rơi　Anh　 Nhưng Anh　Không　Bao　Giờ　Bỏ　Rơi　Em"
        },
        {
            "id": "61550962658401",
            "count": 1,
            "name": "Nguyễn Ngọc Khánh"
        },
        {
            "id": "100094715921630",
            "count": 0,
            "name": "Nguyễn Khánh"
        },
        {
            "id": "100094911711160",
            "count": 0,
            "name": "Người dùng Facebook"
        },
        {
            "id": "61565213845176",
            "count": 0,
            "name": "お　Ꞌꞌ chill　ꗯ　꩜"
        },
        {
            "id": "61566610076274",
            "count": 0,
            "name": "Nguyễn Khánh"
        },
        {
            "id": "61561530282324",
            "count": 11,
            "name": "Roronoa Xoro"
        },
        {
            "id": "61565933460957",
            "count": 0,
            "name": "Người dùng Facebook"
        },
        {
            "id": "100092631893686",
            "count": 0,
            "name": "ᏮᏮᏮ ᏮᏮᏮᏮᏮ"
        },
        {
            "id": "61560179044114",
            "count": 0,
            "name": "Người dùng Facebook"
        },
        {
            "id": "61566443914751",
            "count": 0,
            "name": "Nam Lee"
        },
        {
            "id": "100076671529372",
            "count": 0,
            "name": "Người dùng Facebook"
        },
        {
            "id": "61555030993316",
            "count": 0,
            "name": "Người dùng Facebook"
        },
        {
            "id": "100087128565622",
            "count": 0,
            "name": "Tiềncóthểmất Còn Emthìkhông"
        },
        {
            "id": "100066982081378",
            "count": 0,
            "name": "Dương Nguyễn"
        },
        {
            "id": "100090200289460",
            "count": 0,
            "name": "Ken Yeuem"
        },
        {
            "id": "61554387913255",
            "count": 0,
            "name": "Hương Quỳnh"
        },
        {
            "id": "61558587233064",
            "count": 0,
            "name": "Người dùng Facebook"
        },
        {
            "id": "61565762871773",
            "count": 0,
            "name": "Người dùng Facebook"
        },
        {
            "id": "61567259396684",
            "count": 0,
            "name": "Người dùng Facebook"
        },
        {
            "id": "61557876557356",
            "count": 0,
            "name": "Pham Thanh Tung"
        },
        {
            "id": "100001113278043",
            "count": 0,
            "name": "Phương Huyền"
        },
        {
            "id": "100084513053653",
            "count": 0,
            "name": "Quoc Bảoo"
        },
        {
            "id": "100039201377129",
            "count": 3,
            "name": "Azigg Twn"
        },
        {
            "id": "100016902993981",
            "count": 0,
            "name": "Người dùng Facebook"
        },
        {
            "id": "1193456508",
            "count": 0,
            "name": "Tuấn Nè"
        },
        {
            "id": "100091247268927",
            "count": 0,
            "name": "ィTuấn Nè キᚙ"
        },
        {
            "id": "61567459466774",
            "count": 0,
            "name": "Khanhkomot Nguyen"
        },
        {
            "id": "68126864",
            "count": 0,
            "name": "Ng Viet Hoang"
        },
        {
            "id": "61567271426689",
            "count": 0,
            "name": "Người dùng Facebook"
        },
        {
            "id": "100008306777831",
            "count": 0,
            "name": "Người dùng Facebook"
        },
        {
            "id": "61555712670336",
            "count": 0,
            "name": "Nguyễn Việt Hoàng"
        },
        {
            "id": "100077340322638",
            "count": 0,
            "name": "Joshing Joshua"
        },
        {
            "id": "61558117404405",
            "count": 0,
            "name": "Vu Dinh"
        },
        {
            "id": "61556010612021",
            "count": 0,
            "name": "Ank Là Minh Hoàng"
        },
        {
            "id": "61566431324194",
            "count": 37,
            "name": "メ Kiên"
        },
        {
            "id": "61567506869039",
            "count": 0,
            "name": "Ly Khánh"
        },
        {
            "id": "100077018405888",
            "count": 0,
            "name": "Cậu Ba"
        },
        {
            "id": "61567772992787",
            "count": 0,
            "name": "Anshi Rajput"
        },
        {
            "id": "61567375086993",
            "count": 0,
            "name": "Van Nguyen Hottreo"
        },
        {
            "id": "61566507296411",
            "count": 0,
            "name": "Trai Dp Nam Ki"
        },
        {
            "id": "100083076954620",
            "count": 0,
            "name": "Người dùng Facebook"
        },
        {
            "id": "100080922802311",
            "count": 0,
            "name": "Mai Đình Tú"
        },
        {
            "id": "61567003456656",
            "count": 0,
            "name": "ヽꜤ.Bꪮȶׂ 廴 ᦗ"
        },
        {
            "id": "61567382943864",
            "count": 0,
            "name": "Ew'r Ayesha"
        },
        {
            "id": "61564884756626",
            "count": 0,
            "name": "Người dùng Facebook"
        },
        {
            "id": "61567114092593",
            "count": 0,
            "name": "Người dùng Facebook"
        },
        {
            "id": "61566551876210",
            "count": 0,
            "name": "Người dùng Facebook"
        },
        {
            "id": "61568161858282",
            "count": 0,
            "name": "Người dùng Facebook"
        },
        {
            "id": "100095379821033",
            "count": 0,
            "name": "Hoàng Tử Ếch"
        },
        {
            "id": "100084035917282",
            "count": 0,
            "name": "Ken Yeuem"
        },
        {
            "id": "61567009047894",
            "count": 0,
            "name": "Nguyễn Thế Tuấn ToT"
        },
        {
            "id": "100089033040313",
            "count": 0,
            "name": "Nguyễn Đức Toàn"
        },
        {
            "id": "61554539600457",
            "count": 47
        }
    ],
    "time": 6,
    "last": {
        "time": 2,
        "day": [
            {
                "id": "100051451965796",
                "count": 0
            },
            {
                "id": "100075185498345",
                "count": 0
            },
            {
                "id": "100085073240621",
                "count": 0
            },
            {
                "id": "100026066957350",
                "count": 0
            },
            {
                "id": "100023434451963",
                "count": 0
            },
            {
                "id": "61553537736684",
                "count": 0
            },
            {
                "id": "61557694386770",
                "count": 0
            },
            {
                "id": "100066982081378",
                "count": 0
            },
            {
                "id": "61560695497242",
                "count": 0
            },
            {
                "id": "100089494792922",
                "count": 0
            },
            {
                "id": "61553998834978",
                "count": 0
            },
            {
                "id": "61559110839419",
                "count": 0
            },
            {
                "id": "61560315025197",
                "count": 0
            },
            {
                "id": "100076354464928",
                "count": 0
            },
            {
                "id": "100074224563535",
                "count": 0
            },
            {
                "id": "100077026869574",
                "count": 0
            },
            {
                "id": "61550992642482",
                "count": 0
            },
            {
                "id": "100093051642489",
                "count": 0
            },
            {
                "id": "100047870110891",
                "count": 0
            },
            {
                "id": "100030259834679",
                "count": 0
            },
            {
                "id": "61562439355061",
                "count": 0
            },
            {
                "id": "100055154154050",
                "count": 0
            },
            {
                "id": "61562377964092",
                "count": 0
            },
            {
                "id": "61562206563697",
                "count": 0
            },
            {
                "id": "100084035917282",
                "count": 0
            },
            {
                "id": "61560392341264",
                "count": 0
            },
            {
                "id": "100088577864287",
                "count": 0
            },
            {
                "id": "61561362279600",
                "count": 0
            },
            {
                "id": "61563211066462",
                "count": 0
            },
            {
                "id": "100040771546846",
                "count": 0
            },
            {
                "id": "61562716052902",
                "count": 0
            },
            {
                "id": "100067949241847",
                "count": 0
            },
            {
                "id": "61563482745923",
                "count": 0
            },
            {
                "id": "1411364609",
                "count": 0
            },
            {
                "id": "61555924809893",
                "count": 0
            },
            {
                "id": "100080170699114",
                "count": 0
            },
            {
                "id": "61559948472835",
                "count": 0
            },
            {
                "id": "100007029229274",
                "count": 0
            },
            {
                "id": "100004752336149",
                "count": 0
            },
            {
                "id": "502275138",
                "count": 0
            },
            {
                "id": "61561734688323",
                "count": 0
            },
            {
                "id": "61564934962756",
                "count": 0
            },
            {
                "id": "1053703548",
                "count": 0
            },
            {
                "id": "100075351078458",
                "count": 0
            },
            {
                "id": "61564654529860",
                "count": 0
            },
            {
                "id": "100015080401079",
                "count": 0
            },
            {
                "id": "100087128565622",
                "count": 0
            },
            {
                "id": "61556666968083",
                "count": 0
            },
            {
                "id": "61565354610442",
                "count": 0
            },
            {
                "id": "100030236827904",
                "count": 0
            },
            {
                "id": "100076900489677",
                "count": 0
            },
            {
                "id": "61564916063556",
                "count": 0
            },
            {
                "id": "61565293202688",
                "count": 0
            },
            {
                "id": "61565027440913",
                "count": 0
            },
            {
                "id": "61564987902571",
                "count": 0
            },
            {
                "id": "1270787329",
                "count": 0
            },
            {
                "id": "100092744481406",
                "count": 0
            },
            {
                "id": "61564333073018",
                "count": 0
            },
            {
                "id": "61555015060828",
                "count": 0
            },
            {
                "id": "100039091188319",
                "count": 0
            },
            {
                "id": "100041429932269",
                "count": 0
            },
            {
                "id": "61557933827535",
                "count": 0
            },
            {
                "id": "100080101487002",
                "count": 0
            },
            {
                "id": "61565797371733",
                "count": 0
            },
            {
                "id": "61557447626439",
                "count": 0
            },
            {
                "id": "61562389486755",
                "count": 0
            },
            {
                "id": "61565668744358",
                "count": 0
            },
            {
                "id": "61565496582725",
                "count": 0
            },
            {
                "id": "61565353993683",
                "count": 0
            },
            {
                "id": "61564918212716",
                "count": 0
            },
            {
                "id": "61563984641001",
                "count": 0
            },
            {
                "id": "61556894156849",
                "count": 0
            },
            {
                "id": "1631016269",
                "count": 0
            },
            {
                "id": "100074492260498",
                "count": 0
            },
            {
                "id": "61560185296494",
                "count": 0
            },
            {
                "id": "100076210095967",
                "count": 0
            },
            {
                "id": "100001582801337",
                "count": 0
            },
            {
                "id": "100002896167413",
                "count": 0
            },
            {
                "id": "1367275934",
                "count": 0
            },
            {
                "id": "61550962658401",
                "count": 0
            },
            {
                "id": "1678083193",
                "count": 0
            },
            {
                "id": "61553349840198",
                "count": 0
            },
            {
                "id": "61553203100073",
                "count": 0
            },
            {
                "id": "100094715921630",
                "count": 0
            },
            {
                "id": "100094911711160",
                "count": 0
            },
            {
                "id": "61565213845176",
                "count": 0
            },
            {
                "id": "61566610076274",
                "count": 0
            },
            {
                "id": "61561530282324",
                "count": 0
            },
            {
                "id": "100077018405888",
                "count": 0
            },
            {
                "id": "61565933460957",
                "count": 0
            },
            {
                "id": "100092631893686",
                "count": 0
            },
            {
                "id": "61560179044114",
                "count": 0
            },
            {
                "id": "61566443914751",
                "count": 0
            },
            {
                "id": "61558117404405",
                "count": 0
            },
            {
                "id": "100076671529372",
                "count": 0
            },
            {
                "id": "61555030993316",
                "count": 0
            },
            {
                "id": "61560178637385",
                "count": 0
            },
            {
                "id": "61565519032004",
                "count": 0
            },
            {
                "id": "61563620540709",
                "count": 0
            },
            {
                "id": "100090200289460",
                "count": 0
            },
            {
                "id": "61554387913255",
                "count": 0
            },
            {
                "id": "61562489366781",
                "count": 0
            },
            {
                "id": "100013705300254",
                "count": 0
            },
            {
                "id": "61560627104119",
                "count": 0
            },
            {
                "id": "61558587233064",
                "count": 0
            },
            {
                "id": "61565762871773",
                "count": 0
            },
            {
                "id": "61567259396684",
                "count": 0
            },
            {
                "id": "61557876557356",
                "count": 0
            },
            {
                "id": "100001113278043",
                "count": 0
            },
            {
                "id": "100084513053653",
                "count": 0
            },
            {
                "id": "100039201377129",
                "count": 0
            },
            {
                "id": "100016902993981",
                "count": 0
            },
            {
                "id": "1193456508",
                "count": 0
            },
            {
                "id": "100091247268927",
                "count": 0
            },
            {
                "id": "61567459466774",
                "count": 0
            },
            {
                "id": "68126864",
                "count": 0
            },
            {
                "id": "61567271426689",
                "count": 0
            },
            {
                "id": "100048762090550",
                "count": 0
            },
            {
                "id": "100008306777831",
                "count": 0
            },
            {
                "id": "61555712670336",
                "count": 0
            },
            {
                "id": "100077340322638",
                "count": 0
            },
            {
                "id": "61556010612021",
                "count": 0
            },
            {
                "id": "61566431324194",
                "count": 0
            },
            {
                "id": "61567506869039",
                "count": 0
            },
            {
                "id": "100065541576996",
                "count": 0
            },
            {
                "id": "61567772992787",
                "count": 0
            },
            {
                "id": "61567375086993",
                "count": 0
            },
            {
                "id": "61566507296411",
                "count": 0
            },
            {
                "id": "100083076954620",
                "count": 0
            },
            {
                "id": "100050188775013",
                "count": 0
            },
            {
                "id": "100080922802311",
                "count": 0
            },
            {
                "id": "61567382943864",
                "count": 0
            },
            {
                "id": "61567003456656",
                "count": 0
            },
            {
                "id": "61564884756626",
                "count": 0
            },
            {
                "id": "61567114092593",
                "count": 0
            },
            {
                "id": "61566551876210",
                "count": 0
            },
            {
                "id": "100095379821033",
                "count": 0
            },
            {
                "id": "61568161858282",
                "count": 0
            },
            {
                "id": "61567009047894",
                "count": 0
            },
            {
                "id": "100089033040313",
                "count": 0
            },
            {
                "id": "61567896815255",
                "count": 0
            },
            {
                "id": "61554539600457",
                "count": 0
            }
        ],
        "week": [
            {
                "id": "100051451965796",
                "count": 0
            },
            {
                "id": "100075185498345",
                "count": 0
            },
            {
                "id": "100085073240621",
                "count": 0
            },
            {
                "id": "100026066957350",
                "count": 0
            },
            {
                "id": "100023434451963",
                "count": 0
            },
            {
                "id": "61553537736684",
                "count": 0
            },
            {
                "id": "61557694386770",
                "count": 0
            },
            {
                "id": "100066982081378",
                "count": 0
            },
            {
                "id": "61560695497242",
                "count": 0
            },
            {
                "id": "100089494792922",
                "count": 0
            },
            {
                "id": "61553998834978",
                "count": 0
            },
            {
                "id": "61559110839419",
                "count": 0
            },
            {
                "id": "61560315025197",
                "count": 0
            },
            {
                "id": "100076354464928",
                "count": 0
            },
            {
                "id": "100074224563535",
                "count": 0
            },
            {
                "id": "100077026869574",
                "count": 0
            },
            {
                "id": "61550992642482",
                "count": 0
            },
            {
                "id": "100093051642489",
                "count": 0
            },
            {
                "id": "100047870110891",
                "count": 0
            },
            {
                "id": "100030259834679",
                "count": 0
            },
            {
                "id": "61562439355061",
                "count": 0
            },
            {
                "id": "100055154154050",
                "count": 0
            },
            {
                "id": "61562377964092",
                "count": 0
            },
            {
                "id": "61562206563697",
                "count": 0
            },
            {
                "id": "100084035917282",
                "count": 0
            },
            {
                "id": "61560392341264",
                "count": 0
            },
            {
                "id": "100088577864287",
                "count": 0
            },
            {
                "id": "61561362279600",
                "count": 0
            },
            {
                "id": "61563211066462",
                "count": 0
            },
            {
                "id": "100040771546846",
                "count": 0
            },
            {
                "id": "61562716052902",
                "count": 0
            },
            {
                "id": "100067949241847",
                "count": 0
            },
            {
                "id": "61563482745923",
                "count": 0
            },
            {
                "id": "1411364609",
                "count": 0
            },
            {
                "id": "61555924809893",
                "count": 0
            },
            {
                "id": "100080170699114",
                "count": 0
            },
            {
                "id": "61559948472835",
                "count": 0
            },
            {
                "id": "100007029229274",
                "count": 0
            },
            {
                "id": "100004752336149",
                "count": 0
            },
            {
                "id": "502275138",
                "count": 0
            },
            {
                "id": "61561734688323",
                "count": 0
            },
            {
                "id": "61564934962756",
                "count": 0
            },
            {
                "id": "1053703548",
                "count": 0
            },
            {
                "id": "100075351078458",
                "count": 0
            },
            {
                "id": "61564654529860",
                "count": 0
            },
            {
                "id": "100015080401079",
                "count": 0
            },
            {
                "id": "100087128565622",
                "count": 0
            },
            {
                "id": "61556666968083",
                "count": 0
            },
            {
                "id": "61565354610442",
                "count": 0
            },
            {
                "id": "100030236827904",
                "count": 0
            },
            {
                "id": "100076900489677",
                "count": 0
            },
            {
                "id": "61564916063556",
                "count": 0
            },
            {
                "id": "61565293202688",
                "count": 0
            },
            {
                "id": "61565027440913",
                "count": 0
            },
            {
                "id": "61564987902571",
                "count": 0
            },
            {
                "id": "1270787329",
                "count": 0
            },
            {
                "id": "100092744481406",
                "count": 0
            },
            {
                "id": "61564333073018",
                "count": 0
            },
            {
                "id": "61555015060828",
                "count": 0
            },
            {
                "id": "100039091188319",
                "count": 0
            },
            {
                "id": "100041429932269",
                "count": 0
            },
            {
                "id": "61557933827535",
                "count": 0
            },
            {
                "id": "100080101487002",
                "count": 0
            },
            {
                "id": "61565797371733",
                "count": 0
            },
            {
                "id": "61557447626439",
                "count": 0
            },
            {
                "id": "61562389486755",
                "count": 0
            },
            {
                "id": "61565668744358",
                "count": 0
            },
            {
                "id": "61565496582725",
                "count": 0
            },
            {
                "id": "61565353993683",
                "count": 0
            },
            {
                "id": "61564918212716",
                "count": 0
            },
            {
                "id": "61563984641001",
                "count": 0
            },
            {
                "id": "61556894156849",
                "count": 0
            },
            {
                "id": "1631016269",
                "count": 0
            },
            {
                "id": "100074492260498",
                "count": 0
            },
            {
                "id": "61560185296494",
                "count": 0
            },
            {
                "id": "100076210095967",
                "count": 0
            },
            {
                "id": "100001582801337",
                "count": 0
            },
            {
                "id": "100002896167413",
                "count": 0
            },
            {
                "id": "1367275934",
                "count": 0
            },
            {
                "id": "61550962658401",
                "count": 0
            },
            {
                "id": "1678083193",
                "count": 0
            },
            {
                "id": "61553349840198",
                "count": 0
            },
            {
                "id": "61553203100073",
                "count": 0
            },
            {
                "id": "100094715921630",
                "count": 0
            },
            {
                "id": "100094911711160",
                "count": 0
            },
            {
                "id": "61565213845176",
                "count": 0
            },
            {
                "id": "61566610076274",
                "count": 0
            },
            {
                "id": "61561530282324",
                "count": 0
            },
            {
                "id": "100077018405888",
                "count": 0
            },
            {
                "id": "61565933460957",
                "count": 0
            },
            {
                "id": "100092631893686",
                "count": 0
            },
            {
                "id": "61560179044114",
                "count": 0
            },
            {
                "id": "61566443914751",
                "count": 0
            },
            {
                "id": "61558117404405",
                "count": 0
            },
            {
                "id": "100076671529372",
                "count": 0
            },
            {
                "id": "61555030993316",
                "count": 0
            },
            {
                "id": "61560178637385",
                "count": 0
            },
            {
                "id": "61565519032004",
                "count": 0
            },
            {
                "id": "61563620540709",
                "count": 0
            },
            {
                "id": "100090200289460",
                "count": 0
            },
            {
                "id": "61554387913255",
                "count": 0
            },
            {
                "id": "61562489366781",
                "count": 0
            },
            {
                "id": "100013705300254",
                "count": 0
            },
            {
                "id": "61560627104119",
                "count": 0
            },
            {
                "id": "61558587233064",
                "count": 0
            },
            {
                "id": "61565762871773",
                "count": 0
            },
            {
                "id": "61567259396684",
                "count": 0
            },
            {
                "id": "61557876557356",
                "count": 0
            },
            {
                "id": "100001113278043",
                "count": 0
            },
            {
                "id": "100084513053653",
                "count": 0
            },
            {
                "id": "100039201377129",
                "count": 0
            },
            {
                "id": "100016902993981",
                "count": 0
            },
            {
                "id": "1193456508",
                "count": 0
            },
            {
                "id": "100091247268927",
                "count": 0
            },
            {
                "id": "61567459466774",
                "count": 0
            },
            {
                "id": "68126864",
                "count": 0
            },
            {
                "id": "61567271426689",
                "count": 0
            },
            {
                "id": "100048762090550",
                "count": 0
            },
            {
                "id": "100008306777831",
                "count": 0
            },
            {
                "id": "61555712670336",
                "count": 0
            },
            {
                "id": "100077340322638",
                "count": 0
            },
            {
                "id": "61556010612021",
                "count": 0
            },
            {
                "id": "61566431324194",
                "count": 0
            },
            {
                "id": "61567506869039",
                "count": 0
            },
            {
                "id": "100065541576996",
                "count": 0
            },
            {
                "id": "61567772992787",
                "count": 0
            },
            {
                "id": "61567375086993",
                "count": 0
            },
            {
                "id": "61566507296411",
                "count": 0
            },
            {
                "id": "100083076954620",
                "count": 0
            },
            {
                "id": "100050188775013",
                "count": 0
            },
            {
                "id": "100080922802311",
                "count": 0
            },
            {
                "id": "61567382943864",
                "count": 0
            },
            {
                "id": "61567003456656",
                "count": 0
            },
            {
                "id": "61564884756626",
                "count": 0
            },
            {
                "id": "61567114092593",
                "count": 0
            },
            {
                "id": "61566551876210",
                "count": 0
            },
            {
                "id": "100095379821033",
                "count": 0
            },
            {
                "id": "61568161858282",
                "count": 0
            },
            {
                "id": "61567009047894",
                "count": 0
            },
            {
                "id": "100089033040313",
                "count": 0
            },
            {
                "id": "61567896815255",
                "count": 0
            },
            {
                "id": "61554539600457",
                "count": 0
            }
        ]
    }
}