{
    "total": [
        {
            "id": "100033425334055",
            "count": 0
        },
        {
            "id": "100080535682998",
            "count": 0
        },
        {
            "id": "100021429795290",
            "count": 45
        },
        {
            "id": "100040542224086",
            "count": 0
        },
        {
            "id": "100077377981806",
            "count": 0
        },
        {
            "id": "100034121416076",
            "count": 9
        },
        {
            "id": "100077426102795",
            "count": 0
        },
        {
            "id": "100057942794427",
            "count": 0
        },
        {
            "id": "100087193837553",
            "count": 0
        },
        {
            "id": "100068612934534",
            "count": 3
        },
        {
            "id": "100092629868553",
            "count": 27
        },
        {
            "id": "100046760033401",
            "count": 0
        },
        {
            "id": "100074108690169",
            "count": 0
        },
        {
            "id": "61562289749067",
            "count": 0
        },
        {
            "id": "61564879852884",
            "count": 0
        },
        {
            "id": "100027002903252",
            "count": 0
        },
        {
            "id": "61562297775573",
            "count": 0
        },
        {
            "id": "61559407241172",
            "count": 0
        },
        {
            "id": "100079193190730",
            "count": 0
        },
        {
            "id": "61550478214205",
            "count": 0
        },
        {
            "id": "100032278890853",
            "count": 0
        },
        {
            "id": "100015696420754",
            "count": 0
        },
        {
            "id": "100094632910923",
            "count": 20
        },
        {
            "id": "100079932802908",
            "count": 0
        },
        {
            "id": "100032253373259",
            "count": 14
        },
        {
            "id": "100035200203714",
            "count": 0
        },
        {
            "id": "100068924003981",
            "count": 0
        },
        {
            "id": "100073742626640",
            "count": 0
        },
        {
            "id": "100009260571796",
            "count": 0
        },
        {
            "id": "100054619796210",
            "count": 0
        },
        {
            "id": "100095425306290",
            "count": 0
        },
        {
            "id": "100090871991792",
            "count": 0
        },
        {
            "id": "100063599924513",
            "count": 0
        },
        {
            "id": "61551706954389",
            "count": 0
        },
        {
            "id": "61553617003461",
            "count": 0
        },
        {
            "id": "100082599902138",
            "count": 0
        },
        {
            "id": "100085213902916",
            "count": 0
        },
        {
            "id": "100039411192720",
            "count": 4
        },
        {
            "id": "61556243241464",
            "count": 0
        },
        {
            "id": "61557359712704",
            "count": 0
        },
        {
            "id": "61558093948069",
            "count": 1
        },
        {
            "id": "100039055006412",
            "count": 0
        },
        {
            "id": "100047368832134",
            "count": 0
        },
        {
            "id": "61560798126245",
            "count": 0
        },
        {
            "id": "61566053129466",
            "count": 0
        },
        {
            "id": "100003927143372",
            "count": 0
        },
        {
            "id": "100068917115958",
            "count": 0
        },
        {
            "id": "100004350284248",
            "count": 0
        },
        {
            "id": "61551903957079",
            "count": 2
        },
        {
            "id": "100055115345722",
            "count": 0
        },
        {
            "id": "61557445522655",
            "count": 10
        },
        {
            "id": "100080720172667",
            "count": 0
        },
        {
            "id": "100075659291180",
            "count": 0
        },
        {
            "id": "100063624309001",
            "count": 0
        },
        {
            "id": "100049072159389",
            "count": 0
        },
        {
            "id": "61564954605045",
            "count": 0
        },
        {
            "id": "100015951547752",
            "count": 0
        },
        {
            "id": "100033749583787",
            "count": 0
        },
        {
            "id": "100086925377502",
            "count": 0
        },
        {
            "id": "61555669401165",
            "count": 3
        },
        {
            "id": "100087012752451",
            "count": 0
        },
        {
            "id": "61562076299806",
            "count": 0
        },
        {
            "id": "100087157105680",
            "count": 1
        },
        {
            "id": "100075474153395",
            "count": 0
        },
        {
            "id": "100083139218497",
            "count": 11
        },
        {
            "id": "61559079650241",
            "count": 20
        },
        {
            "id": "100048066348306",
            "count": 2
        },
        {
            "id": "61561530282324",
            "count": 72
        },
        {
            "id": "100001113278043",
            "count": 0
        },
        {
            "id": "61564791252019",
            "count": 2
        },
        {
            "id": "100013059307791",
            "count": 4
        }
    ],
    "week": [
        {
            "id": "100033425334055",
            "count": 0,
            "name": "Hao Tran"
        },
        {
            "id": "100080535682998",
            "count": 0,
            "name": "Ngọc Hà"
        },
        {
            "id": "100021429795290",
            "count": 0,
            "name": "Nguyễn Hồng Sơn"
        },
        {
            "id": "100040542224086",
            "count": 0,
            "name": "Ah Quân"
        },
        {
            "id": "100077377981806",
            "count": 0,
            "name": "Trần Nhật Bảo"
        },
        {
            "id": "100034121416076",
            "count": 0,
            "name": "Nguyễn Thành Tây"
        },
        {
            "id": "100077426102795",
            "count": 0,
            "name": "Xuyến Xuyến"
        },
        {
            "id": "100057942794427",
            "count": 0,
            "name": "Hải Uyên"
        },
        {
            "id": "100087193837553",
            "count": 0,
            "name": "Zem Cưng"
        },
        {
            "id": "100068612934534",
            "count": 0,
            "name": "Huy ꪜ"
        },
        {
            "id": "100092629868553",
            "count": 0,
            "name": "Ngọc Trang"
        },
        {
            "id": "100046760033401",
            "count": 0,
            "name": "Hoang Le"
        },
        {
            "id": "100074108690169",
            "count": 0,
            "name": "Ngọc Thương"
        },
        {
            "id": "61562289749067",
            "count": 0,
            "name": "Junior Trần"
        },
        {
            "id": "61564879852884",
            "count": 0,
            "name": "Thu Trang"
        },
        {
            "id": "100027002903252",
            "count": 0,
            "name": "Bé Nhy"
        },
        {
            "id": "61562297775573",
            "count": 0,
            "name": "Trà Đào Xí Muội"
        },
        {
            "id": "61559407241172",
            "count": 0,
            "name": "Phương Nhi"
        },
        {
            "id": "100079193190730",
            "count": 0,
            "name": "Nguyễn Hoàng Sang"
        },
        {
            "id": "61550478214205",
            "count": 0,
            "name": "Vũ Văn Chiến"
        },
        {
            "id": "100032278890853",
            "count": 0,
            "name": "Trần Lê Hải Yến"
        },
        {
            "id": "100015696420754",
            "count": 0,
            "name": "Trương Lam Nhi"
        },
        {
            "id": "100094632910923",
            "count": 0,
            "name": "Nhi Lê"
        },
        {
            "id": "100079932802908",
            "count": 0,
            "name": "Phương Thảo"
        },
        {
            "id": "100032253373259",
            "count": 0,
            "name": "Haya Kunn"
        },
        {
            "id": "100035200203714",
            "count": 0,
            "name": "Nguyễn Kiệt"
        },
        {
            "id": "100068924003981",
            "count": 0,
            "name": "Đ.Ặ.N.G T.R.Â.M A.N.H"
        },
        {
            "id": "100073742626640",
            "count": 0,
            "name": "Nguyễn Minh"
        },
        {
            "id": "100009260571796",
            "count": 0,
            "name": "Hùng Uống Soju"
        },
        {
            "id": "100054619796210",
            "count": 0,
            "name": "Phương Uyên"
        },
        {
            "id": "100095425306290",
            "count": 0,
            "name": "Lam Lam"
        },
        {
            "id": "100090871991792",
            "count": 0,
            "name": "Dat Soo Sad"
        },
        {
            "id": "100063599924513",
            "count": 0,
            "name": "Hoàng Thị Lann"
        },
        {
            "id": "61551706954389",
            "count": 0,
            "name": "Nguyễn Tài"
        },
        {
            "id": "61553617003461",
            "count": 0,
            "name": "Phạm Hoàng Thiên"
        },
        {
            "id": "100082599902138",
            "count": 0,
            "name": "Hồng Điệp"
        },
        {
            "id": "100085213902916",
            "count": 0,
            "name": "Cẩm Tiênn"
        },
        {
            "id": "100039411192720",
            "count": 0,
            "name": "Nguyễn Quảng Phúc"
        },
        {
            "id": "61556243241464",
            "count": 0,
            "name": "Khanh Ngan"
        },
        {
            "id": "61557359712704",
            "count": 0,
            "name": "Nar Zaa"
        },
        {
            "id": "61558093948069",
            "count": 0,
            "name": "Nguyễn Đăng Thùy Trâm"
        },
        {
            "id": "100039055006412",
            "count": 0,
            "name": "Phong Trần"
        },
        {
            "id": "100047368832134",
            "count": 0,
            "name": "Đặng Minh Phúc"
        },
        {
            "id": "61560798126245",
            "count": 0,
            "name": "Chị Muối"
        },
        {
            "id": "61566053129466",
            "count": 0,
            "name": "Thái Hàn"
        },
        {
            "id": "100003927143372",
            "count": 0,
            "name": "Duy Triệu"
        },
        {
            "id": "100068917115958",
            "count": 0,
            "name": "Trịnh Trọng Đức"
        },
        {
            "id": "100004350284248",
            "count": 0,
            "name": "Nguyễn Huy Hoàng"
        },
        {
            "id": "61551903957079",
            "count": 0,
            "name": "Nguyễn Thắng"
        },
        {
            "id": "100055115345722",
            "count": 0,
            "name": "Hao Truong"
        },
        {
            "id": "61557445522655",
            "count": 0,
            "name": "Chu Mạnh"
        },
        {
            "id": "100080720172667",
            "count": 0,
            "name": "Lê Hoàng Mai Hương"
        },
        {
            "id": "100075659291180",
            "count": 0,
            "name": "Trang"
        },
        {
            "id": "100063624309001",
            "count": 0,
            "name": "Thu Phương"
        },
        {
            "id": "100049072159389",
            "count": 0,
            "name": "Quỳnh Như Đỗ"
        },
        {
            "id": "61564954605045",
            "count": 0,
            "name": "Nguyễn Thành Quốc"
        },
        {
            "id": "100015951547752",
            "count": 0,
            "name": "Hoàng Phong"
        },
        {
            "id": "100033749583787",
            "count": 0,
            "name": "Như Quỳnh"
        },
        {
            "id": "100086925377502",
            "count": 0,
            "name": "Cậu Bé Hay Dỗi"
        },
        {
            "id": "61555669401165",
            "count": 0,
            "name": "Khánh Linh"
        },
        {
            "id": "100087012752451",
            "count": 0,
            "name": "Hoang Devlin"
        },
        {
            "id": "61562076299806",
            "count": 0,
            "name": "Nguyễn Trung Kiên"
        },
        {
            "id": "100087157105680",
            "count": 0,
            "name": "Duy Thanh"
        },
        {
            "id": "100075474153395",
            "count": 0,
            "name": "Nguyễn Minh"
        },
        {
            "id": "100083139218497",
            "count": 0,
            "name": "Yến Phạm"
        },
        {
            "id": "61559079650241",
            "count": 0,
            "name": "Nguyễn Thanh Tùng"
        },
        {
            "id": "100048066348306",
            "count": 0,
            "name": "Trần Trí Toàn"
        },
        {
            "id": "61561530282324",
            "count": 0,
            "name": "Roronoa Xoro"
        },
        {
            "id": "100001113278043",
            "count": 0,
            "name": "Phương Huyền"
        },
        {
            "id": "61564791252019",
            "count": 0,
            "name": "Duc Chinh"
        },
        {
            "id": "100013059307791",
            "count": 0,
            "name": "Linh Lê"
        }
    ],
    "day": [
        {
            "id": "100033425334055",
            "count": 0,
            "name": "Hao Tran"
        },
        {
            "id": "100080535682998",
            "count": 0,
            "name": "Ngọc Hà"
        },
        {
            "id": "100021429795290",
            "count": 0,
            "name": "Nguyễn Hồng Sơn"
        },
        {
            "id": "100040542224086",
            "count": 0,
            "name": "Ah Quân"
        },
        {
            "id": "100077377981806",
            "count": 0,
            "name": "Trần Nhật Bảo"
        },
        {
            "id": "100034121416076",
            "count": 0,
            "name": "Nguyễn Thành Tây"
        },
        {
            "id": "100077426102795",
            "count": 0,
            "name": "Xuyến Xuyến"
        },
        {
            "id": "100057942794427",
            "count": 0,
            "name": "Hải Uyên"
        },
        {
            "id": "100087193837553",
            "count": 0,
            "name": "Zem Cưng"
        },
        {
            "id": "100068612934534",
            "count": 0,
            "name": "Huy ꪜ"
        },
        {
            "id": "100092629868553",
            "count": 0,
            "name": "Ngọc Trang"
        },
        {
            "id": "100046760033401",
            "count": 0,
            "name": "Hoang Le"
        },
        {
            "id": "100074108690169",
            "count": 0,
            "name": "Ngọc Thương"
        },
        {
            "id": "61562289749067",
            "count": 0,
            "name": "Junior Trần"
        },
        {
            "id": "61564879852884",
            "count": 0,
            "name": "Thu Trang"
        },
        {
            "id": "100027002903252",
            "count": 0,
            "name": "Bé Nhy"
        },
        {
            "id": "61562297775573",
            "count": 0,
            "name": "Trà Đào Xí Muội"
        },
        {
            "id": "61559407241172",
            "count": 0,
            "name": "Phương Nhi"
        },
        {
            "id": "100079193190730",
            "count": 0,
            "name": "Nguyễn Hoàng Sang"
        },
        {
            "id": "61550478214205",
            "count": 0,
            "name": "Vũ Văn Chiến"
        },
        {
            "id": "100032278890853",
            "count": 0,
            "name": "Trần Lê Hải Yến"
        },
        {
            "id": "100015696420754",
            "count": 0,
            "name": "Trương Lam Nhi"
        },
        {
            "id": "100094632910923",
            "count": 0,
            "name": "Nhi Lê"
        },
        {
            "id": "100079932802908",
            "count": 0,
            "name": "Phương Thảo"
        },
        {
            "id": "100032253373259",
            "count": 0,
            "name": "Haya Kunn"
        },
        {
            "id": "100035200203714",
            "count": 0,
            "name": "Nguyễn Kiệt"
        },
        {
            "id": "100068924003981",
            "count": 0,
            "name": "Đ.Ặ.N.G T.R.Â.M A.N.H"
        },
        {
            "id": "100073742626640",
            "count": 0,
            "name": "Nguyễn Minh"
        },
        {
            "id": "100009260571796",
            "count": 0,
            "name": "Hùng Uống Soju"
        },
        {
            "id": "100054619796210",
            "count": 0,
            "name": "Phương Uyên"
        },
        {
            "id": "100095425306290",
            "count": 0,
            "name": "Lam Lam"
        },
        {
            "id": "100090871991792",
            "count": 0,
            "name": "Dat Soo Sad"
        },
        {
            "id": "100063599924513",
            "count": 0,
            "name": "Hoàng Thị Lann"
        },
        {
            "id": "61551706954389",
            "count": 0,
            "name": "Nguyễn Tài"
        },
        {
            "id": "61553617003461",
            "count": 0,
            "name": "Phạm Hoàng Thiên"
        },
        {
            "id": "100082599902138",
            "count": 0,
            "name": "Hồng Điệp"
        },
        {
            "id": "100085213902916",
            "count": 0,
            "name": "Cẩm Tiênn"
        },
        {
            "id": "100039411192720",
            "count": 0,
            "name": "Nguyễn Quảng Phúc"
        },
        {
            "id": "61556243241464",
            "count": 0,
            "name": "Khanh Ngan"
        },
        {
            "id": "61557359712704",
            "count": 0,
            "name": "Nar Zaa"
        },
        {
            "id": "61558093948069",
            "count": 0,
            "name": "Nguyễn Đăng Thùy Trâm"
        },
        {
            "id": "100039055006412",
            "count": 0,
            "name": "Phong Trần"
        },
        {
            "id": "100047368832134",
            "count": 0,
            "name": "Đặng Minh Phúc"
        },
        {
            "id": "61560798126245",
            "count": 0,
            "name": "Chị Muối"
        },
        {
            "id": "61566053129466",
            "count": 0,
            "name": "Thái Hàn"
        },
        {
            "id": "100003927143372",
            "count": 0,
            "name": "Duy Triệu"
        },
        {
            "id": "100068917115958",
            "count": 0,
            "name": "Trịnh Trọng Đức"
        },
        {
            "id": "100004350284248",
            "count": 0,
            "name": "Nguyễn Huy Hoàng"
        },
        {
            "id": "61551903957079",
            "count": 0,
            "name": "Nguyễn Thắng"
        },
        {
            "id": "100055115345722",
            "count": 0,
            "name": "Hao Truong"
        },
        {
            "id": "61557445522655",
            "count": 0,
            "name": "Chu Mạnh"
        },
        {
            "id": "100080720172667",
            "count": 0,
            "name": "Lê Hoàng Mai Hương"
        },
        {
            "id": "100075659291180",
            "count": 0,
            "name": "Trang"
        },
        {
            "id": "100063624309001",
            "count": 0,
            "name": "Thu Phương"
        },
        {
            "id": "100049072159389",
            "count": 0,
            "name": "Quỳnh Như Đỗ"
        },
        {
            "id": "61564954605045",
            "count": 0,
            "name": "Nguyễn Thành Quốc"
        },
        {
            "id": "100015951547752",
            "count": 0,
            "name": "Hoàng Phong"
        },
        {
            "id": "100033749583787",
            "count": 0,
            "name": "Như Quỳnh"
        },
        {
            "id": "100086925377502",
            "count": 0,
            "name": "Cậu Bé Hay Dỗi"
        },
        {
            "id": "61555669401165",
            "count": 0,
            "name": "Khánh Linh"
        },
        {
            "id": "100087012752451",
            "count": 0,
            "name": "Hoang Devlin"
        },
        {
            "id": "61562076299806",
            "count": 0,
            "name": "Nguyễn Trung Kiên"
        },
        {
            "id": "100087157105680",
            "count": 0,
            "name": "Duy Thanh"
        },
        {
            "id": "100075474153395",
            "count": 0,
            "name": "Nguyễn Minh"
        },
        {
            "id": "100083139218497",
            "count": 0,
            "name": "Yến Phạm"
        },
        {
            "id": "61559079650241",
            "count": 0,
            "name": "Nguyễn Thanh Tùng"
        },
        {
            "id": "100048066348306",
            "count": 0,
            "name": "Trần Trí Toàn"
        },
        {
            "id": "61561530282324",
            "count": 0,
            "name": "Roronoa Xoro"
        },
        {
            "id": "100001113278043",
            "count": 0,
            "name": "Phương Huyền"
        },
        {
            "id": "61564791252019",
            "count": 0,
            "name": "Duc Chinh"
        },
        {
            "id": "100013059307791",
            "count": 0,
            "name": "Linh Lê"
        }
    ],
    "time": 6,
    "last": {
        "time": 3,
        "day": [
            {
                "id": "100033425334055",
                "count": 0
            },
            {
                "id": "100080535682998",
                "count": 0
            },
            {
                "id": "100021429795290",
                "count": 0
            },
            {
                "id": "100040542224086",
                "count": 0
            },
            {
                "id": "100077377981806",
                "count": 0
            },
            {
                "id": "100034121416076",
                "count": 0
            },
            {
                "id": "100077426102795",
                "count": 0
            },
            {
                "id": "100057942794427",
                "count": 0
            },
            {
                "id": "100087193837553",
                "count": 0
            },
            {
                "id": "100068612934534",
                "count": 0
            },
            {
                "id": "100092629868553",
                "count": 0
            },
            {
                "id": "100046760033401",
                "count": 0
            },
            {
                "id": "100074108690169",
                "count": 0
            },
            {
                "id": "61562289749067",
                "count": 0
            },
            {
                "id": "61564879852884",
                "count": 0
            },
            {
                "id": "100027002903252",
                "count": 0
            },
            {
                "id": "61562297775573",
                "count": 0
            },
            {
                "id": "61559407241172",
                "count": 0
            },
            {
                "id": "100079193190730",
                "count": 0
            },
            {
                "id": "61550478214205",
                "count": 0
            },
            {
                "id": "100032278890853",
                "count": 0
            },
            {
                "id": "100015696420754",
                "count": 0
            },
            {
                "id": "100094632910923",
                "count": 0
            },
            {
                "id": "100079932802908",
                "count": 0
            },
            {
                "id": "100032253373259",
                "count": 0
            },
            {
                "id": "100035200203714",
                "count": 0
            },
            {
                "id": "100068924003981",
                "count": 0
            },
            {
                "id": "100073742626640",
                "count": 0
            },
            {
                "id": "100009260571796",
                "count": 0
            },
            {
                "id": "100054619796210",
                "count": 0
            },
            {
                "id": "100095425306290",
                "count": 0
            },
            {
                "id": "100090871991792",
                "count": 0
            },
            {
                "id": "100063599924513",
                "count": 0
            },
            {
                "id": "61551706954389",
                "count": 0
            },
            {
                "id": "61553617003461",
                "count": 0
            },
            {
                "id": "100082599902138",
                "count": 0
            },
            {
                "id": "100085213902916",
                "count": 0
            },
            {
                "id": "100039411192720",
                "count": 0
            },
            {
                "id": "61556243241464",
                "count": 0
            },
            {
                "id": "61557359712704",
                "count": 0
            },
            {
                "id": "61558093948069",
                "count": 0
            },
            {
                "id": "100039055006412",
                "count": 0
            },
            {
                "id": "100047368832134",
                "count": 0
            },
            {
                "id": "61560798126245",
                "count": 0
            },
            {
                "id": "61566053129466",
                "count": 0
            },
            {
                "id": "100003927143372",
                "count": 0
            },
            {
                "id": "100068917115958",
                "count": 0
            },
            {
                "id": "100004350284248",
                "count": 0
            },
            {
                "id": "61551903957079",
                "count": 0
            },
            {
                "id": "100055115345722",
                "count": 0
            },
            {
                "id": "61557445522655",
                "count": 0
            },
            {
                "id": "100080720172667",
                "count": 0
            },
            {
                "id": "100075659291180",
                "count": 0
            },
            {
                "id": "100063624309001",
                "count": 0
            },
            {
                "id": "100049072159389",
                "count": 0
            },
            {
                "id": "61564954605045",
                "count": 0
            },
            {
                "id": "100015951547752",
                "count": 0
            },
            {
                "id": "100033749583787",
                "count": 0
            },
            {
                "id": "100086925377502",
                "count": 0
            },
            {
                "id": "61555669401165",
                "count": 0
            },
            {
                "id": "100087012752451",
                "count": 0
            },
            {
                "id": "61562076299806",
                "count": 0
            },
            {
                "id": "100087157105680",
                "count": 0
            },
            {
                "id": "100075474153395",
                "count": 0
            },
            {
                "id": "100083139218497",
                "count": 0
            },
            {
                "id": "61559079650241",
                "count": 0
            },
            {
                "id": "100048066348306",
                "count": 0
            },
            {
                "id": "61561530282324",
                "count": 0
            },
            {
                "id": "100001113278043",
                "count": 0
            },
            {
                "id": "61564791252019",
                "count": 0
            },
            {
                "id": "100013059307791",
                "count": 0
            }
        ],
        "week": [
            {
                "id": "100033425334055",
                "count": 0
            },
            {
                "id": "100080535682998",
                "count": 0
            },
            {
                "id": "100021429795290",
                "count": 0
            },
            {
                "id": "100040542224086",
                "count": 0
            },
            {
                "id": "100077377981806",
                "count": 0
            },
            {
                "id": "100034121416076",
                "count": 0
            },
            {
                "id": "100077426102795",
                "count": 0
            },
            {
                "id": "100057942794427",
                "count": 0
            },
            {
                "id": "100087193837553",
                "count": 0
            },
            {
                "id": "100068612934534",
                "count": 0
            },
            {
                "id": "100092629868553",
                "count": 0
            },
            {
                "id": "100046760033401",
                "count": 0
            },
            {
                "id": "100074108690169",
                "count": 0
            },
            {
                "id": "61562289749067",
                "count": 0
            },
            {
                "id": "61564879852884",
                "count": 0
            },
            {
                "id": "100027002903252",
                "count": 0
            },
            {
                "id": "61562297775573",
                "count": 0
            },
            {
                "id": "61559407241172",
                "count": 0
            },
            {
                "id": "100079193190730",
                "count": 0
            },
            {
                "id": "61550478214205",
                "count": 0
            },
            {
                "id": "100032278890853",
                "count": 0
            },
            {
                "id": "100015696420754",
                "count": 0
            },
            {
                "id": "100094632910923",
                "count": 0
            },
            {
                "id": "100079932802908",
                "count": 0
            },
            {
                "id": "100032253373259",
                "count": 0
            },
            {
                "id": "100035200203714",
                "count": 0
            },
            {
                "id": "100068924003981",
                "count": 0
            },
            {
                "id": "100073742626640",
                "count": 0
            },
            {
                "id": "100009260571796",
                "count": 0
            },
            {
                "id": "100054619796210",
                "count": 0
            },
            {
                "id": "100095425306290",
                "count": 0
            },
            {
                "id": "100090871991792",
                "count": 0
            },
            {
                "id": "100063599924513",
                "count": 0
            },
            {
                "id": "61551706954389",
                "count": 0
            },
            {
                "id": "61553617003461",
                "count": 0
            },
            {
                "id": "100082599902138",
                "count": 0
            },
            {
                "id": "100085213902916",
                "count": 0
            },
            {
                "id": "100039411192720",
                "count": 0
            },
            {
                "id": "61556243241464",
                "count": 0
            },
            {
                "id": "61557359712704",
                "count": 0
            },
            {
                "id": "61558093948069",
                "count": 0
            },
            {
                "id": "100039055006412",
                "count": 0
            },
            {
                "id": "100047368832134",
                "count": 0
            },
            {
                "id": "61560798126245",
                "count": 0
            },
            {
                "id": "61566053129466",
                "count": 0
            },
            {
                "id": "100003927143372",
                "count": 0
            },
            {
                "id": "100068917115958",
                "count": 0
            },
            {
                "id": "100004350284248",
                "count": 0
            },
            {
                "id": "61551903957079",
                "count": 0
            },
            {
                "id": "100055115345722",
                "count": 0
            },
            {
                "id": "61557445522655",
                "count": 0
            },
            {
                "id": "100080720172667",
                "count": 0
            },
            {
                "id": "100075659291180",
                "count": 0
            },
            {
                "id": "100063624309001",
                "count": 0
            },
            {
                "id": "100049072159389",
                "count": 0
            },
            {
                "id": "61564954605045",
                "count": 0
            },
            {
                "id": "100015951547752",
                "count": 0
            },
            {
                "id": "100033749583787",
                "count": 0
            },
            {
                "id": "100086925377502",
                "count": 0
            },
            {
                "id": "61555669401165",
                "count": 0
            },
            {
                "id": "100087012752451",
                "count": 0
            },
            {
                "id": "61562076299806",
                "count": 0
            },
            {
                "id": "100087157105680",
                "count": 0
            },
            {
                "id": "100075474153395",
                "count": 0
            },
            {
                "id": "100083139218497",
                "count": 0
            },
            {
                "id": "61559079650241",
                "count": 0
            },
            {
                "id": "100048066348306",
                "count": 0
            },
            {
                "id": "61561530282324",
                "count": 0
            },
            {
                "id": "100001113278043",
                "count": 0
            },
            {
                "id": "61564791252019",
                "count": 0
            },
            {
                "id": "100013059307791",
                "count": 0
            }
        ]
    }
}