{
    "total": [
        {
            "id": "100070949233622",
            "count": 0
        },
        {
            "id": "100085073240621",
            "count": 301
        },
        {
            "id": "100077018405888",
            "count": 34
        },
        {
            "id": "61553203100073",
            "count": 0
        },
        {
            "id": "100076671529372",
            "count": 0
        },
        {
            "id": "61561530282324",
            "count": 273
        },
        {
            "id": "61558117404405",
            "count": 32
        },
        {
            "id": "100001015776071",
            "count": 0
        },
        {
            "id": "61550343162256",
            "count": 3
        },
        {
            "id": "61553349840198",
            "count": 2
        },
        {
            "id": "61554387913255",
            "count": 4
        },
        {
            "id": "100087128565622",
            "count": 323
        },
        {
            "id": "61564884756626",
            "count": 163
        },
        {
            "id": "100001113278043",
            "count": 12
        },
        {
            "id": "100050188775013",
            "count": 0
        },
        {
            "id": "100090957081158",
            "count": 5
        }
    ],
    "week": [
        {
            "id": "100070949233622",
            "count": 0,
            "name": "Bé Rin"
        },
        {
            "id": "100085073240621",
            "count": 292,
            "name": "Dang Gia Khanh"
        },
        {
            "id": "100077018405888",
            "count": 6,
            "name": "Người dùng Facebook"
        },
        {
            "id": "61553203100073",
            "count": 0,
            "name": "Mai Tấn"
        },
        {
            "id": "100076671529372",
            "count": 0,
            "name": "Người dùng Facebook"
        },
        {
            "id": "61561530282324",
            "count": 273,
            "name": "Roronoa Xoro"
        },
        {
            "id": "61558117404405",
            "count": 8,
            "name": "Vu Dinh"
        },
        {
            "id": "100001015776071",
            "count": 0,
            "name": "Dang Gia Khanh"
        },
        {
            "id": "61550343162256",
            "count": 0,
            "name": "Dang Gia Khanh"
        },
        {
            "id": "61553349840198",
            "count": 2
        },
        {
            "id": "61554387913255",
            "count": 4
        },
        {
            "id": "100087128565622",
            "count": 323
        },
        {
            "id": "61564884756626",
            "count": 163
        },
        {
            "id": "100001113278043",
            "count": 12
        },
        {
            "id": "100050188775013",
            "count": 0
        },
        {
            "id": "100090957081158",
            "count": 5
        }
    ],
    "day": [
        {
            "id": "100070949233622",
            "count": 0,
            "name": "Bé Rin"
        },
        {
            "id": "100085073240621",
            "count": 19,
            "name": "Dang Gia Khanh"
        },
        {
            "id": "100077018405888",
            "count": 6,
            "name": "Cậu Ba"
        },
        {
            "id": "61553203100073",
            "count": 0,
            "name": "Mai Tấn"
        },
        {
            "id": "100076671529372",
            "count": 0,
            "name": "Người dùng Facebook"
        },
        {
            "id": "61561530282324",
            "count": 31,
            "name": "Roronoa Xoro"
        },
        {
            "id": "61558117404405",
            "count": 6,
            "name": "Vu Dinh"
        },
        {
            "id": "100001015776071",
            "count": 0,
            "name": "Dang Gia Khanh"
        },
        {
            "id": "61550343162256",
            "count": 0,
            "name": "Dang Gia Khanh"
        },
        {
            "id": "61553349840198",
            "count": 0,
            "name": "Mai Quốc Danh"
        },
        {
            "id": "61554387913255",
            "count": 0,
            "name": "Hương Quỳnh"
        },
        {
            "id": "100087128565622",
            "count": 20,
            "name": "Tiềncóthểmất Còn Emthìkhông"
        },
        {
            "id": "61564884756626",
            "count": 0,
            "name": "Người dùng Facebook"
        },
        {
            "id": "100001113278043",
            "count": 0,
            "name": "Phương Huyền"
        },
        {
            "id": "100050188775013",
            "count": 0,
            "name": "Quốc Lord"
        },
        {
            "id": "100090957081158",
            "count": 0,
            "name": "Quốc Lord"
        }
    ],
    "time": 6,
    "last": {
        "time": 6,
        "day": [
            {
                "id": "100070949233622",
                "count": 0
            },
            {
                "id": "100087128565622",
                "count": 0
            },
            {
                "id": "100085073240621",
                "count": 0
            },
            {
                "id": "100077018405888",
                "count": 0
            },
            {
                "id": "61553203100073",
                "count": 0
            },
            {
                "id": "100076671529372",
                "count": 0
            },
            {
                "id": "61561530282324",
                "count": 0
            },
            {
                "id": "61558117404405",
                "count": 0
            },
            {
                "id": "100001015776071",
                "count": 0
            },
            {
                "id": "61550343162256",
                "count": 0
            },
            {
                "id": "61553349840198",
                "count": 0
            },
            {
                "id": "61554387913255",
                "count": 0
            },
            {
                "id": "61564884756626",
                "count": 0
            },
            {
                "id": "100001113278043",
                "count": 0
            },
            {
                "id": "100050188775013",
                "count": 0
            },
            {
                "id": "100090957081158",
                "count": 0
            }
        ],
        "week": [
            {
                "id": "100070949233622",
                "count": 0
            },
            {
                "id": "100087128565622",
                "count": 0
            },
            {
                "id": "100085073240621",
                "count": 0
            },
            {
                "id": "100077018405888",
                "count": 0
            },
            {
                "id": "61553203100073",
                "count": 0
            },
            {
                "id": "100076671529372",
                "count": 0
            },
            {
                "id": "61561530282324",
                "count": 0
            },
            {
                "id": "61558117404405",
                "count": 0
            },
            {
                "id": "100001015776071",
                "count": 0
            },
            {
                "id": "61550343162256",
                "count": 0
            },
            {
                "id": "61553349840198",
                "count": 0
            },
            {
                "id": "61554387913255",
                "count": 0
            },
            {
                "id": "61564884756626",
                "count": 0
            },
            {
                "id": "100001113278043",
                "count": 0
            },
            {
                "id": "100050188775013",
                "count": 0
            },
            {
                "id": "100090957081158",
                "count": 0
            }
        ]
    }
}