{
    "total": [
        {
            "id": "100075386675487",
            "count": 109
        },
        {
            "id": "100081725794781",
            "count": 77
        },
        {
            "id": "100052537841041",
            "count": 32
        },
        {
            "id": "61552176620762",
            "count": 3
        },
        {
            "id": "61558281114662",
            "count": 0
        },
        {
            "id": "61566865810990",
            "count": 0
        },
        {
            "id": "61565184842371",
            "count": 0
        },
        {
            "id": "61559447371232",
            "count": 0
        },
        {
            "id": "100071192599506",
            "count": 0
        },
        {
            "id": "61566903441818",
            "count": 0
        },
        {
            "id": "61552976520881",
            "count": 3
        },
        {
            "id": "100068080366732",
            "count": 0
        },
        {
            "id": "61559079650241",
            "count": 25
        },
        {
            "id": "100089704261277",
            "count": 26
        },
        {
            "id": "61557422919743",
            "count": 3
        },
        {
            "id": "100076527132644",
            "count": 3
        },
        {
            "id": "100042550385970",
            "count": 0
        },
        {
            "id": "100068532673365",
            "count": 0
        },
        {
            "id": "100080957580771",
            "count": 0
        },
        {
            "id": "61557305323069",
            "count": 0
        },
        {
            "id": "100082257966481",
            "count": 54
        },
        {
            "id": "61563056697634",
            "count": 0
        },
        {
            "id": "100056142695614",
            "count": 0
        },
        {
            "id": "100014380033008",
            "count": 3
        },
        {
            "id": "100060194155951",
            "count": 0
        },
        {
            "id": "61556740927370",
            "count": 0
        },
        {
            "id": "100090084578668",
            "count": 0
        },
        {
            "id": "61557562102563",
            "count": 161
        },
        {
            "id": "61556993427839",
            "count": 0
        },
        {
            "id": "61559062813619",
            "count": 7
        },
        {
            "id": "61564242655889",
            "count": 12
        },
        {
            "id": "100077039040393",
            "count": 0
        },
        {
            "id": "61551900461983",
            "count": 3
        },
        {
            "id": "61566395979582",
            "count": 0
        },
        {
            "id": "100084260606796",
            "count": 0
        },
        {
            "id": "100076849911814",
            "count": 0
        },
        {
            "id": "100047871615155",
            "count": 0
        },
        {
            "id": "61554544346964",
            "count": 0
        },
        {
            "id": "100056749604491",
            "count": 0
        },
        {
            "id": "100034833402166",
            "count": 0
        },
        {
            "id": "61552363238697",
            "count": 0
        },
        {
            "id": "100083376082905",
            "count": 1
        },
        {
            "id": "100084488946152",
            "count": 46
        },
        {
            "id": "61564613550064",
            "count": 0
        },
        {
            "id": "100087617979103",
            "count": 0
        },
        {
            "id": "100046495008807",
            "count": 4
        },
        {
            "id": "61566587561930",
            "count": 319
        },
        {
            "id": "61557465284681",
            "count": 0
        },
        {
            "id": "100075874505832",
            "count": 0
        },
        {
            "id": "100005399731418",
            "count": 0
        },
        {
            "id": "100033670550644",
            "count": 10
        },
        {
            "id": "61558760631436",
            "count": 6
        },
        {
            "id": "61562775224618",
            "count": 0
        },
        {
            "id": "100006687638196",
            "count": 0
        },
        {
            "id": "100088185297722",
            "count": 91
        },
        {
            "id": "100060562486887",
            "count": 0
        },
        {
            "id": "61566785684369",
            "count": 0
        },
        {
            "id": "100056863972382",
            "count": 0
        },
        {
            "id": "100050609572618",
            "count": 0
        },
        {
            "id": "100093801487470",
            "count": 0
        },
        {
            "id": "100089922057275",
            "count": 6
        },
        {
            "id": "100070750724512",
            "count": 4
        },
        {
            "id": "61559747660432",
            "count": 0
        },
        {
            "id": "61554085683752",
            "count": 0
        },
        {
            "id": "100014098174277",
            "count": 0
        },
        {
            "id": "100004761706287",
            "count": 0
        },
        {
            "id": "100056724798257",
            "count": 0
        },
        {
            "id": "100091084457345",
            "count": 0
        },
        {
            "id": "100065569729347",
            "count": 0
        },
        {
            "id": "100040256111827",
            "count": 0
        },
        {
            "id": "100054412625123",
            "count": 0
        },
        {
            "id": "100050543955684",
            "count": 0
        },
        {
            "id": "61566784640916",
            "count": 10
        },
        {
            "id": "100083817463301",
            "count": 0
        },
        {
            "id": "100048235187214",
            "count": 1
        },
        {
            "id": "100008775522900",
            "count": 0
        },
        {
            "id": "100078920124029",
            "count": 52
        },
        {
            "id": "61563475063639",
            "count": 1
        },
        {
            "id": "100017302518875",
            "count": 0
        },
        {
            "id": "61559469320758",
            "count": 0
        },
        {
            "id": "100030954491434",
            "count": 0
        },
        {
            "id": "61563513939633",
            "count": 3
        },
        {
            "id": "100074210591762",
            "count": 0
        },
        {
            "id": "100088265816400",
            "count": 50
        },
        {
            "id": "100042628700564",
            "count": 0
        },
        {
            "id": "100072209983510",
            "count": 16
        },
        {
            "id": "100026442677981",
            "count": 0
        },
        {
            "id": "61561530282324",
            "count": 57
        },
        {
            "id": "100055512099429",
            "count": 0
        },
        {
            "id": "100093682316746",
            "count": 0
        },
        {
            "id": "100093270735333",
            "count": 0
        },
        {
            "id": "100087909304502",
            "count": 0
        },
        {
            "id": "100076068117686",
            "count": 0
        },
        {
            "id": "100062819661754",
            "count": 0
        },
        {
            "id": "100067128453560",
            "count": 0
        },
        {
            "id": "100018164079900",
            "count": 0
        },
        {
            "id": "100087622933953",
            "count": 0
        },
        {
            "id": "100085221607314",
            "count": 2
        },
        {
            "id": "100053134630842",
            "count": 1
        },
        {
            "id": "61550237511015",
            "count": 3
        },
        {
            "id": "61560798126245",
            "count": 3
        },
        {
            "id": "100016618094376",
            "count": 7
        },
        {
            "id": "100055429311399",
            "count": 53
        },
        {
            "id": "61557445522655",
            "count": 5
        },
        {
            "id": "100084515973802",
            "count": 193
        },
        {
            "id": "100089702691367",
            "count": 22
        },
        {
            "id": "100010101856538",
            "count": 1
        },
        {
            "id": "100086460767663",
            "count": 0
        },
        {
            "id": "61564182280848",
            "count": 0
        },
        {
            "id": "61554387563405",
            "count": 4
        },
        {
            "id": "61554200261231",
            "count": 51
        },
        {
            "id": "61556137620455",
            "count": 8
        },
        {
            "id": "100037092790895",
            "count": 4
        },
        {
            "id": "100022043688628",
            "count": 54
        },
        {
            "id": "100074415728466",
            "count": 25
        },
        {
            "id": "100001113278043",
            "count": 0
        },
        {
            "id": "100089641236943",
            "count": 3
        },
        {
            "id": "61563905636952",
            "count": 7
        },
        {
            "id": "100093552316549",
            "count": 9
        },
        {
            "id": "61552745827405",
            "count": 5
        },
        {
            "id": "61559118477808",
            "count": 1
        }
    ],
    "week": [
        {
            "id": "100075386675487",
            "count": 0,
            "name": "Văn Dễ"
        },
        {
            "id": "100081725794781",
            "count": 0,
            "name": "Nh Quynh"
        },
        {
            "id": "100052537841041",
            "count": 0,
            "name": "Diệu Linh"
        },
        {
            "id": "61552176620762",
            "count": 0,
            "name": "Tường Vy"
        },
        {
            "id": "61558281114662",
            "count": 0,
            "name": "Zy Zy"
        },
        {
            "id": "61566865810990",
            "count": 0,
            "name": "Linh Đan"
        },
        {
            "id": "61565184842371",
            "count": 0,
            "name": "Su Chin"
        },
        {
            "id": "61559447371232",
            "count": 0,
            "name": "Tớ Là Hn"
        },
        {
            "id": "100071192599506",
            "count": 0,
            "name": "Goắt Do Nêm"
        },
        {
            "id": "61566903441818",
            "count": 0,
            "name": "Nhật Hoàng"
        },
        {
            "id": "61552976520881",
            "count": 0,
            "name": "Bảo Nguyên"
        },
        {
            "id": "100068080366732",
            "count": 0,
            "name": "Ánh Sáng Lẻ Loi"
        },
        {
            "id": "61559079650241",
            "count": 0,
            "name": "Nguyễn Thanh Tùng"
        },
        {
            "id": "100089704261277",
            "count": 0,
            "name": "Thảo Trân"
        },
        {
            "id": "61557422919743",
            "count": 0,
            "name": "Phùng Văn Hải"
        },
        {
            "id": "100076527132644",
            "count": 0,
            "name": "Khoa Trần"
        },
        {
            "id": "100042550385970",
            "count": 0,
            "name": "Trần Nguyên Vũ"
        },
        {
            "id": "100068532673365",
            "count": 0,
            "name": "Hoàng Chung"
        },
        {
            "id": "100080957580771",
            "count": 0,
            "name": "Nghĩa Bùi"
        },
        {
            "id": "61557305323069",
            "count": 0,
            "name": "Bất Cần Đời"
        },
        {
            "id": "100082257966481",
            "count": 0,
            "name": "Cẩm Tiên"
        },
        {
            "id": "61563056697634",
            "count": 0,
            "name": "Hoàng GP"
        },
        {
            "id": "100056142695614",
            "count": 0,
            "name": "Phuong Anh"
        },
        {
            "id": "100014380033008",
            "count": 0,
            "name": "Lê Thanh Hiếu"
        },
        {
            "id": "100060194155951",
            "count": 0,
            "name": "Nguyễn Hải Long"
        },
        {
            "id": "61556740927370",
            "count": 0,
            "name": "Phạm Hoàng Duy Khôi"
        },
        {
            "id": "100090084578668",
            "count": 0,
            "name": "Minh Quang"
        },
        {
            "id": "61557562102563",
            "count": 0,
            "name": "Anh Ngoc"
        },
        {
            "id": "61556993427839",
            "count": 0,
            "name": "RT Bellevil"
        },
        {
            "id": "61559062813619",
            "count": 0,
            "name": "Quốc Thắng"
        },
        {
            "id": "61564242655889",
            "count": 0,
            "name": "Minh Thư Chuche"
        },
        {
            "id": "100077039040393",
            "count": 0,
            "name": "Bi Tuấn"
        },
        {
            "id": "61551900461983",
            "count": 0,
            "name": "Văn Quý"
        },
        {
            "id": "61566395979582",
            "count": 0,
            "name": "ソラ イ"
        },
        {
            "id": "100084260606796",
            "count": 0,
            "name": "Phan Hoàng Đức Anh"
        },
        {
            "id": "100076849911814",
            "count": 0,
            "name": "Uyên Tạ"
        },
        {
            "id": "100047871615155",
            "count": 0,
            "name": "Nguyễn Bảo"
        },
        {
            "id": "61554544346964",
            "count": 0,
            "name": "Hoàng Long Lê"
        },
        {
            "id": "100056749604491",
            "count": 0,
            "name": "Khuongg Duyy"
        },
        {
            "id": "100034833402166",
            "count": 0,
            "name": "Bình Đh"
        },
        {
            "id": "61552363238697",
            "count": 0,
            "name": "Tan Dat"
        },
        {
            "id": "100083376082905",
            "count": 0,
            "name": "Trần Hữu Tiến"
        },
        {
            "id": "100084488946152",
            "count": 0,
            "name": "Ng Bảo Ngọc"
        },
        {
            "id": "61564613550064",
            "count": 0,
            "name": "Công Phạm"
        },
        {
            "id": "100087617979103",
            "count": 0,
            "name": "Nguyễn Tuan Anh"
        },
        {
            "id": "100046495008807",
            "count": 0,
            "name": "Ng Khải"
        },
        {
            "id": "61566587561930",
            "count": 0,
            "name": "Tiến Nguyễn"
        },
        {
            "id": "61557465284681",
            "count": 0,
            "name": "Ka Bon"
        },
        {
            "id": "100075874505832",
            "count": 0,
            "name": "Gia Baoo"
        },
        {
            "id": "100005399731418",
            "count": 0,
            "name": "Đạt Phú"
        },
        {
            "id": "100033670550644",
            "count": 0,
            "name": "Trương Hoài Nam"
        },
        {
            "id": "61558760631436",
            "count": 0,
            "name": "Turi Yan"
        },
        {
            "id": "61562775224618",
            "count": 0,
            "name": "Quốc Dương"
        },
        {
            "id": "100006687638196",
            "count": 0,
            "name": "Vũ Nam"
        },
        {
            "id": "100088185297722",
            "count": 0,
            "name": "Ngx ThBinh"
        },
        {
            "id": "100060562486887",
            "count": 0,
            "name": "Trần Tiến Đạt"
        },
        {
            "id": "61566785684369",
            "count": 0,
            "name": "Dang Hai"
        },
        {
            "id": "100056863972382",
            "count": 0,
            "name": "Nam Lee"
        },
        {
            "id": "100050609572618",
            "count": 0,
            "name": "Như Quỳnh"
        },
        {
            "id": "100093801487470",
            "count": 0,
            "name": "Quang Anh"
        },
        {
            "id": "100089922057275",
            "count": 0,
            "name": "Lường Hùng"
        },
        {
            "id": "100070750724512",
            "count": 0,
            "name": "Hoàng Tùng"
        },
        {
            "id": "61559747660432",
            "count": 0,
            "name": "Quỳnh Nhi"
        },
        {
            "id": "61554085683752",
            "count": 0,
            "name": "Linh Chi"
        },
        {
            "id": "100014098174277",
            "count": 0,
            "name": "Trần Đức Thắng"
        },
        {
            "id": "100004761706287",
            "count": 0,
            "name": "Trần Thành"
        },
        {
            "id": "100056724798257",
            "count": 0,
            "name": "Thanh Tuấn"
        },
        {
            "id": "100091084457345",
            "count": 0,
            "name": "Gái Đẹp Vô Tội"
        },
        {
            "id": "100065569729347",
            "count": 0,
            "name": "Nguyen Tien Quoc Bao"
        },
        {
            "id": "100040256111827",
            "count": 0,
            "name": "Nguyễn Thần Duệ"
        },
        {
            "id": "100054412625123",
            "count": 0,
            "name": "Luong Pham Trung Nguyen"
        },
        {
            "id": "100050543955684",
            "count": 0,
            "name": "Pham Huynh Thai"
        },
        {
            "id": "61566784640916",
            "count": 0,
            "name": "Bảo Phạm"
        },
        {
            "id": "100083817463301",
            "count": 0,
            "name": "Nguyễn Tú"
        },
        {
            "id": "100048235187214",
            "count": 0,
            "name": "Nguyễn Huy"
        },
        {
            "id": "100008775522900",
            "count": 0,
            "name": "Tô Thị Yến Nhy"
        },
        {
            "id": "100078920124029",
            "count": 0,
            "name": "Phạm Thị Thu Hiền"
        },
        {
            "id": "61563475063639",
            "count": 0,
            "name": "Tra My"
        },
        {
            "id": "100017302518875",
            "count": 0,
            "name": "Nguyễn Minh Tài"
        },
        {
            "id": "61559469320758",
            "count": 0,
            "name": "Ng Hải Nam"
        },
        {
            "id": "100030954491434",
            "count": 0,
            "name": "Lương Hà Ngân"
        },
        {
            "id": "61563513939633",
            "count": 0,
            "name": "Chánh Thịnh"
        },
        {
            "id": "100074210591762",
            "count": 0,
            "name": "Đăng Trần"
        },
        {
            "id": "100088265816400",
            "count": 0,
            "name": "Khánh Huyền"
        },
        {
            "id": "100042628700564",
            "count": 0,
            "name": "Nguyễn Tài"
        },
        {
            "id": "100072209983510",
            "count": 0,
            "name": "Chu Hiếu"
        },
        {
            "id": "100026442677981",
            "count": 0,
            "name": "Nguyễn Ngọc Đại"
        },
        {
            "id": "61561530282324",
            "count": 0,
            "name": "Roronoa Xoro"
        },
        {
            "id": "100055512099429",
            "count": 0,
            "name": "Thịnh Nguyễn"
        },
        {
            "id": "100093682316746",
            "count": 0,
            "name": "Võ Ngọc Thảo"
        },
        {
            "id": "100093270735333",
            "count": 0,
            "name": "Tuan Đuc"
        },
        {
            "id": "100087909304502",
            "count": 0,
            "name": "Khôi Nguyễn"
        },
        {
            "id": "100076068117686",
            "count": 0,
            "name": "Ngọc Khánh"
        },
        {
            "id": "100062819661754",
            "count": 0,
            "name": "Ng Tuấn Anh"
        },
        {
            "id": "100067128453560",
            "count": 0,
            "name": "Jun Deff"
        },
        {
            "id": "100018164079900",
            "count": 0,
            "name": "Khang Nguyên"
        },
        {
            "id": "100087622933953",
            "count": 0,
            "name": "Trọng Bắc"
        },
        {
            "id": "100085221607314",
            "count": 0,
            "name": "Phan Quang"
        },
        {
            "id": "100053134630842",
            "count": 0,
            "name": "Luân Ngô"
        },
        {
            "id": "61550237511015",
            "count": 0,
            "name": "Hoang Tran"
        },
        {
            "id": "61560798126245",
            "count": 0,
            "name": "Chị Muối"
        },
        {
            "id": "100016618094376",
            "count": 0,
            "name": "Nguyễn Văn Trọng"
        },
        {
            "id": "100055429311399",
            "count": 0,
            "name": "Nhật Huy"
        },
        {
            "id": "61557445522655",
            "count": 0,
            "name": "Chu Mạnh"
        },
        {
            "id": "100084515973802",
            "count": 0,
            "name": "Bảoo Ngọc"
        },
        {
            "id": "100089702691367",
            "count": 0,
            "name": "Huyền Tép"
        },
        {
            "id": "100010101856538",
            "count": 0,
            "name": "H’Thắm"
        },
        {
            "id": "100086460767663",
            "count": 0,
            "name": "Quang Huy"
        },
        {
            "id": "61564182280848",
            "count": 0,
            "name": "Hoàng Gia Huy"
        },
        {
            "id": "61554387563405",
            "count": 0,
            "name": "Trúc Thanh"
        },
        {
            "id": "61554200261231",
            "count": 0,
            "name": "Thảo Nhi"
        },
        {
            "id": "61556137620455",
            "count": 0,
            "name": "Ngọc Ánh"
        },
        {
            "id": "100037092790895",
            "count": 0,
            "name": "Satoh Thuan"
        },
        {
            "id": "100022043688628",
            "count": 0,
            "name": "Pham Duy Manh"
        },
        {
            "id": "100074415728466",
            "count": 0,
            "name": "Trăm Nguyễn 🥰💞"
        },
        {
            "id": "100001113278043",
            "count": 0,
            "name": "Phương Huyền"
        },
        {
            "id": "100089641236943",
            "count": 0,
            "name": "Đinh Ng Hoài Thu"
        },
        {
            "id": "61563905636952",
            "count": 0,
            "name": "Annh Tú"
        },
        {
            "id": "100093552316549",
            "count": 0,
            "name": "Tr Phuong"
        },
        {
            "id": "61552745827405",
            "count": 0,
            "name": "Nguyễn Hoàng"
        },
        {
            "id": "61559118477808",
            "count": 0,
            "name": "DDuc Anhh"
        }
    ],
    "day": [
        {
            "id": "100075386675487",
            "count": 0,
            "name": "Văn Dễ"
        },
        {
            "id": "100081725794781",
            "count": 0,
            "name": "Nh Quynh"
        },
        {
            "id": "100052537841041",
            "count": 0,
            "name": "Diệu Linh"
        },
        {
            "id": "61552176620762",
            "count": 0,
            "name": "Tường Vy"
        },
        {
            "id": "61558281114662",
            "count": 0,
            "name": "Zy Zy"
        },
        {
            "id": "61566865810990",
            "count": 0,
            "name": "Linh Đan"
        },
        {
            "id": "61565184842371",
            "count": 0,
            "name": "Su Chin"
        },
        {
            "id": "61559447371232",
            "count": 0,
            "name": "Tớ Là Hn"
        },
        {
            "id": "100071192599506",
            "count": 0,
            "name": "Goắt Do Nêm"
        },
        {
            "id": "61566903441818",
            "count": 0,
            "name": "Nhật Hoàng"
        },
        {
            "id": "61552976520881",
            "count": 0,
            "name": "Bảo Nguyên"
        },
        {
            "id": "100068080366732",
            "count": 0,
            "name": "Ánh Sáng Lẻ Loi"
        },
        {
            "id": "61559079650241",
            "count": 0,
            "name": "Nguyễn Thanh Tùng"
        },
        {
            "id": "100089704261277",
            "count": 0,
            "name": "Thảo Trân"
        },
        {
            "id": "61557422919743",
            "count": 0,
            "name": "Phùng Văn Hải"
        },
        {
            "id": "100076527132644",
            "count": 0,
            "name": "Khoa Trần"
        },
        {
            "id": "100042550385970",
            "count": 0,
            "name": "Trần Nguyên Vũ"
        },
        {
            "id": "100068532673365",
            "count": 0,
            "name": "Hoàng Chung"
        },
        {
            "id": "100080957580771",
            "count": 0,
            "name": "Nghĩa Bùi"
        },
        {
            "id": "61557305323069",
            "count": 0,
            "name": "Bất Cần Đời"
        },
        {
            "id": "100082257966481",
            "count": 0,
            "name": "Cẩm Tiên"
        },
        {
            "id": "61563056697634",
            "count": 0,
            "name": "Hoàng GP"
        },
        {
            "id": "100056142695614",
            "count": 0,
            "name": "Phuong Anh"
        },
        {
            "id": "100014380033008",
            "count": 0,
            "name": "Lê Thanh Hiếu"
        },
        {
            "id": "100060194155951",
            "count": 0,
            "name": "Nguyễn Hải Long"
        },
        {
            "id": "61556740927370",
            "count": 0,
            "name": "Phạm Hoàng Duy Khôi"
        },
        {
            "id": "100090084578668",
            "count": 0,
            "name": "Minh Quang"
        },
        {
            "id": "61557562102563",
            "count": 0,
            "name": "Anh Ngoc"
        },
        {
            "id": "61556993427839",
            "count": 0,
            "name": "RT Bellevil"
        },
        {
            "id": "61559062813619",
            "count": 0,
            "name": "Quốc Thắng"
        },
        {
            "id": "61564242655889",
            "count": 0,
            "name": "Minh Thư Chuche"
        },
        {
            "id": "100077039040393",
            "count": 0,
            "name": "Bi Tuấn"
        },
        {
            "id": "61551900461983",
            "count": 0,
            "name": "Văn Quý"
        },
        {
            "id": "61566395979582",
            "count": 0,
            "name": "ソラ イ"
        },
        {
            "id": "100084260606796",
            "count": 0,
            "name": "Phan Hoàng Đức Anh"
        },
        {
            "id": "100076849911814",
            "count": 0,
            "name": "Uyên Tạ"
        },
        {
            "id": "100047871615155",
            "count": 0,
            "name": "Nguyễn Bảo"
        },
        {
            "id": "61554544346964",
            "count": 0,
            "name": "Hoàng Long Lê"
        },
        {
            "id": "100056749604491",
            "count": 0,
            "name": "Khuongg Duyy"
        },
        {
            "id": "100034833402166",
            "count": 0,
            "name": "Bình Đh"
        },
        {
            "id": "61552363238697",
            "count": 0,
            "name": "Tan Dat"
        },
        {
            "id": "100083376082905",
            "count": 0,
            "name": "Trần Hữu Tiến"
        },
        {
            "id": "100084488946152",
            "count": 0,
            "name": "Ng Bảo Ngọc"
        },
        {
            "id": "61564613550064",
            "count": 0,
            "name": "Công Phạm"
        },
        {
            "id": "100087617979103",
            "count": 0,
            "name": "Nguyễn Tuan Anh"
        },
        {
            "id": "100046495008807",
            "count": 0,
            "name": "Ng Khải"
        },
        {
            "id": "61566587561930",
            "count": 0,
            "name": "Tiến Nguyễn"
        },
        {
            "id": "61557465284681",
            "count": 0,
            "name": "Ka Bon"
        },
        {
            "id": "100075874505832",
            "count": 0,
            "name": "Gia Baoo"
        },
        {
            "id": "100005399731418",
            "count": 0,
            "name": "Đạt Phú"
        },
        {
            "id": "100033670550644",
            "count": 0,
            "name": "Trương Hoài Nam"
        },
        {
            "id": "61558760631436",
            "count": 0,
            "name": "Turi Yan"
        },
        {
            "id": "61562775224618",
            "count": 0,
            "name": "Quốc Dương"
        },
        {
            "id": "100006687638196",
            "count": 0,
            "name": "Vũ Nam"
        },
        {
            "id": "100088185297722",
            "count": 0,
            "name": "Ngx ThBinh"
        },
        {
            "id": "100060562486887",
            "count": 0,
            "name": "Trần Tiến Đạt"
        },
        {
            "id": "61566785684369",
            "count": 0,
            "name": "Dang Hai"
        },
        {
            "id": "100056863972382",
            "count": 0,
            "name": "Nam Lee"
        },
        {
            "id": "100050609572618",
            "count": 0,
            "name": "Như Quỳnh"
        },
        {
            "id": "100093801487470",
            "count": 0,
            "name": "Quang Anh"
        },
        {
            "id": "100089922057275",
            "count": 0,
            "name": "Lường Hùng"
        },
        {
            "id": "100070750724512",
            "count": 0,
            "name": "Hoàng Tùng"
        },
        {
            "id": "61559747660432",
            "count": 0,
            "name": "Quỳnh Nhi"
        },
        {
            "id": "61554085683752",
            "count": 0,
            "name": "Linh Chi"
        },
        {
            "id": "100014098174277",
            "count": 0,
            "name": "Trần Đức Thắng"
        },
        {
            "id": "100004761706287",
            "count": 0,
            "name": "Trần Thành"
        },
        {
            "id": "100056724798257",
            "count": 0,
            "name": "Thanh Tuấn"
        },
        {
            "id": "100091084457345",
            "count": 0,
            "name": "Gái Đẹp Vô Tội"
        },
        {
            "id": "100065569729347",
            "count": 0,
            "name": "Nguyen Tien Quoc Bao"
        },
        {
            "id": "100040256111827",
            "count": 0,
            "name": "Nguyễn Thần Duệ"
        },
        {
            "id": "100054412625123",
            "count": 0,
            "name": "Luong Pham Trung Nguyen"
        },
        {
            "id": "100050543955684",
            "count": 0,
            "name": "Pham Huynh Thai"
        },
        {
            "id": "61566784640916",
            "count": 0,
            "name": "Bảo Phạm"
        },
        {
            "id": "100083817463301",
            "count": 0,
            "name": "Nguyễn Tú"
        },
        {
            "id": "100048235187214",
            "count": 0,
            "name": "Nguyễn Huy"
        },
        {
            "id": "100008775522900",
            "count": 0,
            "name": "Tô Thị Yến Nhy"
        },
        {
            "id": "100078920124029",
            "count": 0,
            "name": "Phạm Thị Thu Hiền"
        },
        {
            "id": "61563475063639",
            "count": 0,
            "name": "Tra My"
        },
        {
            "id": "100017302518875",
            "count": 0,
            "name": "Nguyễn Minh Tài"
        },
        {
            "id": "61559469320758",
            "count": 0,
            "name": "Ng Hải Nam"
        },
        {
            "id": "100030954491434",
            "count": 0,
            "name": "Lương Hà Ngân"
        },
        {
            "id": "61563513939633",
            "count": 0,
            "name": "Chánh Thịnh"
        },
        {
            "id": "100074210591762",
            "count": 0,
            "name": "Đăng Trần"
        },
        {
            "id": "100088265816400",
            "count": 0,
            "name": "Khánh Huyền"
        },
        {
            "id": "100042628700564",
            "count": 0,
            "name": "Nguyễn Tài"
        },
        {
            "id": "100072209983510",
            "count": 0,
            "name": "Chu Hiếu"
        },
        {
            "id": "100026442677981",
            "count": 0,
            "name": "Nguyễn Ngọc Đại"
        },
        {
            "id": "61561530282324",
            "count": 0,
            "name": "Roronoa Xoro"
        },
        {
            "id": "100055512099429",
            "count": 0,
            "name": "Thịnh Nguyễn"
        },
        {
            "id": "100093682316746",
            "count": 0,
            "name": "Võ Ngọc Thảo"
        },
        {
            "id": "100093270735333",
            "count": 0,
            "name": "Tuan Đuc"
        },
        {
            "id": "100087909304502",
            "count": 0,
            "name": "Khôi Nguyễn"
        },
        {
            "id": "100076068117686",
            "count": 0,
            "name": "Ngọc Khánh"
        },
        {
            "id": "100062819661754",
            "count": 0,
            "name": "Ng Tuấn Anh"
        },
        {
            "id": "100067128453560",
            "count": 0,
            "name": "Jun Deff"
        },
        {
            "id": "100018164079900",
            "count": 0,
            "name": "Khang Nguyên"
        },
        {
            "id": "100087622933953",
            "count": 0,
            "name": "Trọng Bắc"
        },
        {
            "id": "100085221607314",
            "count": 0,
            "name": "Phan Quang"
        },
        {
            "id": "100053134630842",
            "count": 0,
            "name": "Luân Ngô"
        },
        {
            "id": "61550237511015",
            "count": 0,
            "name": "Hoang Tran"
        },
        {
            "id": "61560798126245",
            "count": 0,
            "name": "Chị Muối"
        },
        {
            "id": "100016618094376",
            "count": 0,
            "name": "Nguyễn Văn Trọng"
        },
        {
            "id": "100055429311399",
            "count": 0,
            "name": "Nhật Huy"
        },
        {
            "id": "61557445522655",
            "count": 0,
            "name": "Chu Mạnh"
        },
        {
            "id": "100084515973802",
            "count": 0,
            "name": "Bảoo Ngọc"
        },
        {
            "id": "100089702691367",
            "count": 0,
            "name": "Huyền Tép"
        },
        {
            "id": "100010101856538",
            "count": 0,
            "name": "H’Thắm"
        },
        {
            "id": "100086460767663",
            "count": 0,
            "name": "Quang Huy"
        },
        {
            "id": "61564182280848",
            "count": 0,
            "name": "Hoàng Gia Huy"
        },
        {
            "id": "61554387563405",
            "count": 0,
            "name": "Trúc Thanh"
        },
        {
            "id": "61554200261231",
            "count": 0,
            "name": "Thảo Nhi"
        },
        {
            "id": "61556137620455",
            "count": 0,
            "name": "Ngọc Ánh"
        },
        {
            "id": "100037092790895",
            "count": 0,
            "name": "Satoh Thuan"
        },
        {
            "id": "100022043688628",
            "count": 0,
            "name": "Pham Duy Manh"
        },
        {
            "id": "100074415728466",
            "count": 0,
            "name": "Trăm Nguyễn 🥰💞"
        },
        {
            "id": "100001113278043",
            "count": 0,
            "name": "Phương Huyền"
        },
        {
            "id": "100089641236943",
            "count": 0,
            "name": "Đinh Ng Hoài Thu"
        },
        {
            "id": "61563905636952",
            "count": 0,
            "name": "Annh Tú"
        },
        {
            "id": "100093552316549",
            "count": 0,
            "name": "Tr Phuong"
        },
        {
            "id": "61552745827405",
            "count": 0,
            "name": "Nguyễn Hoàng"
        },
        {
            "id": "61559118477808",
            "count": 0,
            "name": "DDuc Anhh"
        }
    ],
    "time": 6,
    "last": {
        "time": 2,
        "day": [
            {
                "id": "100075386675487",
                "count": 0
            },
            {
                "id": "100081725794781",
                "count": 0
            },
            {
                "id": "100052537841041",
                "count": 0
            },
            {
                "id": "61552176620762",
                "count": 0
            },
            {
                "id": "61558281114662",
                "count": 0
            },
            {
                "id": "61566865810990",
                "count": 0
            },
            {
                "id": "61565184842371",
                "count": 0
            },
            {
                "id": "61559447371232",
                "count": 0
            },
            {
                "id": "100071192599506",
                "count": 0
            },
            {
                "id": "61566903441818",
                "count": 0
            },
            {
                "id": "61552976520881",
                "count": 0
            },
            {
                "id": "100068080366732",
                "count": 0
            },
            {
                "id": "61559079650241",
                "count": 0
            },
            {
                "id": "100089704261277",
                "count": 0
            },
            {
                "id": "61557422919743",
                "count": 0
            },
            {
                "id": "100076527132644",
                "count": 0
            },
            {
                "id": "100042550385970",
                "count": 0
            },
            {
                "id": "100068532673365",
                "count": 0
            },
            {
                "id": "100080957580771",
                "count": 0
            },
            {
                "id": "61557305323069",
                "count": 0
            },
            {
                "id": "100082257966481",
                "count": 0
            },
            {
                "id": "61563056697634",
                "count": 0
            },
            {
                "id": "100056142695614",
                "count": 0
            },
            {
                "id": "100014380033008",
                "count": 0
            },
            {
                "id": "100060194155951",
                "count": 0
            },
            {
                "id": "61556740927370",
                "count": 0
            },
            {
                "id": "100090084578668",
                "count": 0
            },
            {
                "id": "61557562102563",
                "count": 0
            },
            {
                "id": "61556993427839",
                "count": 0
            },
            {
                "id": "61559062813619",
                "count": 0
            },
            {
                "id": "61564242655889",
                "count": 0
            },
            {
                "id": "100077039040393",
                "count": 0
            },
            {
                "id": "61551900461983",
                "count": 0
            },
            {
                "id": "61566395979582",
                "count": 0
            },
            {
                "id": "100084260606796",
                "count": 0
            },
            {
                "id": "100076849911814",
                "count": 0
            },
            {
                "id": "100047871615155",
                "count": 0
            },
            {
                "id": "61554544346964",
                "count": 0
            },
            {
                "id": "100056749604491",
                "count": 0
            },
            {
                "id": "100034833402166",
                "count": 0
            },
            {
                "id": "61552363238697",
                "count": 0
            },
            {
                "id": "100083376082905",
                "count": 0
            },
            {
                "id": "100084488946152",
                "count": 0
            },
            {
                "id": "61564613550064",
                "count": 0
            },
            {
                "id": "100087617979103",
                "count": 0
            },
            {
                "id": "100046495008807",
                "count": 0
            },
            {
                "id": "61566587561930",
                "count": 0
            },
            {
                "id": "61557465284681",
                "count": 0
            },
            {
                "id": "100068272303015",
                "count": 0
            },
            {
                "id": "100075874505832",
                "count": 0
            },
            {
                "id": "100005399731418",
                "count": 0
            },
            {
                "id": "100033670550644",
                "count": 0
            },
            {
                "id": "61558760631436",
                "count": 0
            },
            {
                "id": "61562775224618",
                "count": 0
            },
            {
                "id": "100006687638196",
                "count": 0
            },
            {
                "id": "100088185297722",
                "count": 0
            },
            {
                "id": "100060562486887",
                "count": 0
            },
            {
                "id": "61566785684369",
                "count": 0
            },
            {
                "id": "100056863972382",
                "count": 0
            },
            {
                "id": "100050609572618",
                "count": 0
            },
            {
                "id": "100093801487470",
                "count": 0
            },
            {
                "id": "100089922057275",
                "count": 0
            },
            {
                "id": "100070750724512",
                "count": 0
            },
            {
                "id": "61559747660432",
                "count": 0
            },
            {
                "id": "61554085683752",
                "count": 0
            },
            {
                "id": "100014098174277",
                "count": 0
            },
            {
                "id": "100004761706287",
                "count": 0
            },
            {
                "id": "100056724798257",
                "count": 0
            },
            {
                "id": "100091084457345",
                "count": 0
            },
            {
                "id": "100065569729347",
                "count": 0
            },
            {
                "id": "100040256111827",
                "count": 0
            },
            {
                "id": "100054412625123",
                "count": 0
            },
            {
                "id": "100050543955684",
                "count": 0
            },
            {
                "id": "61566784640916",
                "count": 0
            },
            {
                "id": "100083817463301",
                "count": 0
            },
            {
                "id": "100048235187214",
                "count": 0
            },
            {
                "id": "100008775522900",
                "count": 0
            },
            {
                "id": "100078920124029",
                "count": 0
            },
            {
                "id": "61563475063639",
                "count": 0
            },
            {
                "id": "100017302518875",
                "count": 0
            },
            {
                "id": "61559469320758",
                "count": 0
            },
            {
                "id": "100030954491434",
                "count": 0
            },
            {
                "id": "61563513939633",
                "count": 0
            },
            {
                "id": "100074210591762",
                "count": 0
            },
            {
                "id": "100088265816400",
                "count": 0
            },
            {
                "id": "100042628700564",
                "count": 0
            },
            {
                "id": "100072209983510",
                "count": 0
            },
            {
                "id": "100026442677981",
                "count": 0
            },
            {
                "id": "100063901293368",
                "count": 0
            },
            {
                "id": "61561530282324",
                "count": 0
            },
            {
                "id": "100055512099429",
                "count": 0
            },
            {
                "id": "100093682316746",
                "count": 0
            },
            {
                "id": "100093270735333",
                "count": 0
            },
            {
                "id": "100087909304502",
                "count": 0
            },
            {
                "id": "100076068117686",
                "count": 0
            },
            {
                "id": "100062819661754",
                "count": 0
            },
            {
                "id": "100067128453560",
                "count": 0
            },
            {
                "id": "100018164079900",
                "count": 0
            },
            {
                "id": "100087622933953",
                "count": 0
            },
            {
                "id": "100085221607314",
                "count": 0
            },
            {
                "id": "100053134630842",
                "count": 0
            },
            {
                "id": "61550237511015",
                "count": 0
            },
            {
                "id": "61560798126245",
                "count": 0
            },
            {
                "id": "100016618094376",
                "count": 0
            },
            {
                "id": "100088915029028",
                "count": 0
            },
            {
                "id": "100055429311399",
                "count": 0
            },
            {
                "id": "61557445522655",
                "count": 0
            },
            {
                "id": "100084515973802",
                "count": 0
            },
            {
                "id": "100089702691367",
                "count": 0
            },
            {
                "id": "100010101856538",
                "count": 0
            },
            {
                "id": "100086460767663",
                "count": 0
            },
            {
                "id": "61564182280848",
                "count": 0
            },
            {
                "id": "61554387563405",
                "count": 0
            },
            {
                "id": "61554200261231",
                "count": 0
            },
            {
                "id": "61556137620455",
                "count": 0
            },
            {
                "id": "100037092790895",
                "count": 0
            },
            {
                "id": "100030160849427",
                "count": 0
            },
            {
                "id": "100022043688628",
                "count": 0
            },
            {
                "id": "100074415728466",
                "count": 0
            },
            {
                "id": "100001113278043",
                "count": 0
            },
            {
                "id": "100089641236943",
                "count": 0
            },
            {
                "id": "61563905636952",
                "count": 0
            },
            {
                "id": "100093552316549",
                "count": 0
            },
            {
                "id": "61552745827405",
                "count": 0
            },
            {
                "id": "61559118477808",
                "count": 0
            }
        ],
        "week": [
            {
                "id": "100075386675487",
                "count": 0
            },
            {
                "id": "100081725794781",
                "count": 0
            },
            {
                "id": "100052537841041",
                "count": 0
            },
            {
                "id": "61552176620762",
                "count": 0
            },
            {
                "id": "61558281114662",
                "count": 0
            },
            {
                "id": "61566865810990",
                "count": 0
            },
            {
                "id": "61565184842371",
                "count": 0
            },
            {
                "id": "61559447371232",
                "count": 0
            },
            {
                "id": "100071192599506",
                "count": 0
            },
            {
                "id": "61566903441818",
                "count": 0
            },
            {
                "id": "61552976520881",
                "count": 0
            },
            {
                "id": "100068080366732",
                "count": 0
            },
            {
                "id": "61559079650241",
                "count": 0
            },
            {
                "id": "100089704261277",
                "count": 0
            },
            {
                "id": "61557422919743",
                "count": 0
            },
            {
                "id": "100076527132644",
                "count": 0
            },
            {
                "id": "100042550385970",
                "count": 0
            },
            {
                "id": "100068532673365",
                "count": 0
            },
            {
                "id": "100080957580771",
                "count": 0
            },
            {
                "id": "61557305323069",
                "count": 0
            },
            {
                "id": "100082257966481",
                "count": 0
            },
            {
                "id": "61563056697634",
                "count": 0
            },
            {
                "id": "100056142695614",
                "count": 0
            },
            {
                "id": "100014380033008",
                "count": 0
            },
            {
                "id": "100060194155951",
                "count": 0
            },
            {
                "id": "61556740927370",
                "count": 0
            },
            {
                "id": "100090084578668",
                "count": 0
            },
            {
                "id": "61557562102563",
                "count": 0
            },
            {
                "id": "61556993427839",
                "count": 0
            },
            {
                "id": "61559062813619",
                "count": 0
            },
            {
                "id": "61564242655889",
                "count": 0
            },
            {
                "id": "100077039040393",
                "count": 0
            },
            {
                "id": "61551900461983",
                "count": 0
            },
            {
                "id": "61566395979582",
                "count": 0
            },
            {
                "id": "100084260606796",
                "count": 0
            },
            {
                "id": "100076849911814",
                "count": 0
            },
            {
                "id": "100047871615155",
                "count": 0
            },
            {
                "id": "61554544346964",
                "count": 0
            },
            {
                "id": "100056749604491",
                "count": 0
            },
            {
                "id": "100034833402166",
                "count": 0
            },
            {
                "id": "61552363238697",
                "count": 0
            },
            {
                "id": "100083376082905",
                "count": 0
            },
            {
                "id": "100084488946152",
                "count": 0
            },
            {
                "id": "61564613550064",
                "count": 0
            },
            {
                "id": "100087617979103",
                "count": 0
            },
            {
                "id": "100046495008807",
                "count": 0
            },
            {
                "id": "61566587561930",
                "count": 0
            },
            {
                "id": "61557465284681",
                "count": 0
            },
            {
                "id": "100068272303015",
                "count": 0
            },
            {
                "id": "100075874505832",
                "count": 0
            },
            {
                "id": "100005399731418",
                "count": 0
            },
            {
                "id": "100033670550644",
                "count": 0
            },
            {
                "id": "61558760631436",
                "count": 0
            },
            {
                "id": "61562775224618",
                "count": 0
            },
            {
                "id": "100006687638196",
                "count": 0
            },
            {
                "id": "100088185297722",
                "count": 0
            },
            {
                "id": "100060562486887",
                "count": 0
            },
            {
                "id": "61566785684369",
                "count": 0
            },
            {
                "id": "100056863972382",
                "count": 0
            },
            {
                "id": "100050609572618",
                "count": 0
            },
            {
                "id": "100093801487470",
                "count": 0
            },
            {
                "id": "100089922057275",
                "count": 0
            },
            {
                "id": "100070750724512",
                "count": 0
            },
            {
                "id": "61559747660432",
                "count": 0
            },
            {
                "id": "61554085683752",
                "count": 0
            },
            {
                "id": "100014098174277",
                "count": 0
            },
            {
                "id": "100004761706287",
                "count": 0
            },
            {
                "id": "100056724798257",
                "count": 0
            },
            {
                "id": "100091084457345",
                "count": 0
            },
            {
                "id": "100065569729347",
                "count": 0
            },
            {
                "id": "100040256111827",
                "count": 0
            },
            {
                "id": "100054412625123",
                "count": 0
            },
            {
                "id": "100050543955684",
                "count": 0
            },
            {
                "id": "61566784640916",
                "count": 0
            },
            {
                "id": "100083817463301",
                "count": 0
            },
            {
                "id": "100048235187214",
                "count": 0
            },
            {
                "id": "100008775522900",
                "count": 0
            },
            {
                "id": "100078920124029",
                "count": 0
            },
            {
                "id": "61563475063639",
                "count": 0
            },
            {
                "id": "100017302518875",
                "count": 0
            },
            {
                "id": "61559469320758",
                "count": 0
            },
            {
                "id": "100030954491434",
                "count": 0
            },
            {
                "id": "61563513939633",
                "count": 0
            },
            {
                "id": "100074210591762",
                "count": 0
            },
            {
                "id": "100088265816400",
                "count": 0
            },
            {
                "id": "100042628700564",
                "count": 0
            },
            {
                "id": "100072209983510",
                "count": 0
            },
            {
                "id": "100026442677981",
                "count": 0
            },
            {
                "id": "100063901293368",
                "count": 0
            },
            {
                "id": "61561530282324",
                "count": 0
            },
            {
                "id": "100055512099429",
                "count": 0
            },
            {
                "id": "100093682316746",
                "count": 0
            },
            {
                "id": "100093270735333",
                "count": 0
            },
            {
                "id": "100087909304502",
                "count": 0
            },
            {
                "id": "100076068117686",
                "count": 0
            },
            {
                "id": "100062819661754",
                "count": 0
            },
            {
                "id": "100067128453560",
                "count": 0
            },
            {
                "id": "100018164079900",
                "count": 0
            },
            {
                "id": "100087622933953",
                "count": 0
            },
            {
                "id": "100085221607314",
                "count": 0
            },
            {
                "id": "100053134630842",
                "count": 0
            },
            {
                "id": "61550237511015",
                "count": 0
            },
            {
                "id": "61560798126245",
                "count": 0
            },
            {
                "id": "100016618094376",
                "count": 0
            },
            {
                "id": "100088915029028",
                "count": 0
            },
            {
                "id": "100055429311399",
                "count": 0
            },
            {
                "id": "61557445522655",
                "count": 0
            },
            {
                "id": "100084515973802",
                "count": 0
            },
            {
                "id": "100089702691367",
                "count": 0
            },
            {
                "id": "100010101856538",
                "count": 0
            },
            {
                "id": "100086460767663",
                "count": 0
            },
            {
                "id": "61564182280848",
                "count": 0
            },
            {
                "id": "61554387563405",
                "count": 0
            },
            {
                "id": "61554200261231",
                "count": 0
            },
            {
                "id": "61556137620455",
                "count": 0
            },
            {
                "id": "100037092790895",
                "count": 0
            },
            {
                "id": "100030160849427",
                "count": 0
            },
            {
                "id": "100022043688628",
                "count": 0
            },
            {
                "id": "100074415728466",
                "count": 0
            },
            {
                "id": "100001113278043",
                "count": 0
            },
            {
                "id": "100089641236943",
                "count": 0
            },
            {
                "id": "61563905636952",
                "count": 0
            },
            {
                "id": "100093552316549",
                "count": 0
            },
            {
                "id": "61552745827405",
                "count": 0
            },
            {
                "id": "61559118477808",
                "count": 0
            }
        ]
    }
}