{
    "total": [
        {
            "id": "100057544456898",
            "count": 0
        },
        {
            "id": "100067411123201",
            "count": 10
        },
        {
            "id": "100023701564240",
            "count": 0
        },
        {
            "id": "61556707102305",
            "count": 12
        },
        {
            "id": "100012673321016",
            "count": 0
        },
        {
            "id": "100066489441947",
            "count": 0
        },
        {
            "id": "61559079650241",
            "count": 10
        },
        {
            "id": "61561530282324",
            "count": 0
        }
    ],
    "week": [
        {
            "id": "100057544456898",
            "count": 0,
            "name": "Nguyễn Quốc Hiếu"
        },
        {
            "id": "100067411123201",
            "count": 0,
            "name": "Nguyễn Minh Anh"
        },
        {
            "id": "100023701564240",
            "count": 0,
            "name": "Vương Văn Long"
        },
        {
            "id": "61556707102305",
            "count": 0,
            "name": "Dương Văn Sáng"
        },
        {
            "id": "100012673321016",
            "count": 0,
            "name": "Thanh Trúc"
        },
        {
            "id": "100066489441947",
            "count": 0,
            "name": "Tuan Long"
        },
        {
            "id": "61559079650241",
            "count": 0,
            "name": "Nguyễn Thanh Tùng"
        },
        {
            "id": "61561530282324",
            "count": 0,
            "name": "Roronoa Xoro"
        }
    ],
    "day": [
        {
            "id": "100057544456898",
            "count": 0,
            "name": "Nguyễn Quốc Hiếu"
        },
        {
            "id": "100067411123201",
            "count": 0,
            "name": "Nguyễn Minh Anh"
        },
        {
            "id": "100023701564240",
            "count": 0,
            "name": "Vương Văn Long"
        },
        {
            "id": "61556707102305",
            "count": 0,
            "name": "Dương Văn Sáng"
        },
        {
            "id": "100012673321016",
            "count": 0,
            "name": "Thanh Trúc"
        },
        {
            "id": "100066489441947",
            "count": 0,
            "name": "Tuan Long"
        },
        {
            "id": "61559079650241",
            "count": 0,
            "name": "Nguyễn Thanh Tùng"
        },
        {
            "id": "61561530282324",
            "count": 0,
            "name": "Roronoa Xoro"
        }
    ],
    "time": 6,
    "last": {
        "time": 0,
        "day": [
            {
                "id": "100057544456898",
                "count": 0
            },
            {
                "id": "100067411123201",
                "count": 0
            },
            {
                "id": "100023701564240",
                "count": 0
            },
            {
                "id": "61556707102305",
                "count": 0
            },
            {
                "id": "100012673321016",
                "count": 0
            },
            {
                "id": "100066489441947",
                "count": 0
            },
            {
                "id": "61559079650241",
                "count": 0
            },
            {
                "id": "61561530282324",
                "count": 0
            }
        ],
        "week": [
            {
                "id": "100057544456898",
                "count": 0
            },
            {
                "id": "100067411123201",
                "count": 0
            },
            {
                "id": "100023701564240",
                "count": 0
            },
            {
                "id": "61556707102305",
                "count": 0
            },
            {
                "id": "100012673321016",
                "count": 0
            },
            {
                "id": "100066489441947",
                "count": 0
            },
            {
                "id": "61559079650241",
                "count": 0
            },
            {
                "id": "61561530282324",
                "count": 0
            }
        ]
    }
}