{
    "total": [
        {
            "id": "61559079650241",
            "count": 226
        },
        {
            "id": "100039470115552",
            "count": 84
        },
        {
            "id": "61566826751267",
            "count": 0
        },
        {
            "id": "100093389817459",
            "count": 12
        },
        {
            "id": "61561530282324",
            "count": 2
        }
    ],
    "week": [
        {
            "id": "61559079650241",
            "count": 0,
            "name": "Nguyễn Thanh Tùng"
        },
        {
            "id": "100039470115552",
            "count": 0,
            "name": "Ánh Thủy"
        },
        {
            "id": "61566826751267",
            "count": 0,
            "name": "Tùng Thanh"
        },
        {
            "id": "100093389817459",
            "count": 0,
            "name": "Nguyễn Thu Ngân"
        },
        {
            "id": "61561530282324",
            "count": 2,
            "name": "Roronoa Xoro"
        }
    ],
    "day": [
        {
            "id": "61559079650241",
            "count": 0,
            "name": "Nguyễn Thanh Tùng"
        },
        {
            "id": "100039470115552",
            "count": 0,
            "name": "Ánh Thủy"
        },
        {
            "id": "61566826751267",
            "count": 0,
            "name": "Tùng Thanh"
        },
        {
            "id": "100093389817459",
            "count": 0,
            "name": "Nguyễn Thu Ngân"
        },
        {
            "id": "61561530282324",
            "count": 0,
            "name": "Roronoa Xoro"
        }
    ],
    "time": 6,
    "last": {
        "time": 2,
        "day": [
            {
                "id": "100073644729537",
                "count": 0
            },
            {
                "id": "100036553929280",
                "count": 0
            },
            {
                "id": "100065524680864",
                "count": 0
            },
            {
                "id": "100087067992887",
                "count": 0
            },
            {
                "id": "100033506498957",
                "count": 0
            },
            {
                "id": "100018624191396",
                "count": 0
            },
            {
                "id": "61550092087912",
                "count": 0
            },
            {
                "id": "61554589445053",
                "count": 0
            },
            {
                "id": "100071590716980",
                "count": 0
            },
            {
                "id": "100040551601673",
                "count": 0
            },
            {
                "id": "61560219527271",
                "count": 0
            },
            {
                "id": "100044901931371",
                "count": 0
            },
            {
                "id": "100009812044005",
                "count": 0
            },
            {
                "id": "100042307953149",
                "count": 0
            },
            {
                "id": "61560407471494",
                "count": 0
            },
            {
                "id": "61560064555016",
                "count": 0
            },
            {
                "id": "100047106912575",
                "count": 0
            },
            {
                "id": "100037038984327",
                "count": 0
            },
            {
                "id": "100027635780866",
                "count": 0
            },
            {
                "id": "100089111199151",
                "count": 0
            },
            {
                "id": "100043974534204",
                "count": 0
            },
            {
                "id": "61557542226441",
                "count": 0
            },
            {
                "id": "100089099854885",
                "count": 0
            },
            {
                "id": "100079193190730",
                "count": 0
            },
            {
                "id": "100065229578153",
                "count": 0
            },
            {
                "id": "100079033382770",
                "count": 0
            },
            {
                "id": "100016685055888",
                "count": 0
            },
            {
                "id": "100069293955420",
                "count": 0
            },
            {
                "id": "100022457735973",
                "count": 0
            },
            {
                "id": "100073019707436",
                "count": 0
            },
            {
                "id": "100025935793697",
                "count": 0
            },
            {
                "id": "100086202093828",
                "count": 0
            },
            {
                "id": "100005741766182",
                "count": 0
            },
            {
                "id": "100064755677761",
                "count": 0
            },
            {
                "id": "61550945002906",
                "count": 0
            },
            {
                "id": "100085928907669",
                "count": 0
            },
            {
                "id": "100013120572923",
                "count": 0
            },
            {
                "id": "61554349977498",
                "count": 0
            },
            {
                "id": "100085277231271",
                "count": 0
            },
            {
                "id": "100079916960986",
                "count": 0
            },
            {
                "id": "100027643362439",
                "count": 0
            },
            {
                "id": "100073939692126",
                "count": 0
            },
            {
                "id": "100034582835060",
                "count": 0
            },
            {
                "id": "100073301371012",
                "count": 0
            },
            {
                "id": "100086513873951",
                "count": 0
            },
            {
                "id": "61565686502774",
                "count": 0
            },
            {
                "id": "100070140961464",
                "count": 0
            },
            {
                "id": "100089607897361",
                "count": 0
            },
            {
                "id": "100058357404674",
                "count": 0
            },
            {
                "id": "61552163852241",
                "count": 0
            },
            {
                "id": "100071353512735",
                "count": 0
            },
            {
                "id": "100002932484607",
                "count": 0
            },
            {
                "id": "100086225961216",
                "count": 0
            },
            {
                "id": "61566533795355",
                "count": 0
            },
            {
                "id": "61551063207076",
                "count": 0
            },
            {
                "id": "100038626906159",
                "count": 0
            },
            {
                "id": "100076080214605",
                "count": 0
            },
            {
                "id": "100012749594048",
                "count": 0
            },
            {
                "id": "100017744312019",
                "count": 0
            },
            {
                "id": "61559079650241",
                "count": 0
            },
            {
                "id": "61566826751267",
                "count": 0
            },
            {
                "id": "61561530282324",
                "count": 0
            },
            {
                "id": "100003084774641",
                "count": 0
            },
            {
                "id": "61553000725708",
                "count": 0
            },
            {
                "id": "100039470115552",
                "count": 0
            },
            {
                "id": "100053891540423",
                "count": 0
            },
            {
                "id": "61552060623980",
                "count": 0
            },
            {
                "id": "61557008481875",
                "count": 0
            },
            {
                "id": "100087786853423",
                "count": 0
            },
            {
                "id": "100004752336149",
                "count": 0
            },
            {
                "id": "100090492670896",
                "count": 0
            },
            {
                "id": "100080684136704",
                "count": 0
            },
            {
                "id": "100067088740260",
                "count": 0
            },
            {
                "id": "100027765844006",
                "count": 0
            },
            {
                "id": "100094477432403",
                "count": 0
            },
            {
                "id": "100085625397461",
                "count": 0
            },
            {
                "id": "100055529637163",
                "count": 0
            },
            {
                "id": "100052852044134",
                "count": 0
            },
            {
                "id": "61566171441498",
                "count": 0
            },
            {
                "id": "100093389817459",
                "count": 0
            }
        ],
        "week": [
            {
                "id": "100073644729537",
                "count": 0
            },
            {
                "id": "100036553929280",
                "count": 0
            },
            {
                "id": "100065524680864",
                "count": 0
            },
            {
                "id": "100087067992887",
                "count": 0
            },
            {
                "id": "100033506498957",
                "count": 0
            },
            {
                "id": "100018624191396",
                "count": 0
            },
            {
                "id": "61550092087912",
                "count": 0
            },
            {
                "id": "61554589445053",
                "count": 0
            },
            {
                "id": "100071590716980",
                "count": 0
            },
            {
                "id": "100040551601673",
                "count": 0
            },
            {
                "id": "61560219527271",
                "count": 0
            },
            {
                "id": "100044901931371",
                "count": 0
            },
            {
                "id": "100009812044005",
                "count": 0
            },
            {
                "id": "100042307953149",
                "count": 0
            },
            {
                "id": "61560407471494",
                "count": 0
            },
            {
                "id": "61560064555016",
                "count": 0
            },
            {
                "id": "100047106912575",
                "count": 0
            },
            {
                "id": "100037038984327",
                "count": 0
            },
            {
                "id": "100027635780866",
                "count": 0
            },
            {
                "id": "100089111199151",
                "count": 0
            },
            {
                "id": "100043974534204",
                "count": 0
            },
            {
                "id": "61557542226441",
                "count": 0
            },
            {
                "id": "100089099854885",
                "count": 0
            },
            {
                "id": "100079193190730",
                "count": 0
            },
            {
                "id": "100065229578153",
                "count": 0
            },
            {
                "id": "100079033382770",
                "count": 0
            },
            {
                "id": "100016685055888",
                "count": 0
            },
            {
                "id": "100069293955420",
                "count": 0
            },
            {
                "id": "100022457735973",
                "count": 0
            },
            {
                "id": "100073019707436",
                "count": 0
            },
            {
                "id": "100025935793697",
                "count": 0
            },
            {
                "id": "100086202093828",
                "count": 0
            },
            {
                "id": "100005741766182",
                "count": 0
            },
            {
                "id": "100064755677761",
                "count": 0
            },
            {
                "id": "61550945002906",
                "count": 0
            },
            {
                "id": "100085928907669",
                "count": 0
            },
            {
                "id": "100013120572923",
                "count": 0
            },
            {
                "id": "61554349977498",
                "count": 0
            },
            {
                "id": "100085277231271",
                "count": 0
            },
            {
                "id": "100079916960986",
                "count": 0
            },
            {
                "id": "100027643362439",
                "count": 0
            },
            {
                "id": "100073939692126",
                "count": 0
            },
            {
                "id": "100034582835060",
                "count": 0
            },
            {
                "id": "100073301371012",
                "count": 0
            },
            {
                "id": "100086513873951",
                "count": 0
            },
            {
                "id": "61565686502774",
                "count": 0
            },
            {
                "id": "100070140961464",
                "count": 0
            },
            {
                "id": "100089607897361",
                "count": 0
            },
            {
                "id": "100058357404674",
                "count": 0
            },
            {
                "id": "61552163852241",
                "count": 0
            },
            {
                "id": "100071353512735",
                "count": 0
            },
            {
                "id": "100002932484607",
                "count": 0
            },
            {
                "id": "100086225961216",
                "count": 0
            },
            {
                "id": "61566533795355",
                "count": 0
            },
            {
                "id": "61551063207076",
                "count": 0
            },
            {
                "id": "100038626906159",
                "count": 0
            },
            {
                "id": "100076080214605",
                "count": 0
            },
            {
                "id": "100012749594048",
                "count": 0
            },
            {
                "id": "100017744312019",
                "count": 0
            },
            {
                "id": "61559079650241",
                "count": 0
            },
            {
                "id": "61566826751267",
                "count": 0
            },
            {
                "id": "61561530282324",
                "count": 0
            },
            {
                "id": "100003084774641",
                "count": 0
            },
            {
                "id": "61553000725708",
                "count": 0
            },
            {
                "id": "100039470115552",
                "count": 0
            },
            {
                "id": "100053891540423",
                "count": 0
            },
            {
                "id": "61552060623980",
                "count": 0
            },
            {
                "id": "61557008481875",
                "count": 0
            },
            {
                "id": "100087786853423",
                "count": 0
            },
            {
                "id": "100004752336149",
                "count": 0
            },
            {
                "id": "100090492670896",
                "count": 0
            },
            {
                "id": "100080684136704",
                "count": 0
            },
            {
                "id": "100067088740260",
                "count": 0
            },
            {
                "id": "100027765844006",
                "count": 0
            },
            {
                "id": "100094477432403",
                "count": 0
            },
            {
                "id": "100085625397461",
                "count": 0
            },
            {
                "id": "100055529637163",
                "count": 0
            },
            {
                "id": "100052852044134",
                "count": 0
            },
            {
                "id": "61566171441498",
                "count": 0
            },
            {
                "id": "100093389817459",
                "count": 0
            }
        ]
    }
}