{
    "total": [
        {
            "id": "100082920265631",
            "count": 0
        },
        {
            "id": "100079917672513",
            "count": 0
        },
        {
            "id": "100041121319863",
            "count": 8
        },
        {
            "id": "61550540369882",
            "count": 5
        },
        {
            "id": "61552423621449",
            "count": 0
        },
        {
            "id": "61556917857366",
            "count": 2
        },
        {
            "id": "100075534391123",
            "count": 0
        },
        {
            "id": "61559248086806",
            "count": 0
        },
        {
            "id": "61555846787248",
            "count": 1
        },
        {
            "id": "100083708317296",
            "count": 94
        },
        {
            "id": "61563770764153",
            "count": 4
        },
        {
            "id": "61559480153992",
            "count": 0
        },
        {
            "id": "61565969280598",
            "count": 6
        },
        {
            "id": "61565351676226",
            "count": 0
        },
        {
            "id": "61567033207472",
            "count": 36
        },
        {
            "id": "61566826751267",
            "count": 0
        },
        {
            "id": "61561530282324",
            "count": 0
        },
        {
            "id": "100083920076199",
            "count": 3
        },
        {
            "id": "100023276603562",
            "count": 0
        },
        {
            "id": "61556879559906",
            "count": 6
        },
        {
            "id": "61559079650241",
            "count": 7
        },
        {
            "id": "61550956843514",
            "count": 9
        },
        {
            "id": "61564977123589",
            "count": 38
        },
        {
            "id": "100081280207022",
            "count": 0
        },
        {
            "id": "100006969343104",
            "count": 2
        }
    ],
    "week": [
        {
            "id": "100082920265631",
            "count": 0,
            "name": "Gia An"
        },
        {
            "id": "100079917672513",
            "count": 0,
            "name": "Ph Khánh Ly"
        },
        {
            "id": "100041121319863",
            "count": 0,
            "name": "Nguyễn Thư"
        },
        {
            "id": "61550540369882",
            "count": 0,
            "name": "Tr Gia Hoa"
        },
        {
            "id": "61552423621449",
            "count": 0,
            "name": "Hiếu Trung"
        },
        {
            "id": "61556917857366",
            "count": 0,
            "name": "Thiên An"
        },
        {
            "id": "100075534391123",
            "count": 0,
            "name": "VT Bảo Ngọc"
        },
        {
            "id": "61559248086806",
            "count": 0,
            "name": "Phạmm Longg"
        },
        {
            "id": "61555846787248",
            "count": 0,
            "name": "Nguyễn San"
        },
        {
            "id": "100083708317296",
            "count": 0,
            "name": "Pt Vu"
        },
        {
            "id": "61563770764153",
            "count": 0,
            "name": "Cô Bé Hay Suy"
        },
        {
            "id": "61559480153992",
            "count": 0,
            "name": "Cun Xinh"
        },
        {
            "id": "61565969280598",
            "count": 0,
            "name": "Linh Phuong"
        },
        {
            "id": "61565351676226",
            "count": 0,
            "name": "Ngọc Linh"
        },
        {
            "id": "61567033207472",
            "count": 0,
            "name": "Ng Hoàng Zĩnh"
        },
        {
            "id": "61566826751267",
            "count": 0,
            "name": "Tùng Thanh"
        },
        {
            "id": "61561530282324",
            "count": 0,
            "name": "Roronoa Xoro"
        },
        {
            "id": "100083920076199",
            "count": 0,
            "name": "Trần Minh Anh"
        },
        {
            "id": "100023276603562",
            "count": 0,
            "name": "Khánh Đann"
        },
        {
            "id": "61556879559906",
            "count": 0,
            "name": "Đặng Minh Quân"
        },
        {
            "id": "61559079650241",
            "count": 0,
            "name": "Nguyễn Thanh Tùng"
        },
        {
            "id": "61550956843514",
            "count": 0,
            "name": "P.Linh"
        },
        {
            "id": "61564977123589",
            "count": 0,
            "name": "Nguyễn Linh"
        },
        {
            "id": "100081280207022",
            "count": 0,
            "name": "Người dùng facebook"
        },
        {
            "id": "100006969343104",
            "count": 0,
            "name": "Ngọc Kim"
        }
    ],
    "day": [
        {
            "id": "100082920265631",
            "count": 0,
            "name": "Gia An"
        },
        {
            "id": "100079917672513",
            "count": 0,
            "name": "Ph Khánh Ly"
        },
        {
            "id": "100041121319863",
            "count": 0,
            "name": "Nguyễn Thư"
        },
        {
            "id": "61550540369882",
            "count": 0,
            "name": "Tr Gia Hoa"
        },
        {
            "id": "61552423621449",
            "count": 0,
            "name": "Hiếu Trung"
        },
        {
            "id": "61556917857366",
            "count": 0,
            "name": "Thiên An"
        },
        {
            "id": "100075534391123",
            "count": 0,
            "name": "VT Bảo Ngọc"
        },
        {
            "id": "61559248086806",
            "count": 0,
            "name": "Phạmm Longg"
        },
        {
            "id": "61555846787248",
            "count": 0,
            "name": "Nguyễn San"
        },
        {
            "id": "100083708317296",
            "count": 0,
            "name": "Pt Vu"
        },
        {
            "id": "61563770764153",
            "count": 0,
            "name": "Cô Bé Hay Suy"
        },
        {
            "id": "61559480153992",
            "count": 0,
            "name": "Cun Xinh"
        },
        {
            "id": "61565969280598",
            "count": 0,
            "name": "Linh Phuong"
        },
        {
            "id": "61565351676226",
            "count": 0,
            "name": "Ngọc Linh"
        },
        {
            "id": "61567033207472",
            "count": 0,
            "name": "Ng Hoàng Zĩnh"
        },
        {
            "id": "61566826751267",
            "count": 0,
            "name": "Tùng Thanh"
        },
        {
            "id": "61561530282324",
            "count": 0,
            "name": "Roronoa Xoro"
        },
        {
            "id": "100083920076199",
            "count": 0,
            "name": "Trần Minh Anh"
        },
        {
            "id": "100023276603562",
            "count": 0,
            "name": "Khánh Đann"
        },
        {
            "id": "61556879559906",
            "count": 0,
            "name": "Đặng Minh Quân"
        },
        {
            "id": "61559079650241",
            "count": 0,
            "name": "Nguyễn Thanh Tùng"
        },
        {
            "id": "61550956843514",
            "count": 0,
            "name": "P.Linh"
        },
        {
            "id": "61564977123589",
            "count": 0,
            "name": "Nguyễn Linh"
        },
        {
            "id": "100081280207022",
            "count": 0,
            "name": "Người dùng facebook"
        },
        {
            "id": "100006969343104",
            "count": 0,
            "name": "Ngọc Kim"
        }
    ],
    "time": 6,
    "last": {
        "time": 0,
        "day": [
            {
                "id": "100082920265631",
                "count": 0
            },
            {
                "id": "100079917672513",
                "count": 0
            },
            {
                "id": "100041121319863",
                "count": 0
            },
            {
                "id": "61550540369882",
                "count": 0
            },
            {
                "id": "61552423621449",
                "count": 0
            },
            {
                "id": "61556917857366",
                "count": 0
            },
            {
                "id": "100075534391123",
                "count": 0
            },
            {
                "id": "61559248086806",
                "count": 0
            },
            {
                "id": "61559079650241",
                "count": 0
            },
            {
                "id": "61555846787248",
                "count": 0
            },
            {
                "id": "100083708317296",
                "count": 0
            },
            {
                "id": "61563770764153",
                "count": 0
            },
            {
                "id": "61559480153992",
                "count": 0
            },
            {
                "id": "61565969280598",
                "count": 0
            },
            {
                "id": "61565351676226",
                "count": 0
            },
            {
                "id": "61567033207472",
                "count": 0
            },
            {
                "id": "61566826751267",
                "count": 0
            },
            {
                "id": "61561530282324",
                "count": 0
            },
            {
                "id": "100083920076199",
                "count": 0
            },
            {
                "id": "100023276603562",
                "count": 0
            },
            {
                "id": "61556879559906",
                "count": 0
            },
            {
                "id": "61550956843514",
                "count": 0
            },
            {
                "id": "61564977123589",
                "count": 0
            },
            {
                "id": "100081280207022",
                "count": 0
            },
            {
                "id": "100006969343104",
                "count": 0
            }
        ],
        "week": [
            {
                "id": "100082920265631",
                "count": 0
            },
            {
                "id": "100079917672513",
                "count": 0
            },
            {
                "id": "100041121319863",
                "count": 0
            },
            {
                "id": "61550540369882",
                "count": 0
            },
            {
                "id": "61552423621449",
                "count": 0
            },
            {
                "id": "61556917857366",
                "count": 0
            },
            {
                "id": "100075534391123",
                "count": 0
            },
            {
                "id": "61559248086806",
                "count": 0
            },
            {
                "id": "61559079650241",
                "count": 0
            },
            {
                "id": "61555846787248",
                "count": 0
            },
            {
                "id": "100083708317296",
                "count": 0
            },
            {
                "id": "61563770764153",
                "count": 0
            },
            {
                "id": "61559480153992",
                "count": 0
            },
            {
                "id": "61565969280598",
                "count": 0
            },
            {
                "id": "61565351676226",
                "count": 0
            },
            {
                "id": "61567033207472",
                "count": 0
            },
            {
                "id": "61566826751267",
                "count": 0
            },
            {
                "id": "61561530282324",
                "count": 0
            },
            {
                "id": "100083920076199",
                "count": 0
            },
            {
                "id": "100023276603562",
                "count": 0
            },
            {
                "id": "61556879559906",
                "count": 0
            },
            {
                "id": "61550956843514",
                "count": 0
            },
            {
                "id": "61564977123589",
                "count": 0
            },
            {
                "id": "100081280207022",
                "count": 0
            },
            {
                "id": "100006969343104",
                "count": 0
            }
        ]
    }
}