{
    "total": [
        {
            "id": "100085073240621",
            "count": 24
        },
        {
            "id": "61561530282324",
            "count": 0
        },
        {
            "id": "100077018405888",
            "count": 47
        }
    ],
    "week": [
        {
            "id": "100085073240621",
            "count": 1,
            "name": "Dang Gia Khanh"
        },
        {
            "id": "61561530282324",
            "count": 0,
            "name": "Roronoa Xoro"
        },
        {
            "id": "100077018405888",
            "count": 0,
            "name": "Người dùng Facebook"
        }
    ],
    "day": [
        {
            "id": "100085073240621",
            "count": 0,
            "name": "Dang Gia Khanh"
        },
        {
            "id": "61561530282324",
            "count": 0,
            "name": "Roronoa Xoro"
        },
        {
            "id": "100077018405888",
            "count": 0,
            "name": "Cậu Ba"
        }
    ],
    "time": 6,
    "last": {
        "time": 4,
        "day": [
            {
                "id": "100085073240621",
                "count": 0
            },
            {
                "id": "61561734688323",
                "count": 0
            },
            {
                "id": "61561530282324",
                "count": 0
            },
            {
                "id": "100087128565622",
                "count": 0
            },
            {
                "id": "100077018405888",
                "count": 0
            }
        ],
        "week": [
            {
                "id": "100085073240621",
                "count": 0
            },
            {
                "id": "61561734688323",
                "count": 0
            },
            {
                "id": "61561530282324",
                "count": 0
            },
            {
                "id": "100087128565622",
                "count": 0
            },
            {
                "id": "100077018405888",
                "count": 0
            }
        ]
    }
}