{
    "total": [
        {
            "id": "100076427276402",
            "count": 0
        },
        {
            "id": "61554209349819",
            "count": 0
        },
        {
            "id": "100079107787764",
            "count": 3
        },
        {
            "id": "100080418210790",
            "count": 45
        },
        {
            "id": "100081302041378",
            "count": 5
        },
        {
            "id": "61550323947018",
            "count": 0
        },
        {
            "id": "61563062127506",
            "count": 0
        },
        {
            "id": "100021804451469",
            "count": 0
        },
        {
            "id": "100086922708956",
            "count": 0
        },
        {
            "id": "100015377551552",
            "count": 0
        },
        {
            "id": "100064791009871",
            "count": 0
        },
        {
            "id": "100094670597393",
            "count": 0
        },
        {
            "id": "100050985944023",
            "count": 0
        },
        {
            "id": "100039910667288",
            "count": 7
        },
        {
            "id": "100051753615473",
            "count": 0
        },
        {
            "id": "100060793486191",
            "count": 0
        },
        {
            "id": "100069718993907",
            "count": 0
        },
        {
            "id": "100083454740931",
            "count": 0
        },
        {
            "id": "100045699785906",
            "count": 0
        },
        {
            "id": "100082412118049",
            "count": 0
        },
        {
            "id": "100085446887947",
            "count": 0
        },
        {
            "id": "100066489441947",
            "count": 0
        },
        {
            "id": "100067056377716",
            "count": 0
        },
        {
            "id": "100034565326713",
            "count": 0
        },
        {
            "id": "100082444599942",
            "count": 2
        },
        {
            "id": "61550927970101",
            "count": 6
        },
        {
            "id": "100009191795973",
            "count": 0
        },
        {
            "id": "100064027345932",
            "count": 1
        },
        {
            "id": "61559079650241",
            "count": 28
        },
        {
            "id": "100029223124450",
            "count": 2
        },
        {
            "id": "61561530282324",
            "count": 0
        },
        {
            "id": "100079049570490",
            "count": 0
        }
    ],
    "week": [
        {
            "id": "100076427276402",
            "count": 0,
            "name": "Lê Trần Trung Đức"
        },
        {
            "id": "61554209349819",
            "count": 0,
            "name": "Hồ Quốc Huy"
        },
        {
            "id": "100079107787764",
            "count": 0,
            "name": "Hải"
        },
        {
            "id": "100080418210790",
            "count": 0,
            "name": "Nguyễn Thuỳ Trang"
        },
        {
            "id": "100081302041378",
            "count": 0,
            "name": "Quynn Moon"
        },
        {
            "id": "61550323947018",
            "count": 0,
            "name": "LV Quang Anhh"
        },
        {
            "id": "61563062127506",
            "count": 0,
            "name": "Nguyễn Thị Yến Mai"
        },
        {
            "id": "100021804451469",
            "count": 0,
            "name": "Maaii Phươngg"
        },
        {
            "id": "100086922708956",
            "count": 0,
            "name": "Mây Nhỏ"
        },
        {
            "id": "100015377551552",
            "count": 0,
            "name": "Thư Anh"
        },
        {
            "id": "100064791009871",
            "count": 0,
            "name": "Bánh Tiêu"
        },
        {
            "id": "100094670597393",
            "count": 0,
            "name": "Duc Khanh"
        },
        {
            "id": "100050985944023",
            "count": 0,
            "name": "Kim Anh Tran"
        },
        {
            "id": "100039910667288",
            "count": 0,
            "name": "Nguyễn Lan Phương"
        },
        {
            "id": "100051753615473",
            "count": 0,
            "name": "ptrang へ"
        },
        {
            "id": "100060793486191",
            "count": 0,
            "name": "Thu Hà"
        },
        {
            "id": "100069718993907",
            "count": 0,
            "name": "Hoang Trang"
        },
        {
            "id": "100083454740931",
            "count": 0,
            "name": "Thanh Tuyền"
        },
        {
            "id": "100045699785906",
            "count": 0,
            "name": "Trần Thị Hoài Thương"
        },
        {
            "id": "100082412118049",
            "count": 0,
            "name": "Lê Mỹ Huyền"
        },
        {
            "id": "100085446887947",
            "count": 0,
            "name": "Vũ Duy Hoàng"
        },
        {
            "id": "100066489441947",
            "count": 0,
            "name": "Tuan Long"
        },
        {
            "id": "100067056377716",
            "count": 0,
            "name": "Nguyễn Thị Thu Hà"
        },
        {
            "id": "100034565326713",
            "count": 0,
            "name": "Nguyễn Trung Kiên"
        },
        {
            "id": "100082444599942",
            "count": 0,
            "name": "Julian Dawson"
        },
        {
            "id": "61550927970101",
            "count": 0,
            "name": "Agatsuma Karai"
        },
        {
            "id": "100009191795973",
            "count": 0,
            "name": "Hà Văn Nguyễn"
        },
        {
            "id": "100064027345932",
            "count": 0,
            "name": "Quyền Zeus"
        },
        {
            "id": "61559079650241",
            "count": 0,
            "name": "Nguyễn Thanh Tùng"
        },
        {
            "id": "100029223124450",
            "count": 0,
            "name": "Huệ Trân"
        },
        {
            "id": "61561530282324",
            "count": 0,
            "name": "Roronoa Xoro"
        },
        {
            "id": "100079049570490",
            "count": 0,
            "name": "Người dùng facebook"
        }
    ],
    "day": [
        {
            "id": "100076427276402",
            "count": 0,
            "name": "Lê Trần Trung Đức"
        },
        {
            "id": "61554209349819",
            "count": 0,
            "name": "Hồ Quốc Huy"
        },
        {
            "id": "100079107787764",
            "count": 0,
            "name": "Hải"
        },
        {
            "id": "100080418210790",
            "count": 0,
            "name": "Nguyễn Thuỳ Trang"
        },
        {
            "id": "100081302041378",
            "count": 0,
            "name": "Quynn Moon"
        },
        {
            "id": "61550323947018",
            "count": 0,
            "name": "LV Quang Anhh"
        },
        {
            "id": "61563062127506",
            "count": 0,
            "name": "Nguyễn Thị Yến Mai"
        },
        {
            "id": "100021804451469",
            "count": 0,
            "name": "Maaii Phươngg"
        },
        {
            "id": "100086922708956",
            "count": 0,
            "name": "Mây Nhỏ"
        },
        {
            "id": "100015377551552",
            "count": 0,
            "name": "Thư Anh"
        },
        {
            "id": "100064791009871",
            "count": 0,
            "name": "Bánh Tiêu"
        },
        {
            "id": "100094670597393",
            "count": 0,
            "name": "Duc Khanh"
        },
        {
            "id": "100050985944023",
            "count": 0,
            "name": "Kim Anh Tran"
        },
        {
            "id": "100039910667288",
            "count": 0,
            "name": "Nguyễn Lan Phương"
        },
        {
            "id": "100051753615473",
            "count": 0,
            "name": "ptrang へ"
        },
        {
            "id": "100060793486191",
            "count": 0,
            "name": "Thu Hà"
        },
        {
            "id": "100069718993907",
            "count": 0,
            "name": "Hoang Trang"
        },
        {
            "id": "100083454740931",
            "count": 0,
            "name": "Thanh Tuyền"
        },
        {
            "id": "100045699785906",
            "count": 0,
            "name": "Trần Thị Hoài Thương"
        },
        {
            "id": "100082412118049",
            "count": 0,
            "name": "Lê Mỹ Huyền"
        },
        {
            "id": "100085446887947",
            "count": 0,
            "name": "Vũ Duy Hoàng"
        },
        {
            "id": "100066489441947",
            "count": 0,
            "name": "Tuan Long"
        },
        {
            "id": "100067056377716",
            "count": 0,
            "name": "Nguyễn Thị Thu Hà"
        },
        {
            "id": "100034565326713",
            "count": 0,
            "name": "Nguyễn Trung Kiên"
        },
        {
            "id": "100082444599942",
            "count": 0,
            "name": "Julian Dawson"
        },
        {
            "id": "61550927970101",
            "count": 0,
            "name": "Agatsuma Karai"
        },
        {
            "id": "100009191795973",
            "count": 0,
            "name": "Hà Văn Nguyễn"
        },
        {
            "id": "100064027345932",
            "count": 0,
            "name": "Quyền Zeus"
        },
        {
            "id": "61559079650241",
            "count": 0,
            "name": "Nguyễn Thanh Tùng"
        },
        {
            "id": "100029223124450",
            "count": 0,
            "name": "Huệ Trân"
        },
        {
            "id": "61561530282324",
            "count": 0,
            "name": "Roronoa Xoro"
        },
        {
            "id": "100079049570490",
            "count": 0,
            "name": "Người dùng facebook"
        }
    ],
    "time": 6,
    "last": {
        "time": 6,
        "day": [
            {
                "id": "100076427276402",
                "count": 0
            },
            {
                "id": "61554209349819",
                "count": 0
            },
            {
                "id": "100079107787764",
                "count": 0
            },
            {
                "id": "100080418210790",
                "count": 0
            },
            {
                "id": "100081302041378",
                "count": 0
            },
            {
                "id": "61550323947018",
                "count": 0
            },
            {
                "id": "61563062127506",
                "count": 0
            },
            {
                "id": "1200562297",
                "count": 0
            },
            {
                "id": "100021804451469",
                "count": 0
            },
            {
                "id": "100086922708956",
                "count": 0
            },
            {
                "id": "100015377551552",
                "count": 0
            },
            {
                "id": "100064791009871",
                "count": 0
            },
            {
                "id": "100094670597393",
                "count": 0
            },
            {
                "id": "100050985944023",
                "count": 0
            },
            {
                "id": "100039910667288",
                "count": 0
            },
            {
                "id": "100051753615473",
                "count": 0
            },
            {
                "id": "100060793486191",
                "count": 0
            },
            {
                "id": "100069718993907",
                "count": 0
            },
            {
                "id": "100083454740931",
                "count": 0
            },
            {
                "id": "100045699785906",
                "count": 0
            },
            {
                "id": "100082412118049",
                "count": 0
            },
            {
                "id": "100085446887947",
                "count": 0
            },
            {
                "id": "100066489441947",
                "count": 0
            },
            {
                "id": "100067056377716",
                "count": 0
            },
            {
                "id": "100034565326713",
                "count": 0
            },
            {
                "id": "100082444599942",
                "count": 0
            },
            {
                "id": "61550927970101",
                "count": 0
            },
            {
                "id": "100009191795973",
                "count": 0
            },
            {
                "id": "100064027345932",
                "count": 0
            },
            {
                "id": "100094136583837",
                "count": 0
            },
            {
                "id": "61559079650241",
                "count": 0
            },
            {
                "id": "100029223124450",
                "count": 0
            },
            {
                "id": "61561530282324",
                "count": 0
            },
            {
                "id": "61558117404405",
                "count": 0
            },
            {
                "id": "100079049570490",
                "count": 0
            }
        ],
        "week": [
            {
                "id": "100076427276402",
                "count": 0
            },
            {
                "id": "61554209349819",
                "count": 0
            },
            {
                "id": "100079107787764",
                "count": 0
            },
            {
                "id": "100080418210790",
                "count": 0
            },
            {
                "id": "100081302041378",
                "count": 0
            },
            {
                "id": "61550323947018",
                "count": 0
            },
            {
                "id": "61563062127506",
                "count": 0
            },
            {
                "id": "1200562297",
                "count": 0
            },
            {
                "id": "100021804451469",
                "count": 0
            },
            {
                "id": "100086922708956",
                "count": 0
            },
            {
                "id": "100015377551552",
                "count": 0
            },
            {
                "id": "100064791009871",
                "count": 0
            },
            {
                "id": "100094670597393",
                "count": 0
            },
            {
                "id": "100050985944023",
                "count": 0
            },
            {
                "id": "100039910667288",
                "count": 0
            },
            {
                "id": "100051753615473",
                "count": 0
            },
            {
                "id": "100060793486191",
                "count": 0
            },
            {
                "id": "100069718993907",
                "count": 0
            },
            {
                "id": "100083454740931",
                "count": 0
            },
            {
                "id": "100045699785906",
                "count": 0
            },
            {
                "id": "100082412118049",
                "count": 0
            },
            {
                "id": "100085446887947",
                "count": 0
            },
            {
                "id": "100066489441947",
                "count": 0
            },
            {
                "id": "100067056377716",
                "count": 0
            },
            {
                "id": "100034565326713",
                "count": 0
            },
            {
                "id": "100082444599942",
                "count": 0
            },
            {
                "id": "61550927970101",
                "count": 0
            },
            {
                "id": "100009191795973",
                "count": 0
            },
            {
                "id": "100064027345932",
                "count": 0
            },
            {
                "id": "100094136583837",
                "count": 0
            },
            {
                "id": "61559079650241",
                "count": 0
            },
            {
                "id": "100029223124450",
                "count": 0
            },
            {
                "id": "61561530282324",
                "count": 0
            },
            {
                "id": "61558117404405",
                "count": 0
            },
            {
                "id": "100079049570490",
                "count": 0
            }
        ]
    }
}