{
    "total": [
        {
            "id": "100082412118049",
            "count": 452
        },
        {
            "id": "100069510327032",
            "count": 1207
        },
        {
            "id": "100023756730625",
            "count": 90
        },
        {
            "id": "100069870571553",
            "count": 80
        },
        {
            "id": "100010920855907",
            "count": 1258
        },
        {
            "id": "100093238939773",
            "count": 1289
        },
        {
            "id": "100063593295039",
            "count": 15
        },
        {
            "id": "100070378718644",
            "count": 616
        },
        {
            "id": "61561530282324",
            "count": 72
        },
        {
            "id": "100032364552889",
            "count": 49
        },
        {
            "id": "61555631036372",
            "count": 858
        },
        {
            "id": "100074170896089",
            "count": 8
        },
        {
            "id": "100085189695600",
            "count": 124
        },
        {
            "id": "100003248214758",
            "count": 2
        },
        {
            "id": "100050042973543",
            "count": 15
        },
        {
            "id": "61559627324840",
            "count": 6
        },
        {
            "id": "100094102604190",
            "count": 98
        },
        {
            "id": "100005741766182",
            "count": 10
        },
        {
            "id": "100045082563514",
            "count": 292
        },
        {
            "id": "61556402221384",
            "count": 60
        },
        {
            "id": "100089909431563",
            "count": 21
        },
        {
            "id": "100095064354821",
            "count": 47
        },
        {
            "id": "825467509",
            "count": 35
        },
        {
            "id": "100053481285599",
            "count": 18
        },
        {
            "id": "100078685150583",
            "count": 38
        },
        {
            "id": "100075117180420",
            "count": 7
        },
        {
            "id": "100041612923361",
            "count": 51
        },
        {
            "id": "61559057694800",
            "count": 6
        },
        {
            "id": "100001732096032",
            "count": 59
        },
        {
            "id": "100042825016933",
            "count": 299
        },
        {
            "id": "100010101999650",
            "count": 11
        },
        {
            "id": "100067126157109",
            "count": 34
        },
        {
            "id": "100065524392765",
            "count": 14
        },
        {
            "id": "100064793914795",
            "count": 219
        },
        {
            "id": "100086095865723",
            "count": 30
        },
        {
            "id": "100061875103359",
            "count": 51
        },
        {
            "id": "100000280444061",
            "count": 70
        },
        {
            "id": "100083960711478",
            "count": 4
        },
        {
            "id": "100011341724967",
            "count": 13
        },
        {
            "id": "100059910614803",
            "count": 18
        },
        {
            "id": "100024548533984",
            "count": 73
        },
        {
            "id": "100040542224086",
            "count": 25
        },
        {
            "id": "100041223364528",
            "count": 3
        },
        {
            "id": "100080496591877",
            "count": 7
        },
        {
            "id": "100030787628934",
            "count": 0
        },
        {
            "id": "100042407270080",
            "count": 16
        },
        {
            "id": "100072542012779",
            "count": 13
        },
        {
            "id": "100057091157946",
            "count": 0
        },
        {
            "id": "100047596914014",
            "count": 26
        },
        {
            "id": "100073912880920",
            "count": 0
        },
        {
            "id": "100006800983878",
            "count": 117
        },
        {
            "id": "100087620100505",
            "count": 8
        },
        {
            "id": "100024712241604",
            "count": 21
        },
        {
            "id": "100049260790436",
            "count": 23
        },
        {
            "id": "100078294995001",
            "count": 12
        },
        {
            "id": "100067508386723",
            "count": 109
        },
        {
            "id": "517721951",
            "count": 383
        },
        {
            "id": "100057002659932",
            "count": 0
        },
        {
            "id": "100093135556804",
            "count": 56
        },
        {
            "id": "100014550333030",
            "count": 21
        },
        {
            "id": "61559079650241",
            "count": 82
        }
    ],
    "week": [
        {
            "id": "100082412118049",
            "count": 27,
            "name": "Lê Mỹ Huyền"
        },
        {
            "id": "100069510327032",
            "count": 344,
            "name": "Nguyễn Thị Hiền"
        },
        {
            "id": "100023756730625",
            "count": 24,
            "name": "Nguyễn Hữu Kha"
        },
        {
            "id": "100069870571553",
            "count": 3,
            "name": "Phạm Ngọc Quốc Huy"
        },
        {
            "id": "100010920855907",
            "count": 327,
            "name": "Cao Ngoc Vĩ"
        },
        {
            "id": "100093238939773",
            "count": 199,
            "name": "Đoán Trương"
        },
        {
            "id": "100063593295039",
            "count": 0,
            "name": "Nguyễn- Nhân"
        },
        {
            "id": "100070378718644",
            "count": 169,
            "name": "Nhân Nguyễn"
        },
        {
            "id": "61561530282324",
            "count": 72,
            "name": "Roronoa Xoro"
        },
        {
            "id": "100032364552889",
            "count": 0,
            "name": "Huỳnh Phi Long"
        },
        {
            "id": "61555631036372",
            "count": 141,
            "name": "Ngọcc Huyềnn"
        },
        {
            "id": "100074170896089",
            "count": 0,
            "name": "Nhựt Tân"
        },
        {
            "id": "100085189695600",
            "count": 0,
            "name": "Nguyễn Ngọc Linh"
        },
        {
            "id": "100003248214758",
            "count": 0,
            "name": "Vũ Nguyệt Nha"
        },
        {
            "id": "100050042973543",
            "count": 0,
            "name": "Anth Vũ"
        },
        {
            "id": "61559627324840",
            "count": 0,
            "name": "Nguyễn Văn Vinh"
        },
        {
            "id": "100094102604190",
            "count": 0,
            "name": "Trịnh Hiềnn"
        },
        {
            "id": "100005741766182",
            "count": 6,
            "name": "Nguyễn Thế Thảo Tuyền"
        },
        {
            "id": "100045082563514",
            "count": 200,
            "name": "Nguyễn Đắc Trọng"
        },
        {
            "id": "61556402221384",
            "count": 0,
            "name": "Chung Vàng"
        },
        {
            "id": "100089909431563",
            "count": 2,
            "name": "Nam Hoàng"
        },
        {
            "id": "100095064354821",
            "count": 1,
            "name": "Mạnh Hùng"
        },
        {
            "id": "825467509",
            "count": 0,
            "name": "Nguyễn Trưởng"
        },
        {
            "id": "100053481285599",
            "count": 11,
            "name": "Quý Lê"
        },
        {
            "id": "100078685150583",
            "count": 1,
            "name": "Nguyễn Hoàng Nguyên"
        },
        {
            "id": "100075117180420",
            "count": 0,
            "name": "Nguyễn Minh Nam"
        },
        {
            "id": "100041612923361",
            "count": 0,
            "name": "Quang Thái"
        },
        {
            "id": "61559057694800",
            "count": 0,
            "name": "Thuy Ngoc"
        },
        {
            "id": "100001732096032",
            "count": 0,
            "name": "Võ Ngọc Lâm"
        },
        {
            "id": "100042825016933",
            "count": 14,
            "name": "Như Quỳnh"
        },
        {
            "id": "100010101999650",
            "count": 0,
            "name": "Lộ Nguyễn Văn Tình"
        },
        {
            "id": "100067126157109",
            "count": 0,
            "name": "Nam Anh"
        },
        {
            "id": "100065524392765",
            "count": 4,
            "name": "Thiệu Bảnh"
        },
        {
            "id": "100064793914795",
            "count": 80,
            "name": "Hoàng Việt"
        },
        {
            "id": "100086095865723",
            "count": 6,
            "name": "Minh Khánh"
        },
        {
            "id": "100061875103359",
            "count": 0,
            "name": "Thanh Huyền"
        },
        {
            "id": "100000280444061",
            "count": 34,
            "name": "Nguyễn Thanh Tuấn"
        },
        {
            "id": "100083960711478",
            "count": 0,
            "name": "Trần Khánh Linh"
        },
        {
            "id": "100011341724967",
            "count": 2,
            "name": "Thành PT"
        },
        {
            "id": "100059910614803",
            "count": 0,
            "name": "Phuc Gao"
        },
        {
            "id": "100024548533984",
            "count": 8,
            "name": "Thiện Huỳnh"
        },
        {
            "id": "100040542224086",
            "count": 0,
            "name": "Ah Quân"
        },
        {
            "id": "100041223364528",
            "count": 0,
            "name": "Trường ꪜ"
        },
        {
            "id": "100080496591877",
            "count": 7,
            "name": "Minh Vương"
        },
        {
            "id": "100030787628934",
            "count": 0,
            "name": "Duy Quyết"
        },
        {
            "id": "100042407270080",
            "count": 5,
            "name": "Tú"
        },
        {
            "id": "100072542012779",
            "count": 9,
            "name": "Tài Trần"
        },
        {
            "id": "100057091157946",
            "count": 0,
            "name": "Mai Loan"
        },
        {
            "id": "100047596914014",
            "count": 13,
            "name": "Trần Minh Phước"
        },
        {
            "id": "100073912880920",
            "count": 0,
            "name": "Người dùng Facebook"
        },
        {
            "id": "100006800983878",
            "count": 93,
            "name": "Nguyễn Minh Trí"
        },
        {
            "id": "100087620100505",
            "count": 1,
            "name": "Sâu SadBoiz"
        },
        {
            "id": "100024712241604",
            "count": 17,
            "name": "Trần Quý Dương"
        },
        {
            "id": "100049260790436",
            "count": 16,
            "name": "Chu Mạnh Khải"
        },
        {
            "id": "100078294995001",
            "count": 0,
            "name": "Đào Thanh Thảo"
        },
        {
            "id": "100067508386723",
            "count": 35,
            "name": "Phạm Hữu Tài"
        },
        {
            "id": "517721951",
            "count": 264,
            "name": "Hoàng Trang"
        },
        {
            "id": "100057002659932",
            "count": 0,
            "name": "Nguyễn Ngọc Nhã Trân"
        },
        {
            "id": "100093135556804",
            "count": 40,
            "name": "Gia Beo"
        },
        {
            "id": "100014550333030",
            "count": 21
        },
        {
            "id": "61559079650241",
            "count": 82
        }
    ],
    "day": [
        {
            "id": "100082412118049",
            "count": 0,
            "name": "Lê Mỹ Huyền"
        },
        {
            "id": "100069510327032",
            "count": 0,
            "name": "Nguyễn Thị Hiền"
        },
        {
            "id": "100023756730625",
            "count": 0,
            "name": "Nguyễn Hữu Kha"
        },
        {
            "id": "100069870571553",
            "count": 0,
            "name": "Phạm Ngọc Quốc Huy"
        },
        {
            "id": "100010920855907",
            "count": 0,
            "name": "Cao Ngoc Vĩ"
        },
        {
            "id": "100093238939773",
            "count": 0,
            "name": "Đoán Trương"
        },
        {
            "id": "100063593295039",
            "count": 0,
            "name": "Nguyễn- Nhân"
        },
        {
            "id": "100070378718644",
            "count": 0,
            "name": "Nhân Nguyễn"
        },
        {
            "id": "61561530282324",
            "count": 0,
            "name": "Roronoa Xoro"
        },
        {
            "id": "100032364552889",
            "count": 0,
            "name": "Huỳnh Phi Long"
        },
        {
            "id": "61555631036372",
            "count": 0,
            "name": "Ngọcc Huyềnn"
        },
        {
            "id": "100074170896089",
            "count": 0,
            "name": "Nhựt Tân"
        },
        {
            "id": "100085189695600",
            "count": 0,
            "name": "Nguyễn Ngọc Linh"
        },
        {
            "id": "100003248214758",
            "count": 0,
            "name": "Vũ Nguyệt Nha"
        },
        {
            "id": "100050042973543",
            "count": 0,
            "name": "Anth Vũ"
        },
        {
            "id": "61559627324840",
            "count": 0,
            "name": "Nguyễn Văn Vinh"
        },
        {
            "id": "100094102604190",
            "count": 0,
            "name": "Trịnh Hiềnn"
        },
        {
            "id": "100005741766182",
            "count": 0,
            "name": "Nguyễn Thế Thảo Tuyền"
        },
        {
            "id": "100045082563514",
            "count": 0,
            "name": "Nguyễn Đắc Trọng"
        },
        {
            "id": "61556402221384",
            "count": 0,
            "name": "Chung Vàng"
        },
        {
            "id": "100089909431563",
            "count": 0,
            "name": "Nam Hoàng"
        },
        {
            "id": "100095064354821",
            "count": 0,
            "name": "Mạnh Hùng"
        },
        {
            "id": "825467509",
            "count": 0,
            "name": "Nguyễn Trưởng"
        },
        {
            "id": "100053481285599",
            "count": 0,
            "name": "Quý Lê"
        },
        {
            "id": "100078685150583",
            "count": 0,
            "name": "Nguyễn Hoàng Nguyên"
        },
        {
            "id": "100075117180420",
            "count": 0,
            "name": "Nguyễn Minh Nam"
        },
        {
            "id": "100041612923361",
            "count": 0,
            "name": "Quang Thái"
        },
        {
            "id": "61559057694800",
            "count": 0,
            "name": "Thuy Ngoc"
        },
        {
            "id": "100001732096032",
            "count": 0,
            "name": "Võ Ngọc Lâm"
        },
        {
            "id": "100042825016933",
            "count": 0,
            "name": "Như Quỳnh"
        },
        {
            "id": "100010101999650",
            "count": 0,
            "name": "Lộ Nguyễn Văn Tình"
        },
        {
            "id": "100067126157109",
            "count": 0,
            "name": "Nam Anh"
        },
        {
            "id": "100065524392765",
            "count": 0,
            "name": "Thiệu Bảnh"
        },
        {
            "id": "100064793914795",
            "count": 0,
            "name": "Hoàng Việt"
        },
        {
            "id": "100086095865723",
            "count": 0,
            "name": "Minh Khánh"
        },
        {
            "id": "100061875103359",
            "count": 0,
            "name": "Thanh Huyền"
        },
        {
            "id": "100000280444061",
            "count": 0,
            "name": "Nguyễn Thanh Tuấn"
        },
        {
            "id": "100083960711478",
            "count": 0,
            "name": "Trần Khánh Linh"
        },
        {
            "id": "100011341724967",
            "count": 0,
            "name": "Thành PT"
        },
        {
            "id": "100059910614803",
            "count": 0,
            "name": "Phuc Gao"
        },
        {
            "id": "100024548533984",
            "count": 0,
            "name": "Thiện Huỳnh"
        },
        {
            "id": "100040542224086",
            "count": 0,
            "name": "Ah Quân"
        },
        {
            "id": "100041223364528",
            "count": 0,
            "name": "Trường ꪜ"
        },
        {
            "id": "100080496591877",
            "count": 0,
            "name": "Minh Vương"
        },
        {
            "id": "100030787628934",
            "count": 0,
            "name": "Duy Quyết"
        },
        {
            "id": "100042407270080",
            "count": 0,
            "name": "Tú"
        },
        {
            "id": "100072542012779",
            "count": 0,
            "name": "Tài Trần"
        },
        {
            "id": "100057091157946",
            "count": 0,
            "name": "Mai Loan"
        },
        {
            "id": "100047596914014",
            "count": 0,
            "name": "Trần Minh Phước"
        },
        {
            "id": "100073912880920",
            "count": 0,
            "name": "Người dùng Facebook"
        },
        {
            "id": "100006800983878",
            "count": 0,
            "name": "Nguyễn Minh Trí"
        },
        {
            "id": "100087620100505",
            "count": 0,
            "name": "Sâu SadBoiz"
        },
        {
            "id": "100024712241604",
            "count": 0,
            "name": "Trần Quý Dương"
        },
        {
            "id": "100049260790436",
            "count": 0,
            "name": "Chu Mạnh Khải"
        },
        {
            "id": "100078294995001",
            "count": 0,
            "name": "Đào Thanh Thảo"
        },
        {
            "id": "100067508386723",
            "count": 0,
            "name": "Phạm Hữu Tài"
        },
        {
            "id": "517721951",
            "count": 0,
            "name": "Hoàng Trang"
        },
        {
            "id": "100057002659932",
            "count": 0,
            "name": "Nguyễn Ngọc Nhã Trân"
        },
        {
            "id": "100093135556804",
            "count": 0,
            "name": "Gia Beo"
        },
        {
            "id": "100014550333030",
            "count": 0,
            "name": "Đặng Dũng"
        },
        {
            "id": "61559079650241",
            "count": 0,
            "name": "Nguyễn Thanh Tùng"
        }
    ],
    "time": 6,
    "last": {
        "time": 1,
        "day": [
            {
                "id": "100082412118049",
                "count": 0
            },
            {
                "id": "61567617899358",
                "count": 0
            },
            {
                "id": "100069510327032",
                "count": 0
            },
            {
                "id": "100023756730625",
                "count": 0
            },
            {
                "id": "100077905893725",
                "count": 0
            },
            {
                "id": "100069870571553",
                "count": 0
            },
            {
                "id": "100010920855907",
                "count": 0
            },
            {
                "id": "100093238939773",
                "count": 0
            },
            {
                "id": "100092489341403",
                "count": 0
            },
            {
                "id": "100063593295039",
                "count": 0
            },
            {
                "id": "100066837228968",
                "count": 0
            },
            {
                "id": "100070378718644",
                "count": 0
            },
            {
                "id": "61559079650241",
                "count": 0
            },
            {
                "id": "61561530282324",
                "count": 0
            },
            {
                "id": "100022249714707",
                "count": 0
            },
            {
                "id": "100032364552889",
                "count": 0
            },
            {
                "id": "61555631036372",
                "count": 0
            },
            {
                "id": "61556124178769",
                "count": 0
            },
            {
                "id": "61557843958174",
                "count": 0
            },
            {
                "id": "100074170896089",
                "count": 0
            },
            {
                "id": "100085189695600",
                "count": 0
            },
            {
                "id": "100003248214758",
                "count": 0
            },
            {
                "id": "100004198151963",
                "count": 0
            },
            {
                "id": "100050042973543",
                "count": 0
            },
            {
                "id": "61557622964945",
                "count": 0
            },
            {
                "id": "61559627324840",
                "count": 0
            },
            {
                "id": "100081178929251",
                "count": 0
            },
            {
                "id": "100082268057294",
                "count": 0
            },
            {
                "id": "100094102604190",
                "count": 0
            },
            {
                "id": "100005741766182",
                "count": 0
            },
            {
                "id": "100045082563514",
                "count": 0
            },
            {
                "id": "61555240633053",
                "count": 0
            },
            {
                "id": "61556402221384",
                "count": 0
            },
            {
                "id": "100089909431563",
                "count": 0
            },
            {
                "id": "100095064354821",
                "count": 0
            },
            {
                "id": "100034876158289",
                "count": 0
            },
            {
                "id": "825467509",
                "count": 0
            },
            {
                "id": "61553893862686",
                "count": 0
            },
            {
                "id": "100081088608915",
                "count": 0
            },
            {
                "id": "100060286182934",
                "count": 0
            },
            {
                "id": "100053481285599",
                "count": 0
            },
            {
                "id": "1287096238",
                "count": 0
            },
            {
                "id": "100029399746919",
                "count": 0
            },
            {
                "id": "100037331942737",
                "count": 0
            },
            {
                "id": "100017490162758",
                "count": 0
            },
            {
                "id": "100027829883468",
                "count": 0
            },
            {
                "id": "100078685150583",
                "count": 0
            },
            {
                "id": "100075117180420",
                "count": 0
            },
            {
                "id": "100084210207714",
                "count": 0
            },
            {
                "id": "100041612923361",
                "count": 0
            },
            {
                "id": "61559057694800",
                "count": 0
            },
            {
                "id": "100001732096032",
                "count": 0
            },
            {
                "id": "100042825016933",
                "count": 0
            },
            {
                "id": "100010101999650",
                "count": 0
            },
            {
                "id": "100042268447532",
                "count": 0
            },
            {
                "id": "100035136588413",
                "count": 0
            },
            {
                "id": "100067126157109",
                "count": 0
            },
            {
                "id": "100065524392765",
                "count": 0
            },
            {
                "id": "61553136316845",
                "count": 0
            },
            {
                "id": "100084553554490",
                "count": 0
            },
            {
                "id": "100064793914795",
                "count": 0
            },
            {
                "id": "100086095865723",
                "count": 0
            },
            {
                "id": "100065785393021",
                "count": 0
            },
            {
                "id": "61566171441498",
                "count": 0
            },
            {
                "id": "100065370391680",
                "count": 0
            },
            {
                "id": "100088723038773",
                "count": 0
            },
            {
                "id": "100061875103359",
                "count": 0
            },
            {
                "id": "100000280444061",
                "count": 0
            },
            {
                "id": "100083960711478",
                "count": 0
            },
            {
                "id": "100039470115552",
                "count": 0
            },
            {
                "id": "100011341724967",
                "count": 0
            },
            {
                "id": "100059910614803",
                "count": 0
            },
            {
                "id": "100024548533984",
                "count": 0
            },
            {
                "id": "100046304161504",
                "count": 0
            },
            {
                "id": "100040542224086",
                "count": 0
            },
            {
                "id": "100041223364528",
                "count": 0
            },
            {
                "id": "100080496591877",
                "count": 0
            },
            {
                "id": "100030787628934",
                "count": 0
            },
            {
                "id": "100042407270080",
                "count": 0
            },
            {
                "id": "100072542012779",
                "count": 0
            },
            {
                "id": "100034755484466",
                "count": 0
            },
            {
                "id": "100033090834047",
                "count": 0
            },
            {
                "id": "100057091157946",
                "count": 0
            },
            {
                "id": "61558117404405",
                "count": 0
            },
            {
                "id": "100088663744101",
                "count": 0
            },
            {
                "id": "100047596914014",
                "count": 0
            },
            {
                "id": "100073912880920",
                "count": 0
            },
            {
                "id": "100006800983878",
                "count": 0
            },
            {
                "id": "100087712074321",
                "count": 0
            },
            {
                "id": "100087739640511",
                "count": 0
            },
            {
                "id": "100087620100505",
                "count": 0
            },
            {
                "id": "100059253626087",
                "count": 0
            },
            {
                "id": "100015552063424",
                "count": 0
            },
            {
                "id": "100024712241604",
                "count": 0
            },
            {
                "id": "100049260790436",
                "count": 0
            },
            {
                "id": "100078294995001",
                "count": 0
            },
            {
                "id": "100067508386723",
                "count": 0
            },
            {
                "id": "100065439952286",
                "count": 0
            },
            {
                "id": "517721951",
                "count": 0
            },
            {
                "id": "100057002659932",
                "count": 0
            },
            {
                "id": "100093135556804",
                "count": 0
            },
            {
                "id": "100014550333030",
                "count": 0
            },
            {
                "id": "100085073240621",
                "count": 0
            }
        ],
        "week": [
            {
                "id": "100082412118049",
                "count": 0
            },
            {
                "id": "61567617899358",
                "count": 0
            },
            {
                "id": "100069510327032",
                "count": 0
            },
            {
                "id": "100023756730625",
                "count": 0
            },
            {
                "id": "100077905893725",
                "count": 0
            },
            {
                "id": "100069870571553",
                "count": 0
            },
            {
                "id": "100010920855907",
                "count": 0
            },
            {
                "id": "100093238939773",
                "count": 0
            },
            {
                "id": "100092489341403",
                "count": 0
            },
            {
                "id": "100063593295039",
                "count": 0
            },
            {
                "id": "100066837228968",
                "count": 0
            },
            {
                "id": "100070378718644",
                "count": 0
            },
            {
                "id": "61559079650241",
                "count": 0
            },
            {
                "id": "61561530282324",
                "count": 0
            },
            {
                "id": "100022249714707",
                "count": 0
            },
            {
                "id": "100032364552889",
                "count": 0
            },
            {
                "id": "61555631036372",
                "count": 0
            },
            {
                "id": "61556124178769",
                "count": 0
            },
            {
                "id": "61557843958174",
                "count": 0
            },
            {
                "id": "100074170896089",
                "count": 0
            },
            {
                "id": "100085189695600",
                "count": 0
            },
            {
                "id": "100003248214758",
                "count": 0
            },
            {
                "id": "100004198151963",
                "count": 0
            },
            {
                "id": "100050042973543",
                "count": 0
            },
            {
                "id": "61557622964945",
                "count": 0
            },
            {
                "id": "61559627324840",
                "count": 0
            },
            {
                "id": "100081178929251",
                "count": 0
            },
            {
                "id": "100082268057294",
                "count": 0
            },
            {
                "id": "100094102604190",
                "count": 0
            },
            {
                "id": "100005741766182",
                "count": 0
            },
            {
                "id": "100045082563514",
                "count": 0
            },
            {
                "id": "61555240633053",
                "count": 0
            },
            {
                "id": "61556402221384",
                "count": 0
            },
            {
                "id": "100089909431563",
                "count": 0
            },
            {
                "id": "100095064354821",
                "count": 0
            },
            {
                "id": "100034876158289",
                "count": 0
            },
            {
                "id": "825467509",
                "count": 0
            },
            {
                "id": "61553893862686",
                "count": 0
            },
            {
                "id": "100081088608915",
                "count": 0
            },
            {
                "id": "100060286182934",
                "count": 0
            },
            {
                "id": "100053481285599",
                "count": 0
            },
            {
                "id": "1287096238",
                "count": 0
            },
            {
                "id": "100029399746919",
                "count": 0
            },
            {
                "id": "100037331942737",
                "count": 0
            },
            {
                "id": "100017490162758",
                "count": 0
            },
            {
                "id": "100027829883468",
                "count": 0
            },
            {
                "id": "100078685150583",
                "count": 0
            },
            {
                "id": "100075117180420",
                "count": 0
            },
            {
                "id": "100084210207714",
                "count": 0
            },
            {
                "id": "100041612923361",
                "count": 0
            },
            {
                "id": "61559057694800",
                "count": 0
            },
            {
                "id": "100001732096032",
                "count": 0
            },
            {
                "id": "100042825016933",
                "count": 0
            },
            {
                "id": "100010101999650",
                "count": 0
            },
            {
                "id": "100042268447532",
                "count": 0
            },
            {
                "id": "100035136588413",
                "count": 0
            },
            {
                "id": "100067126157109",
                "count": 0
            },
            {
                "id": "100065524392765",
                "count": 0
            },
            {
                "id": "61553136316845",
                "count": 0
            },
            {
                "id": "100084553554490",
                "count": 0
            },
            {
                "id": "100064793914795",
                "count": 0
            },
            {
                "id": "100086095865723",
                "count": 0
            },
            {
                "id": "100065785393021",
                "count": 0
            },
            {
                "id": "61566171441498",
                "count": 0
            },
            {
                "id": "100065370391680",
                "count": 0
            },
            {
                "id": "100088723038773",
                "count": 0
            },
            {
                "id": "100061875103359",
                "count": 0
            },
            {
                "id": "100000280444061",
                "count": 0
            },
            {
                "id": "100083960711478",
                "count": 0
            },
            {
                "id": "100039470115552",
                "count": 0
            },
            {
                "id": "100011341724967",
                "count": 0
            },
            {
                "id": "100059910614803",
                "count": 0
            },
            {
                "id": "100024548533984",
                "count": 0
            },
            {
                "id": "100046304161504",
                "count": 0
            },
            {
                "id": "100040542224086",
                "count": 0
            },
            {
                "id": "100041223364528",
                "count": 0
            },
            {
                "id": "100080496591877",
                "count": 0
            },
            {
                "id": "100030787628934",
                "count": 0
            },
            {
                "id": "100042407270080",
                "count": 0
            },
            {
                "id": "100072542012779",
                "count": 0
            },
            {
                "id": "100034755484466",
                "count": 0
            },
            {
                "id": "100033090834047",
                "count": 0
            },
            {
                "id": "100057091157946",
                "count": 0
            },
            {
                "id": "61558117404405",
                "count": 0
            },
            {
                "id": "100088663744101",
                "count": 0
            },
            {
                "id": "100047596914014",
                "count": 0
            },
            {
                "id": "100073912880920",
                "count": 0
            },
            {
                "id": "100006800983878",
                "count": 0
            },
            {
                "id": "100087712074321",
                "count": 0
            },
            {
                "id": "100087739640511",
                "count": 0
            },
            {
                "id": "100087620100505",
                "count": 0
            },
            {
                "id": "100059253626087",
                "count": 0
            },
            {
                "id": "100015552063424",
                "count": 0
            },
            {
                "id": "100024712241604",
                "count": 0
            },
            {
                "id": "100049260790436",
                "count": 0
            },
            {
                "id": "100078294995001",
                "count": 0
            },
            {
                "id": "100067508386723",
                "count": 0
            },
            {
                "id": "100065439952286",
                "count": 0
            },
            {
                "id": "517721951",
                "count": 0
            },
            {
                "id": "100057002659932",
                "count": 0
            },
            {
                "id": "100093135556804",
                "count": 0
            },
            {
                "id": "100014550333030",
                "count": 0
            },
            {
                "id": "100085073240621",
                "count": 0
            }
        ]
    }
}