{
    "total": [
        {
            "id": "100032248778267",
            "count": 0
        },
        {
            "id": "100022389071075",
            "count": 42
        },
        {
            "id": "100066580606646",
            "count": 3237
        },
        {
            "id": "100039237618250",
            "count": 101
        },
        {
            "id": "100048459121072",
            "count": 1404
        },
        {
            "id": "100038574489075",
            "count": 71
        },
        {
            "id": "100044918510783",
            "count": 383
        },
        {
            "id": "100055435448993",
            "count": 3
        },
        {
            "id": "100026578970433",
            "count": 28
        },
        {
            "id": "100012318738711",
            "count": 0
        },
        {
            "id": "100048849133018",
            "count": 185
        },
        {
            "id": "100035367663024",
            "count": 35
        },
        {
            "id": "100074140579488",
            "count": 1
        },
        {
            "id": "100048583428211",
            "count": 48
        },
        {
            "id": "100090927595896",
            "count": 232
        },
        {
            "id": "100027589235709",
            "count": 305
        },
        {
            "id": "100031657416075",
            "count": 0
        },
        {
            "id": "100095192978051",
            "count": 1
        },
        {
            "id": "1508676020",
            "count": 265
        },
        {
            "id": "100022134361196",
            "count": 0
        },
        {
            "id": "100049984924352",
            "count": 14
        },
        {
            "id": "100000127073666",
            "count": 154
        },
        {
            "id": "100071729702893",
            "count": 9
        },
        {
            "id": "100027293050362",
            "count": 573
        },
        {
            "id": "100029268832815",
            "count": 352
        },
        {
            "id": "100080746557909",
            "count": 0
        },
        {
            "id": "100079634684817",
            "count": 0
        },
        {
            "id": "100044108470422",
            "count": 5
        },
        {
            "id": "61560740636565",
            "count": 226
        },
        {
            "id": "100009490361147",
            "count": 874
        },
        {
            "id": "100016929312258",
            "count": 0
        },
        {
            "id": "100081996741218",
            "count": 679
        },
        {
            "id": "100027739071343",
            "count": 52
        },
        {
            "id": "100075094447517",
            "count": 89
        },
        {
            "id": "100080984522159",
            "count": 0
        },
        {
            "id": "100047875663682",
            "count": 26
        },
        {
            "id": "100090861306153",
            "count": 0
        },
        {
            "id": "1181073981",
            "count": 0
        },
        {
            "id": "61559079650241",
            "count": 259
        },
        {
            "id": "61561530282324",
            "count": 18
        },
        {
            "id": "100088366650795",
            "count": 135
        },
        {
            "id": "1287096238",
            "count": 521
        },
        {
            "id": "100071295286104",
            "count": 479
        },
        {
            "id": "61558919825001",
            "count": 38
        },
        {
            "id": "61566173175750",
            "count": 21
        },
        {
            "id": "100040269013482",
            "count": 4
        },
        {
            "id": "100052161662868",
            "count": 21
        },
        {
            "id": "663221102",
            "count": 4
        },
        {
            "id": "100034108662035",
            "count": 5
        }
    ],
    "week": [
        {
            "id": "100032248778267",
            "count": 0,
            "name": "Người dùng Facebook"
        },
        {
            "id": "100022389071075",
            "count": 3,
            "name": "Tuan Anh"
        },
        {
            "id": "100066580606646",
            "count": 829,
            "name": "Tran Phuong Anh"
        },
        {
            "id": "100039237618250",
            "count": 34,
            "name": "Vũ Uyên"
        },
        {
            "id": "100048459121072",
            "count": 325,
            "name": "Trần Văn Duy"
        },
        {
            "id": "100038574489075",
            "count": 0,
            "name": "Phạm Đình Huy"
        },
        {
            "id": "100044918510783",
            "count": 4,
            "name": "Trí"
        },
        {
            "id": "100055435448993",
            "count": 2,
            "name": "Trung Kiên"
        },
        {
            "id": "100026578970433",
            "count": 0,
            "name": "Tạm Biệt"
        },
        {
            "id": "100012318738711",
            "count": 0,
            "name": "Huyền Trangg"
        },
        {
            "id": "100048849133018",
            "count": 0,
            "name": "Phuong Anh"
        },
        {
            "id": "100035367663024",
            "count": 0,
            "name": "Tr Ngoc Minh Anh"
        },
        {
            "id": "100074140579488",
            "count": 1,
            "name": "Nguyễn Long"
        },
        {
            "id": "100048583428211",
            "count": 5,
            "name": "Vương V. Kiên"
        },
        {
            "id": "100090927595896",
            "count": 90,
            "name": "Nguyễn Mạnh Trường"
        },
        {
            "id": "100027589235709",
            "count": 44,
            "name": "Phạm Đình Sơn"
        },
        {
            "id": "100031657416075",
            "count": 0,
            "name": "Vũ Nam"
        },
        {
            "id": "100095192978051",
            "count": 0,
            "name": "Trúc Vân"
        },
        {
            "id": "1508676020",
            "count": 78,
            "name": "Nguyễn Đình Phúc"
        },
        {
            "id": "100022134361196",
            "count": 0,
            "name": "The Anh"
        },
        {
            "id": "100049984924352",
            "count": 6,
            "name": "Phan Vân Anh"
        },
        {
            "id": "100000127073666",
            "count": 68,
            "name": "Nguyễn Phan Anh"
        },
        {
            "id": "100071729702893",
            "count": 2,
            "name": "Nguyễn Tuan Anh"
        },
        {
            "id": "100027293050362",
            "count": 60,
            "name": "Phùng Văn Mạnh"
        },
        {
            "id": "100029268832815",
            "count": 133,
            "name": "Mến Văn"
        },
        {
            "id": "100080746557909",
            "count": 0,
            "name": "Nguyễn Thanh Tú"
        },
        {
            "id": "100079634684817",
            "count": 0,
            "name": "Henry Nguyen"
        },
        {
            "id": "100044108470422",
            "count": 2,
            "name": "Đinh Đức Lương"
        },
        {
            "id": "61560740636565",
            "count": 21,
            "name": "HoangHuy Mai"
        },
        {
            "id": "100009490361147",
            "count": 174,
            "name": "Nguyễn Quyết Đấu"
        },
        {
            "id": "100016929312258",
            "count": 0,
            "name": "Ngoc Nhi"
        },
        {
            "id": "100081996741218",
            "count": 178,
            "name": "Lê Quang Lợi"
        },
        {
            "id": "100027739071343",
            "count": 18,
            "name": "Cao Thanh Hung"
        },
        {
            "id": "100075094447517",
            "count": 66,
            "name": "Bùi Đức Giang"
        },
        {
            "id": "100080984522159",
            "count": 0,
            "name": "Hoàng Ngọc Quyết"
        },
        {
            "id": "100047875663682",
            "count": 2,
            "name": "Ngô Minh Hiếu"
        },
        {
            "id": "100090861306153",
            "count": 0,
            "name": "D Uyen Nhi"
        },
        {
            "id": "1181073981",
            "count": 0,
            "name": "Ph Duc Thinh"
        },
        {
            "id": "61559079650241",
            "count": 13,
            "name": "Nguyễn Thanh Tùng"
        },
        {
            "id": "61561530282324",
            "count": 18,
            "name": "Roronoa Xoro"
        },
        {
            "id": "100088366650795",
            "count": 8,
            "name": "德 孟"
        },
        {
            "id": "1287096238",
            "count": 13,
            "name": "ۦ Ꮻ"
        },
        {
            "id": "100071295286104",
            "count": 273,
            "name": "Azure Lunar Pham"
        },
        {
            "id": "61558919825001",
            "count": 36,
            "name": "Nguyễn Minh Tiến"
        },
        {
            "id": "61566173175750",
            "count": 9,
            "name": "Nguyen Duc Huy"
        },
        {
            "id": "100040269013482",
            "count": 4
        },
        {
            "id": "100052161662868",
            "count": 21
        },
        {
            "id": "663221102",
            "count": 4
        },
        {
            "id": "100034108662035",
            "count": 5
        }
    ],
    "day": [
        {
            "id": "100032248778267",
            "count": 0,
            "name": "Người dùng Facebook"
        },
        {
            "id": "100022389071075",
            "count": 0,
            "name": "Tuan Anh"
        },
        {
            "id": "100066580606646",
            "count": 0,
            "name": "Tran Phuong Anh"
        },
        {
            "id": "100039237618250",
            "count": 0,
            "name": "Vũ Uyên"
        },
        {
            "id": "100048459121072",
            "count": 0,
            "name": "Trần Văn Duy"
        },
        {
            "id": "100038574489075",
            "count": 0,
            "name": "Phạm Đình Huy"
        },
        {
            "id": "100044918510783",
            "count": 0,
            "name": "Trí"
        },
        {
            "id": "100055435448993",
            "count": 0,
            "name": "Trung Kiên"
        },
        {
            "id": "100026578970433",
            "count": 0,
            "name": "Tạm Biệt"
        },
        {
            "id": "100012318738711",
            "count": 0,
            "name": "Huyền Trangg"
        },
        {
            "id": "100048849133018",
            "count": 0,
            "name": "Phuong Anh"
        },
        {
            "id": "100035367663024",
            "count": 0,
            "name": "Tr Ngoc Minh Anh"
        },
        {
            "id": "100074140579488",
            "count": 0,
            "name": "Nguyễn Long"
        },
        {
            "id": "100048583428211",
            "count": 0,
            "name": "Vương V. Kiên"
        },
        {
            "id": "100090927595896",
            "count": 0,
            "name": "Nguyễn Mạnh Trường"
        },
        {
            "id": "100027589235709",
            "count": 0,
            "name": "Phạm Đình Sơn"
        },
        {
            "id": "100031657416075",
            "count": 0,
            "name": "Vũ Nam"
        },
        {
            "id": "100095192978051",
            "count": 0,
            "name": "Trúc Vân"
        },
        {
            "id": "1508676020",
            "count": 0,
            "name": "Nguyễn Đình Phúc"
        },
        {
            "id": "100022134361196",
            "count": 0,
            "name": "The Anh"
        },
        {
            "id": "100049984924352",
            "count": 0,
            "name": "Phan Vân Anh"
        },
        {
            "id": "100000127073666",
            "count": 0,
            "name": "Nguyễn Phan Anh"
        },
        {
            "id": "100071729702893",
            "count": 0,
            "name": "Nguyễn Tuan Anh"
        },
        {
            "id": "100027293050362",
            "count": 0,
            "name": "Phùng Văn Mạnh"
        },
        {
            "id": "100029268832815",
            "count": 0,
            "name": "Mến Văn"
        },
        {
            "id": "100080746557909",
            "count": 0,
            "name": "Nguyễn Thanh Tú"
        },
        {
            "id": "100079634684817",
            "count": 0,
            "name": "Henry Nguyen"
        },
        {
            "id": "100044108470422",
            "count": 0,
            "name": "Đinh Đức Lương"
        },
        {
            "id": "61560740636565",
            "count": 0,
            "name": "HoangHuy Mai"
        },
        {
            "id": "100009490361147",
            "count": 0,
            "name": "Nguyễn Quyết Đấu"
        },
        {
            "id": "100016929312258",
            "count": 0,
            "name": "Ngoc Nhi"
        },
        {
            "id": "100081996741218",
            "count": 0,
            "name": "Lê Quang Lợi"
        },
        {
            "id": "100027739071343",
            "count": 0,
            "name": "Cao Thanh Hung"
        },
        {
            "id": "100075094447517",
            "count": 0,
            "name": "Bùi Đức Giang"
        },
        {
            "id": "100080984522159",
            "count": 0,
            "name": "Hoàng Ngọc Quyết"
        },
        {
            "id": "100047875663682",
            "count": 0,
            "name": "Ngô Minh Hiếu"
        },
        {
            "id": "100090861306153",
            "count": 0,
            "name": "D Uyen Nhi"
        },
        {
            "id": "1181073981",
            "count": 0,
            "name": "Ph Duc Thinh"
        },
        {
            "id": "61559079650241",
            "count": 0,
            "name": "Nguyễn Thanh Tùng"
        },
        {
            "id": "61561530282324",
            "count": 0,
            "name": "Roronoa Xoro"
        },
        {
            "id": "100088366650795",
            "count": 0,
            "name": "德 孟"
        },
        {
            "id": "1287096238",
            "count": 0,
            "name": "ۦ Ꮻ"
        },
        {
            "id": "100071295286104",
            "count": 0,
            "name": "Azure Lunar Pham"
        },
        {
            "id": "61558919825001",
            "count": 0,
            "name": "Nguyễn Minh Tiến"
        },
        {
            "id": "61566173175750",
            "count": 0,
            "name": "Nguyen Duc Huy"
        },
        {
            "id": "100040269013482",
            "count": 0,
            "name": "Quý Bửu"
        },
        {
            "id": "100052161662868",
            "count": 0,
            "name": "Đại Dương"
        },
        {
            "id": "663221102",
            "count": 0,
            "name": "Ng Văn Toàn"
        },
        {
            "id": "100034108662035",
            "count": 0,
            "name": "Nguyễn Đức Hải"
        }
    ],
    "time": 6,
    "last": {
        "time": 3,
        "day": [
            {
                "id": "100032248778267",
                "count": 0
            },
            {
                "id": "100022389071075",
                "count": 0
            },
            {
                "id": "100066580606646",
                "count": 0
            },
            {
                "id": "100039237618250",
                "count": 0
            },
            {
                "id": "100048459121072",
                "count": 0
            },
            {
                "id": "100038574489075",
                "count": 0
            },
            {
                "id": "100044918510783",
                "count": 0
            },
            {
                "id": "100061115228604",
                "count": 0
            },
            {
                "id": "100055435448993",
                "count": 0
            },
            {
                "id": "100026578970433",
                "count": 0
            },
            {
                "id": "100012318738711",
                "count": 0
            },
            {
                "id": "100048849133018",
                "count": 0
            },
            {
                "id": "100035367663024",
                "count": 0
            },
            {
                "id": "61554875883744",
                "count": 0
            },
            {
                "id": "100074140579488",
                "count": 0
            },
            {
                "id": "100048583428211",
                "count": 0
            },
            {
                "id": "100090927595896",
                "count": 0
            },
            {
                "id": "100027589235709",
                "count": 0
            },
            {
                "id": "100015399068641",
                "count": 0
            },
            {
                "id": "100031657416075",
                "count": 0
            },
            {
                "id": "100095192978051",
                "count": 0
            },
            {
                "id": "1508676020",
                "count": 0
            },
            {
                "id": "100022134361196",
                "count": 0
            },
            {
                "id": "100049984924352",
                "count": 0
            },
            {
                "id": "100000127073666",
                "count": 0
            },
            {
                "id": "100044905252463",
                "count": 0
            },
            {
                "id": "100071729702893",
                "count": 0
            },
            {
                "id": "100081071913308",
                "count": 0
            },
            {
                "id": "100027293050362",
                "count": 0
            },
            {
                "id": "100029268832815",
                "count": 0
            },
            {
                "id": "100080746557909",
                "count": 0
            },
            {
                "id": "100079634684817",
                "count": 0
            },
            {
                "id": "100044108470422",
                "count": 0
            },
            {
                "id": "61560740636565",
                "count": 0
            },
            {
                "id": "100009490361147",
                "count": 0
            },
            {
                "id": "100016929312258",
                "count": 0
            },
            {
                "id": "100081996741218",
                "count": 0
            },
            {
                "id": "100027739071343",
                "count": 0
            },
            {
                "id": "100075094447517",
                "count": 0
            },
            {
                "id": "100080984522159",
                "count": 0
            },
            {
                "id": "61556461354973",
                "count": 0
            },
            {
                "id": "100047875663682",
                "count": 0
            },
            {
                "id": "100090861306153",
                "count": 0
            },
            {
                "id": "1181073981",
                "count": 0
            },
            {
                "id": "61559079650241",
                "count": 0
            },
            {
                "id": "61561530282324",
                "count": 0
            },
            {
                "id": "100088366650795",
                "count": 0
            },
            {
                "id": "1287096238",
                "count": 0
            },
            {
                "id": "100091518466027",
                "count": 0
            },
            {
                "id": "61566510856253",
                "count": 0
            },
            {
                "id": "100071295286104",
                "count": 0
            },
            {
                "id": "100025444342509",
                "count": 0
            },
            {
                "id": "61558919825001",
                "count": 0
            },
            {
                "id": "61566173175750",
                "count": 0
            },
            {
                "id": "100040269013482",
                "count": 0
            },
            {
                "id": "100052161662868",
                "count": 0
            },
            {
                "id": "100075856100798",
                "count": 0
            },
            {
                "id": "663221102",
                "count": 0
            },
            {
                "id": "100034108662035",
                "count": 0
            }
        ],
        "week": [
            {
                "id": "100032248778267",
                "count": 0
            },
            {
                "id": "100022389071075",
                "count": 0
            },
            {
                "id": "100066580606646",
                "count": 0
            },
            {
                "id": "100039237618250",
                "count": 0
            },
            {
                "id": "100048459121072",
                "count": 0
            },
            {
                "id": "100038574489075",
                "count": 0
            },
            {
                "id": "100044918510783",
                "count": 0
            },
            {
                "id": "100061115228604",
                "count": 0
            },
            {
                "id": "100055435448993",
                "count": 0
            },
            {
                "id": "100026578970433",
                "count": 0
            },
            {
                "id": "100012318738711",
                "count": 0
            },
            {
                "id": "100048849133018",
                "count": 0
            },
            {
                "id": "100035367663024",
                "count": 0
            },
            {
                "id": "61554875883744",
                "count": 0
            },
            {
                "id": "100074140579488",
                "count": 0
            },
            {
                "id": "100048583428211",
                "count": 0
            },
            {
                "id": "100090927595896",
                "count": 0
            },
            {
                "id": "100027589235709",
                "count": 0
            },
            {
                "id": "100015399068641",
                "count": 0
            },
            {
                "id": "100031657416075",
                "count": 0
            },
            {
                "id": "100095192978051",
                "count": 0
            },
            {
                "id": "1508676020",
                "count": 0
            },
            {
                "id": "100022134361196",
                "count": 0
            },
            {
                "id": "100049984924352",
                "count": 0
            },
            {
                "id": "100000127073666",
                "count": 0
            },
            {
                "id": "100044905252463",
                "count": 0
            },
            {
                "id": "100071729702893",
                "count": 0
            },
            {
                "id": "100081071913308",
                "count": 0
            },
            {
                "id": "100027293050362",
                "count": 0
            },
            {
                "id": "100029268832815",
                "count": 0
            },
            {
                "id": "100080746557909",
                "count": 0
            },
            {
                "id": "100079634684817",
                "count": 0
            },
            {
                "id": "100044108470422",
                "count": 0
            },
            {
                "id": "61560740636565",
                "count": 0
            },
            {
                "id": "100009490361147",
                "count": 0
            },
            {
                "id": "100016929312258",
                "count": 0
            },
            {
                "id": "100081996741218",
                "count": 0
            },
            {
                "id": "100027739071343",
                "count": 0
            },
            {
                "id": "100075094447517",
                "count": 0
            },
            {
                "id": "100080984522159",
                "count": 0
            },
            {
                "id": "61556461354973",
                "count": 0
            },
            {
                "id": "100047875663682",
                "count": 0
            },
            {
                "id": "100090861306153",
                "count": 0
            },
            {
                "id": "1181073981",
                "count": 0
            },
            {
                "id": "61559079650241",
                "count": 0
            },
            {
                "id": "61561530282324",
                "count": 0
            },
            {
                "id": "100088366650795",
                "count": 0
            },
            {
                "id": "1287096238",
                "count": 0
            },
            {
                "id": "100091518466027",
                "count": 0
            },
            {
                "id": "61566510856253",
                "count": 0
            },
            {
                "id": "100071295286104",
                "count": 0
            },
            {
                "id": "100025444342509",
                "count": 0
            },
            {
                "id": "61558919825001",
                "count": 0
            },
            {
                "id": "61566173175750",
                "count": 0
            },
            {
                "id": "100040269013482",
                "count": 0
            },
            {
                "id": "100052161662868",
                "count": 0
            },
            {
                "id": "100075856100798",
                "count": 0
            },
            {
                "id": "663221102",
                "count": 0
            },
            {
                "id": "100034108662035",
                "count": 0
            }
        ]
    }
}