{
    "total": [
        {
            "id": "100052742762905",
            "count": 4
        },
        {
            "id": "100055054851896",
            "count": 2919
        },
        {
            "id": "100085354039627",
            "count": 22
        },
        {
            "id": "100048852455461",
            "count": 379
        },
        {
            "id": "100068594771399",
            "count": 78
        },
        {
            "id": "100056943816507",
            "count": 0
        },
        {
            "id": "100083189199899",
            "count": 0
        },
        {
            "id": "100034545223813",
            "count": 0
        },
        {
            "id": "100058798398446",
            "count": 6
        },
        {
            "id": "100076536542817",
            "count": 0
        },
        {
            "id": "100035983028490",
            "count": 0
        },
        {
            "id": "100080394566261",
            "count": 0
        },
        {
            "id": "100054348109989",
            "count": 1
        },
        {
            "id": "100078470934166",
            "count": 0
        },
        {
            "id": "100064495500342",
            "count": 0
        },
        {
            "id": "100067373988893",
            "count": 0
        },
        {
            "id": "100071008463174",
            "count": 0
        },
        {
            "id": "61555329934506",
            "count": 0
        },
        {
            "id": "100060832841483",
            "count": 62
        },
        {
            "id": "100087050232797",
            "count": 270
        },
        {
            "id": "100072366259673",
            "count": 0
        },
        {
            "id": "61561153031428",
            "count": 0
        },
        {
            "id": "100007140603427",
            "count": 0
        },
        {
            "id": "100041066513117",
            "count": 1
        },
        {
            "id": "100012864666547",
            "count": 0
        },
        {
            "id": "61557545243047",
            "count": 0
        },
        {
            "id": "100074187349339",
            "count": 0
        },
        {
            "id": "100036473984444",
            "count": 6
        },
        {
            "id": "100076339850428",
            "count": 0
        },
        {
            "id": "100007765001748",
            "count": 0
        },
        {
            "id": "100029602164064",
            "count": 0
        },
        {
            "id": "100084249010501",
            "count": 4
        },
        {
            "id": "100078698150610",
            "count": 0
        },
        {
            "id": "61565035432131",
            "count": 69
        },
        {
            "id": "61551438110840",
            "count": 69
        },
        {
            "id": "100085110272812",
            "count": 0
        },
        {
            "id": "100014538527423",
            "count": 0
        },
        {
            "id": "100090369165855",
            "count": 0
        },
        {
            "id": "100052431994708",
            "count": 0
        },
        {
            "id": "61555207927464",
            "count": 0
        },
        {
            "id": "100070534068616",
            "count": 166
        },
        {
            "id": "61559058338772",
            "count": 0
        },
        {
            "id": "100072396454338",
            "count": 0
        },
        {
            "id": "100027886000237",
            "count": 0
        },
        {
            "id": "100000398206061",
            "count": 0
        },
        {
            "id": "61558079531342",
            "count": 28
        },
        {
            "id": "61562719514371",
            "count": 0
        },
        {
            "id": "100093640822474",
            "count": 0
        },
        {
            "id": "100056697043105",
            "count": 123
        },
        {
            "id": "100080646871990",
            "count": 0
        },
        {
            "id": "100089668407409",
            "count": 2
        },
        {
            "id": "100034485166798",
            "count": 32
        },
        {
            "id": "100078292338943",
            "count": 186
        },
        {
            "id": "100070655744160",
            "count": 34
        },
        {
            "id": "100016074962990",
            "count": 145
        },
        {
            "id": "100072322233546",
            "count": 3
        },
        {
            "id": "100071952846738",
            "count": 0
        },
        {
            "id": "61557229045345",
            "count": 23
        },
        {
            "id": "100092529319439",
            "count": 1
        },
        {
            "id": "100084500605691",
            "count": 1
        },
        {
            "id": "100035744660551",
            "count": 312
        },
        {
            "id": "100064991239785",
            "count": 524
        },
        {
            "id": "100065330341685",
            "count": 9
        },
        {
            "id": "61552044237866",
            "count": 10
        },
        {
            "id": "100089739825460",
            "count": 13
        },
        {
            "id": "100051253149414",
            "count": 0
        },
        {
            "id": "100042878318444",
            "count": 4
        },
        {
            "id": "100072149224254",
            "count": 146
        },
        {
            "id": "100078171219165",
            "count": 120
        },
        {
            "id": "100087453293149",
            "count": 3553
        },
        {
            "id": "100074368458815",
            "count": 252
        },
        {
            "id": "61555885785949",
            "count": 235
        },
        {
            "id": "61560008797671",
            "count": 256
        },
        {
            "id": "100028184793872",
            "count": 33
        },
        {
            "id": "100047923157128",
            "count": 324
        },
        {
            "id": "100090532155801",
            "count": 1
        },
        {
            "id": "100070835672179",
            "count": 8
        },
        {
            "id": "100053099715118",
            "count": 466
        },
        {
            "id": "100077288840946",
            "count": 2149
        },
        {
            "id": "100051412430705",
            "count": 63
        },
        {
            "id": "61550335906227",
            "count": 0
        },
        {
            "id": "100024545124004",
            "count": 111
        },
        {
            "id": "100011082517998",
            "count": 29
        },
        {
            "id": "100019648061930",
            "count": 147
        },
        {
            "id": "100024693671226",
            "count": 85
        },
        {
            "id": "100061870614346",
            "count": 54
        },
        {
            "id": "100068784189350",
            "count": 9
        },
        {
            "id": "100071670231966",
            "count": 428
        },
        {
            "id": "100072848326901",
            "count": 0
        },
        {
            "id": "100090852340773",
            "count": 28
        },
        {
            "id": "100058785871116",
            "count": 545
        },
        {
            "id": "100024520601875",
            "count": 7
        },
        {
            "id": "61550015272105",
            "count": 0
        },
        {
            "id": "100087195836378",
            "count": 1
        },
        {
            "id": "100072983133760",
            "count": 3
        },
        {
            "id": "61550614535347",
            "count": 86
        },
        {
            "id": "100069793959276",
            "count": 122
        },
        {
            "id": "61556888261258",
            "count": 288
        },
        {
            "id": "61565790638779",
            "count": 0
        },
        {
            "id": "100044070921086",
            "count": 659
        },
        {
            "id": "61565329456183",
            "count": 0
        },
        {
            "id": "100055196738283",
            "count": 34
        },
        {
            "id": "100078904283582",
            "count": 277
        },
        {
            "id": "100081908264576",
            "count": 417
        },
        {
            "id": "61559079650241",
            "count": 8
        },
        {
            "id": "61561530282324",
            "count": 367
        },
        {
            "id": "100027931600794",
            "count": 0
        },
        {
            "id": "100089008973608",
            "count": 5
        },
        {
            "id": "61567555033876",
            "count": 35
        },
        {
            "id": "61568085276829",
            "count": 2
        },
        {
            "id": "61556669590802",
            "count": 790
        },
        {
            "id": "100080187366985",
            "count": 73
        },
        {
            "id": "100077025000915",
            "count": 45
        },
        {
            "id": "100067677318827",
            "count": 169
        },
        {
            "id": "100083442640050",
            "count": 0
        },
        {
            "id": "100092927095226",
            "count": 0
        },
        {
            "id": "61568216307887",
            "count": 0
        },
        {
            "id": "100079755722324",
            "count": 67
        },
        {
            "id": "100075439337253",
            "count": 0
        }
    ],
    "week": [
        {
            "id": "100052742762905",
            "count": 4,
            "name": "Nhat Minh"
        },
        {
            "id": "100055054851896",
            "count": 1682,
            "name": "Sơn Quốcc"
        },
        {
            "id": "100085354039627",
            "count": 20,
            "name": "Nguyễn Đăng Khoa"
        },
        {
            "id": "100048852455461",
            "count": 271,
            "name": "Trần Quân"
        },
        {
            "id": "100068594771399",
            "count": 57,
            "name": "Thuc Thuc"
        },
        {
            "id": "100056943816507",
            "count": 0,
            "name": "Trần Hoàng Phú"
        },
        {
            "id": "100083189199899",
            "count": 0,
            "name": "Jung Ganmyeon"
        },
        {
            "id": "100034545223813",
            "count": 0,
            "name": "Bùi Thanh Phong"
        },
        {
            "id": "100058798398446",
            "count": 6,
            "name": "Nguyễn Hiệp Phát"
        },
        {
            "id": "100076536542817",
            "count": 0,
            "name": "Nguyen Hoang Phuc"
        },
        {
            "id": "100035983028490",
            "count": 0,
            "name": "Trần Phát"
        },
        {
            "id": "100080394566261",
            "count": 0,
            "name": "Phu Duong"
        },
        {
            "id": "100054348109989",
            "count": 1,
            "name": "Phạm Toàn"
        },
        {
            "id": "100078470934166",
            "count": 0,
            "name": "Sad Boiz"
        },
        {
            "id": "100064495500342",
            "count": 0,
            "name": "Người dùng Facebook"
        },
        {
            "id": "100067373988893",
            "count": 0,
            "name": "Kẹo ChuppaChups"
        },
        {
            "id": "100071008463174",
            "count": 0,
            "name": "Vũ Huyền Thảo"
        },
        {
            "id": "61555329934506",
            "count": 0,
            "name": "Huỳnh Như"
        },
        {
            "id": "100060832841483",
            "count": 51,
            "name": "Liêm Nguyễn Hoàng"
        },
        {
            "id": "100087050232797",
            "count": 268,
            "name": "Nguyen Ch Thanh"
        },
        {
            "id": "100072366259673",
            "count": 0,
            "name": "Nguyễn Hoàng Sơn Chumpink"
        },
        {
            "id": "61561153031428",
            "count": 0,
            "name": "Ethan Nguyen"
        },
        {
            "id": "100007140603427",
            "count": 0,
            "name": "Quan Nguyen"
        },
        {
            "id": "100041066513117",
            "count": 1,
            "name": "桜の 花"
        },
        {
            "id": "100012864666547",
            "count": 0,
            "name": "Hoàng Long"
        },
        {
            "id": "61557545243047",
            "count": 0,
            "name": "Nguyễn Hoàng Long"
        },
        {
            "id": "100074187349339",
            "count": 0,
            "name": "Pò Pò Nomi"
        },
        {
            "id": "100036473984444",
            "count": 6,
            "name": "Lianes Incursio"
        },
        {
            "id": "100076339850428",
            "count": 0,
            "name": "Quan Nguyen"
        },
        {
            "id": "100007765001748",
            "count": 0,
            "name": "Hoàng Thiện Hải Long"
        },
        {
            "id": "100029602164064",
            "count": 0,
            "name": "Quang Duy"
        },
        {
            "id": "100084249010501",
            "count": 4,
            "name": "Thanh Phóng"
        },
        {
            "id": "100078698150610",
            "count": 0,
            "name": "Vinh Nguyễn"
        },
        {
            "id": "61565035432131",
            "count": 64,
            "name": "Ngọc Nhi"
        },
        {
            "id": "61551438110840",
            "count": 68,
            "name": "阮科"
        },
        {
            "id": "100085110272812",
            "count": 0,
            "name": "Tama Mitaki"
        },
        {
            "id": "100014538527423",
            "count": 0,
            "name": "Tấn Phát"
        },
        {
            "id": "100090369165855",
            "count": 0,
            "name": "Trần Tú"
        },
        {
            "id": "100052431994708",
            "count": 0,
            "name": "Dương Trọng Phúc"
        },
        {
            "id": "61555207927464",
            "count": 0,
            "name": "Nguyễn Diệu Uyên"
        },
        {
            "id": "100070534068616",
            "count": 70,
            "name": "Ethan Thien"
        },
        {
            "id": "61559058338772",
            "count": 0,
            "name": "Maraya WildSon"
        },
        {
            "id": "100072396454338",
            "count": 0,
            "name": "Yotsuba Nakano"
        },
        {
            "id": "100027886000237",
            "count": 0,
            "name": "Báo Thủ"
        },
        {
            "id": "100000398206061",
            "count": 0,
            "name": "Người dùng Facebook"
        },
        {
            "id": "61558079531342",
            "count": 28,
            "name": "Luân Thiển Vi"
        },
        {
            "id": "61562719514371",
            "count": 0,
            "name": "Đào Bảo"
        },
        {
            "id": "100093640822474",
            "count": 0,
            "name": "Kiên Nguyễn"
        },
        {
            "id": "100056697043105",
            "count": 123,
            "name": "Merlin Ei"
        },
        {
            "id": "100080646871990",
            "count": 0,
            "name": "Hizumari Jin"
        },
        {
            "id": "100089668407409",
            "count": 2,
            "name": "Trần Tiến Đạt"
        },
        {
            "id": "100034485166798",
            "count": 18,
            "name": "Bị Khoá Nick"
        },
        {
            "id": "100078292338943",
            "count": 123,
            "name": "Thảo Nguyenn"
        },
        {
            "id": "100070655744160",
            "count": 28,
            "name": "Nguyễn Trọng Phát"
        },
        {
            "id": "100016074962990",
            "count": 85,
            "name": "Phương Thảo"
        },
        {
            "id": "100072322233546",
            "count": 3,
            "name": "Hoàng Huy"
        },
        {
            "id": "100071952846738",
            "count": 0,
            "name": "Frueb Dưa Hấu"
        },
        {
            "id": "61557229045345",
            "count": 21,
            "name": "Nguyễn Tấn"
        },
        {
            "id": "100092529319439",
            "count": 0,
            "name": "Quý Trần"
        },
        {
            "id": "100084500605691",
            "count": 0,
            "name": "Huy Nguyễn"
        },
        {
            "id": "100035744660551",
            "count": 234,
            "name": "Thanh Phat"
        },
        {
            "id": "100064991239785",
            "count": 153,
            "name": "Quốc Thịnh"
        },
        {
            "id": "100065330341685",
            "count": 9,
            "name": "Nguyễn Hoài Bảo"
        },
        {
            "id": "61552044237866",
            "count": 10,
            "name": "Marketplaces Al"
        },
        {
            "id": "100089739825460",
            "count": 0,
            "name": "Hoàng Long"
        },
        {
            "id": "100051253149414",
            "count": 0,
            "name": "Trần Nguyễn Trung Nghĩa"
        },
        {
            "id": "100042878318444",
            "count": 4,
            "name": "Thành Lương"
        },
        {
            "id": "100072149224254",
            "count": 129,
            "name": "Tama Mitaki"
        },
        {
            "id": "100078171219165",
            "count": 120,
            "name": "Bao Le"
        },
        {
            "id": "100087453293149",
            "count": 2597,
            "name": "Công Thành"
        },
        {
            "id": "100074368458815",
            "count": 220,
            "name": "Nguyễn Ngọc Thanh"
        },
        {
            "id": "61555885785949",
            "count": 203,
            "name": "佐 グエン"
        },
        {
            "id": "61560008797671",
            "count": 126,
            "name": "Phạm Trần Thanh Duy"
        },
        {
            "id": "100028184793872",
            "count": 23,
            "name": "Hoang Nguyen"
        },
        {
            "id": "100047923157128",
            "count": 199,
            "name": "Thiện Nhân Cter"
        },
        {
            "id": "100090532155801",
            "count": 1,
            "name": "Hoang Phung"
        },
        {
            "id": "100070835672179",
            "count": 6,
            "name": "Quốc Việt"
        },
        {
            "id": "100053099715118",
            "count": 392,
            "name": "Văn Chiến"
        },
        {
            "id": "100077288840946",
            "count": 1432,
            "name": "Thanh Danh Nguyen"
        },
        {
            "id": "100051412430705",
            "count": 63,
            "name": "Minh Phương"
        },
        {
            "id": "61550335906227",
            "count": 0,
            "name": "Nguyen Quang"
        },
        {
            "id": "100024545124004",
            "count": 49,
            "name": "Kan Nguyen"
        },
        {
            "id": "100011082517998",
            "count": 10,
            "name": "Quang Thảo"
        },
        {
            "id": "100019648061930",
            "count": 147,
            "name": "Mẫn Nhi Ngucto"
        },
        {
            "id": "100024693671226",
            "count": 77,
            "name": "Quan Pham"
        },
        {
            "id": "100061870614346",
            "count": 39,
            "name": "Nguyễn Thanh Hiếu"
        },
        {
            "id": "100068784189350",
            "count": 7,
            "name": "Huỳnh Thanh Nhiên"
        },
        {
            "id": "100071670231966",
            "count": 368,
            "name": "Đỗ Duy"
        },
        {
            "id": "100072848326901",
            "count": 0,
            "name": "Hghg Ghgh"
        },
        {
            "id": "100090852340773",
            "count": 9,
            "name": "Thành Kha"
        },
        {
            "id": "100058785871116",
            "count": 178,
            "name": "Dũng Duy Dương Xuân"
        },
        {
            "id": "100024520601875",
            "count": 4,
            "name": "Hiếu Nguyễn"
        },
        {
            "id": "61550015272105",
            "count": 0,
            "name": "Khoa Baka"
        },
        {
            "id": "100087195836378",
            "count": 1,
            "name": "Trần Bảo Trọng"
        },
        {
            "id": "100072983133760",
            "count": 3,
            "name": "Dino Kujo"
        },
        {
            "id": "61550614535347",
            "count": 78,
            "name": "Qyu Nguyen"
        },
        {
            "id": "100069793959276",
            "count": 18,
            "name": "Đào Vĩnh Khang"
        },
        {
            "id": "61556888261258",
            "count": 280,
            "name": "Kazuto Kirigaya"
        },
        {
            "id": "61565790638779",
            "count": 0,
            "name": "Minh Uyên"
        },
        {
            "id": "100044070921086",
            "count": 510,
            "name": "Bạch Thanh Tâm"
        },
        {
            "id": "61565329456183",
            "count": 0,
            "name": "Người dùng Facebook"
        },
        {
            "id": "100055196738283",
            "count": 1,
            "name": "Trần Đức Thiệu"
        },
        {
            "id": "100078904283582",
            "count": 224,
            "name": "Hoàng Nguyễn"
        },
        {
            "id": "100081908264576",
            "count": 179,
            "name": "Thaii Phamm"
        },
        {
            "id": "61559079650241",
            "count": 1,
            "name": "Nguyễn Thanh Tùng"
        },
        {
            "id": "61561530282324",
            "count": 367,
            "name": "Roronoa Xoro"
        },
        {
            "id": "100027931600794",
            "count": 0,
            "name": "Người dùng facebook"
        },
        {
            "id": "100089008973608",
            "count": 5
        },
        {
            "id": "61567555033876",
            "count": 35
        },
        {
            "id": "61568085276829",
            "count": 2
        },
        {
            "id": "61556669590802",
            "count": 790
        },
        {
            "id": "100080187366985",
            "count": 73
        },
        {
            "id": "100077025000915",
            "count": 45
        },
        {
            "id": "100067677318827",
            "count": 169
        },
        {
            "id": "100083442640050",
            "count": 0
        },
        {
            "id": "100092927095226",
            "count": 0
        },
        {
            "id": "61568216307887",
            "count": 0
        },
        {
            "id": "100079755722324",
            "count": 67
        },
        {
            "id": "100075439337253",
            "count": 0
        }
    ],
    "day": [
        {
            "id": "100052742762905",
            "count": 0,
            "name": "Nhat Minh"
        },
        {
            "id": "100055054851896",
            "count": 39,
            "name": "Sơn Quốcc"
        },
        {
            "id": "100085354039627",
            "count": 1,
            "name": "Nguyễn Đăng Khoa"
        },
        {
            "id": "100048852455461",
            "count": 0,
            "name": "Trần Quân"
        },
        {
            "id": "100068594771399",
            "count": 0,
            "name": "Thuc Thuc"
        },
        {
            "id": "100056943816507",
            "count": 0,
            "name": "Trần Hoàng Phú"
        },
        {
            "id": "100083189199899",
            "count": 0,
            "name": "Jung Ganmyeon"
        },
        {
            "id": "100034545223813",
            "count": 0,
            "name": "Bùi Thanh Phong"
        },
        {
            "id": "100058798398446",
            "count": 0,
            "name": "Nguyễn Hiệp Phát"
        },
        {
            "id": "100076536542817",
            "count": 0,
            "name": "Nguyen Hoang Phuc"
        },
        {
            "id": "100035983028490",
            "count": 0,
            "name": "Trần Phát"
        },
        {
            "id": "100080394566261",
            "count": 0,
            "name": "Phu Duong"
        },
        {
            "id": "100054348109989",
            "count": 0,
            "name": "Phạm Toàn"
        },
        {
            "id": "100078470934166",
            "count": 0,
            "name": "Sad Boiz"
        },
        {
            "id": "100064495500342",
            "count": 0,
            "name": "Người dùng Facebook"
        },
        {
            "id": "100067373988893",
            "count": 0,
            "name": "Kẹo ChuppaChups"
        },
        {
            "id": "100071008463174",
            "count": 0,
            "name": "Vũ Huyền Thảo"
        },
        {
            "id": "61555329934506",
            "count": 0,
            "name": "Huỳnh Như"
        },
        {
            "id": "100060832841483",
            "count": 0,
            "name": "Liêm Nguyễn Hoàng"
        },
        {
            "id": "100087050232797",
            "count": 4,
            "name": "Nguyen Ch Thanh"
        },
        {
            "id": "100072366259673",
            "count": 0,
            "name": "Nguyễn Hoàng Sơn Chumpink"
        },
        {
            "id": "61561153031428",
            "count": 0,
            "name": "Ethan Nguyen"
        },
        {
            "id": "100007140603427",
            "count": 0,
            "name": "Quan Nguyen"
        },
        {
            "id": "100041066513117",
            "count": 0,
            "name": "桜の 花"
        },
        {
            "id": "100012864666547",
            "count": 0,
            "name": "Hoàng Long"
        },
        {
            "id": "61557545243047",
            "count": 0,
            "name": "Nguyễn Hoàng Long"
        },
        {
            "id": "100074187349339",
            "count": 0,
            "name": "Pò Pò Nomi"
        },
        {
            "id": "100036473984444",
            "count": 0,
            "name": "Lianes Incursio"
        },
        {
            "id": "100076339850428",
            "count": 0,
            "name": "Quan Nguyen"
        },
        {
            "id": "100007765001748",
            "count": 0,
            "name": "Hoàng Thiện Hải Long"
        },
        {
            "id": "100029602164064",
            "count": 0,
            "name": "Quang Duy"
        },
        {
            "id": "100084249010501",
            "count": 1,
            "name": "Thanh Phóng"
        },
        {
            "id": "100078698150610",
            "count": 0,
            "name": "Vinh Nguyễn"
        },
        {
            "id": "61565035432131",
            "count": 3,
            "name": "Ngọc Nhi"
        },
        {
            "id": "61551438110840",
            "count": 0,
            "name": "阮科"
        },
        {
            "id": "100085110272812",
            "count": 0,
            "name": "Tama Mitaki"
        },
        {
            "id": "100014538527423",
            "count": 0,
            "name": "Tấn Phát"
        },
        {
            "id": "100090369165855",
            "count": 0,
            "name": "Trần Tú"
        },
        {
            "id": "100052431994708",
            "count": 0,
            "name": "Dương Trọng Phúc"
        },
        {
            "id": "61555207927464",
            "count": 0,
            "name": "Nguyễn Diệu Uyên"
        },
        {
            "id": "100070534068616",
            "count": 2,
            "name": "Ethan Thien"
        },
        {
            "id": "61559058338772",
            "count": 0,
            "name": "Maraya WildSon"
        },
        {
            "id": "100072396454338",
            "count": 0,
            "name": "Yotsuba Nakano"
        },
        {
            "id": "100027886000237",
            "count": 0,
            "name": "Báo Thủ"
        },
        {
            "id": "100000398206061",
            "count": 0,
            "name": "Người dùng Facebook"
        },
        {
            "id": "61558079531342",
            "count": 28,
            "name": "Luân Thiển Vi"
        },
        {
            "id": "61562719514371",
            "count": 0,
            "name": "Đào Bảo"
        },
        {
            "id": "100093640822474",
            "count": 0,
            "name": "Kiên Nguyễn"
        },
        {
            "id": "100056697043105",
            "count": 0,
            "name": "Merlin Ei"
        },
        {
            "id": "100080646871990",
            "count": 0,
            "name": "Hizumari Jin"
        },
        {
            "id": "100089668407409",
            "count": 0,
            "name": "Trần Tiến Đạt"
        },
        {
            "id": "100034485166798",
            "count": 0,
            "name": "Bị Khoá Nick"
        },
        {
            "id": "100078292338943",
            "count": 1,
            "name": "Thảo Nguyenn"
        },
        {
            "id": "100070655744160",
            "count": 0,
            "name": "Nguyễn Trọng Phát"
        },
        {
            "id": "100016074962990",
            "count": 0,
            "name": "Phương Thảo"
        },
        {
            "id": "100072322233546",
            "count": 0,
            "name": "Hoàng Huy"
        },
        {
            "id": "100071952846738",
            "count": 0,
            "name": "Frueb Dưa Hấu"
        },
        {
            "id": "61557229045345",
            "count": 0,
            "name": "Nguyễn Tấn"
        },
        {
            "id": "100092529319439",
            "count": 0,
            "name": "Quý Trần"
        },
        {
            "id": "100084500605691",
            "count": 0,
            "name": "Huy Nguyễn"
        },
        {
            "id": "100035744660551",
            "count": 0,
            "name": "Thanh Phat"
        },
        {
            "id": "100064991239785",
            "count": 2,
            "name": "Quốc Thịnh"
        },
        {
            "id": "100065330341685",
            "count": 0,
            "name": "Nguyễn Hoài Bảo"
        },
        {
            "id": "61552044237866",
            "count": 0,
            "name": "Marketplaces Al"
        },
        {
            "id": "100089739825460",
            "count": 0,
            "name": "Hoàng Long"
        },
        {
            "id": "100051253149414",
            "count": 0,
            "name": "Trần Nguyễn Trung Nghĩa"
        },
        {
            "id": "100042878318444",
            "count": 0,
            "name": "Thành Lương"
        },
        {
            "id": "100072149224254",
            "count": 2,
            "name": "Tama Mitaki"
        },
        {
            "id": "100078171219165",
            "count": 0,
            "name": "Bao Le"
        },
        {
            "id": "100087453293149",
            "count": 18,
            "name": "Công Thành"
        },
        {
            "id": "100074368458815",
            "count": 39,
            "name": "Nguyễn Ngọc Thanh"
        },
        {
            "id": "61555885785949",
            "count": 0,
            "name": "佐 グエン"
        },
        {
            "id": "61560008797671",
            "count": 0,
            "name": "Phạm Trần Thanh Duy"
        },
        {
            "id": "100028184793872",
            "count": 2,
            "name": "Hoang Nguyen"
        },
        {
            "id": "100047923157128",
            "count": 11,
            "name": "Thiện Nhân Cter"
        },
        {
            "id": "100090532155801",
            "count": 0,
            "name": "Hoang Phung"
        },
        {
            "id": "100070835672179",
            "count": 0,
            "name": "Quốc Việt"
        },
        {
            "id": "100053099715118",
            "count": 1,
            "name": "Văn Chiến"
        },
        {
            "id": "100077288840946",
            "count": 15,
            "name": "Thanh Danh Nguyen"
        },
        {
            "id": "100051412430705",
            "count": 0,
            "name": "Minh Phương"
        },
        {
            "id": "61550335906227",
            "count": 0,
            "name": "Nguyen Quang"
        },
        {
            "id": "100024545124004",
            "count": 0,
            "name": "Kan Nguyen"
        },
        {
            "id": "100011082517998",
            "count": 0,
            "name": "Quang Thảo"
        },
        {
            "id": "100019648061930",
            "count": 0,
            "name": "Mẫn Nhi Ngucto"
        },
        {
            "id": "100024693671226",
            "count": 7,
            "name": "Quan Pham"
        },
        {
            "id": "100061870614346",
            "count": 0,
            "name": "Nguyễn Thanh Hiếu"
        },
        {
            "id": "100068784189350",
            "count": 0,
            "name": "Huỳnh Thanh Nhiên"
        },
        {
            "id": "100071670231966",
            "count": 13,
            "name": "Đỗ Duy"
        },
        {
            "id": "100072848326901",
            "count": 0,
            "name": "Hghg Ghgh"
        },
        {
            "id": "100090852340773",
            "count": 0,
            "name": "Thành Kha"
        },
        {
            "id": "100058785871116",
            "count": 1,
            "name": "Dũng Duy Dương Xuân"
        },
        {
            "id": "100024520601875",
            "count": 0,
            "name": "Hiếu Nguyễn"
        },
        {
            "id": "61550015272105",
            "count": 0,
            "name": "Khoa Baka"
        },
        {
            "id": "100087195836378",
            "count": 0,
            "name": "Trần Bảo Trọng"
        },
        {
            "id": "100072983133760",
            "count": 0,
            "name": "Dino Kujo"
        },
        {
            "id": "61550614535347",
            "count": 0,
            "name": "Qyu Nguyen"
        },
        {
            "id": "100069793959276",
            "count": 0,
            "name": "Đào Vĩnh Khang"
        },
        {
            "id": "61556888261258",
            "count": 0,
            "name": "Kazuto Kirigaya"
        },
        {
            "id": "61565790638779",
            "count": 0,
            "name": "Minh Uyên"
        },
        {
            "id": "100044070921086",
            "count": 3,
            "name": "Bạch Thanh Tâm"
        },
        {
            "id": "61565329456183",
            "count": 0,
            "name": "Người dùng Facebook"
        },
        {
            "id": "100055196738283",
            "count": 0,
            "name": "Trần Đức Thiệu"
        },
        {
            "id": "100078904283582",
            "count": 23,
            "name": "Hoàng Nguyễn"
        },
        {
            "id": "100081908264576",
            "count": 0,
            "name": "Thaii Phamm"
        },
        {
            "id": "61559079650241",
            "count": 0,
            "name": "Nguyễn Thanh Tùng"
        },
        {
            "id": "61561530282324",
            "count": 26,
            "name": "Roronoa Xoro"
        },
        {
            "id": "100027931600794",
            "count": 0,
            "name": "Tap Lâm"
        },
        {
            "id": "100089008973608",
            "count": 0,
            "name": "𝑻𝒉𝒊𝒆̂𝒏 𝑵𝒈𝒐̣𝒄"
        },
        {
            "id": "61567555033876",
            "count": 0,
            "name": "Người dùng Facebook"
        },
        {
            "id": "61568085276829",
            "count": 2,
            "name": "Ngô Hồng"
        },
        {
            "id": "61556669590802",
            "count": 10,
            "name": "Chấm Chấm"
        },
        {
            "id": "100080187366985",
            "count": 4,
            "name": "Võ Tiến"
        },
        {
            "id": "100077025000915",
            "count": 1,
            "name": "Khoa Minh"
        },
        {
            "id": "100067677318827",
            "count": 0,
            "name": "Ng Khang"
        },
        {
            "id": "100083442640050",
            "count": 0,
            "name": "Người dùng facebook"
        },
        {
            "id": "100092927095226",
            "count": 0,
            "name": "Người dùng facebook"
        },
        {
            "id": "61568216307887",
            "count": 0,
            "name": "Người dùng facebook"
        },
        {
            "id": "100079755722324",
            "count": 0,
            "name": "Huỳnh Thiện"
        },
        {
            "id": "100075439337253",
            "count": 0,
            "name": "Sơn Vũ"
        }
    ],
    "time": 6,
    "last": {
        "time": 6,
        "day": [
            {
                "id": "100052742762905",
                "count": 0
            },
            {
                "id": "100055054851896",
                "count": 0
            },
            {
                "id": "100085354039627",
                "count": 0
            },
            {
                "id": "100048852455461",
                "count": 0
            },
            {
                "id": "100068594771399",
                "count": 0
            },
            {
                "id": "100063553510901",
                "count": 0
            },
            {
                "id": "100056943816507",
                "count": 0
            },
            {
                "id": "100083189199899",
                "count": 0
            },
            {
                "id": "100034545223813",
                "count": 0
            },
            {
                "id": "100058798398446",
                "count": 0
            },
            {
                "id": "100076536542817",
                "count": 0
            },
            {
                "id": "100035983028490",
                "count": 0
            },
            {
                "id": "100080394566261",
                "count": 0
            },
            {
                "id": "100054348109989",
                "count": 0
            },
            {
                "id": "100078470934166",
                "count": 0
            },
            {
                "id": "100064495500342",
                "count": 0
            },
            {
                "id": "100067373988893",
                "count": 0
            },
            {
                "id": "100071008463174",
                "count": 0
            },
            {
                "id": "61555329934506",
                "count": 0
            },
            {
                "id": "100060832841483",
                "count": 0
            },
            {
                "id": "100087050232797",
                "count": 0
            },
            {
                "id": "100072366259673",
                "count": 0
            },
            {
                "id": "100075439337253",
                "count": 0
            },
            {
                "id": "61561153031428",
                "count": 0
            },
            {
                "id": "100007140603427",
                "count": 0
            },
            {
                "id": "100041066513117",
                "count": 0
            },
            {
                "id": "100012864666547",
                "count": 0
            },
            {
                "id": "61557545243047",
                "count": 0
            },
            {
                "id": "100074187349339",
                "count": 0
            },
            {
                "id": "100036473984444",
                "count": 0
            },
            {
                "id": "100076339850428",
                "count": 0
            },
            {
                "id": "100007765001748",
                "count": 0
            },
            {
                "id": "100029602164064",
                "count": 0
            },
            {
                "id": "100084249010501",
                "count": 0
            },
            {
                "id": "100078698150610",
                "count": 0
            },
            {
                "id": "61565035432131",
                "count": 0
            },
            {
                "id": "61551438110840",
                "count": 0
            },
            {
                "id": "100085110272812",
                "count": 0
            },
            {
                "id": "100014538527423",
                "count": 0
            },
            {
                "id": "100090369165855",
                "count": 0
            },
            {
                "id": "100052431994708",
                "count": 0
            },
            {
                "id": "61555207927464",
                "count": 0
            },
            {
                "id": "100070534068616",
                "count": 0
            },
            {
                "id": "61565573762849",
                "count": 0
            },
            {
                "id": "61559058338772",
                "count": 0
            },
            {
                "id": "100072396454338",
                "count": 0
            },
            {
                "id": "100027886000237",
                "count": 0
            },
            {
                "id": "100088286371303",
                "count": 0
            },
            {
                "id": "100000398206061",
                "count": 0
            },
            {
                "id": "61558079531342",
                "count": 0
            },
            {
                "id": "61562719514371",
                "count": 0
            },
            {
                "id": "100093640822474",
                "count": 0
            },
            {
                "id": "100056697043105",
                "count": 0
            },
            {
                "id": "100080646871990",
                "count": 0
            },
            {
                "id": "100089668407409",
                "count": 0
            },
            {
                "id": "100034485166798",
                "count": 0
            },
            {
                "id": "100078292338943",
                "count": 0
            },
            {
                "id": "100070655744160",
                "count": 0
            },
            {
                "id": "100016074962990",
                "count": 0
            },
            {
                "id": "100072322233546",
                "count": 0
            },
            {
                "id": "100071952846738",
                "count": 0
            },
            {
                "id": "61557229045345",
                "count": 0
            },
            {
                "id": "100092529319439",
                "count": 0
            },
            {
                "id": "100061160525111",
                "count": 0
            },
            {
                "id": "100084500605691",
                "count": 0
            },
            {
                "id": "100035744660551",
                "count": 0
            },
            {
                "id": "100064991239785",
                "count": 0
            },
            {
                "id": "100065330341685",
                "count": 0
            },
            {
                "id": "61552044237866",
                "count": 0
            },
            {
                "id": "100089739825460",
                "count": 0
            },
            {
                "id": "100051253149414",
                "count": 0
            },
            {
                "id": "100081950376653",
                "count": 0
            },
            {
                "id": "100042878318444",
                "count": 0
            },
            {
                "id": "100072149224254",
                "count": 0
            },
            {
                "id": "100078171219165",
                "count": 0
            },
            {
                "id": "100087453293149",
                "count": 0
            },
            {
                "id": "100074368458815",
                "count": 0
            },
            {
                "id": "61555885785949",
                "count": 0
            },
            {
                "id": "100090543915552",
                "count": 0
            },
            {
                "id": "61560008797671",
                "count": 0
            },
            {
                "id": "100028184793872",
                "count": 0
            },
            {
                "id": "100075377150892",
                "count": 0
            },
            {
                "id": "100047923157128",
                "count": 0
            },
            {
                "id": "100090532155801",
                "count": 0
            },
            {
                "id": "100070835672179",
                "count": 0
            },
            {
                "id": "100053099715118",
                "count": 0
            },
            {
                "id": "100077288840946",
                "count": 0
            },
            {
                "id": "100090601820673",
                "count": 0
            },
            {
                "id": "100051412430705",
                "count": 0
            },
            {
                "id": "61550335906227",
                "count": 0
            },
            {
                "id": "100024545124004",
                "count": 0
            },
            {
                "id": "100011082517998",
                "count": 0
            },
            {
                "id": "100019648061930",
                "count": 0
            },
            {
                "id": "100024693671226",
                "count": 0
            },
            {
                "id": "100061870614346",
                "count": 0
            },
            {
                "id": "100068784189350",
                "count": 0
            },
            {
                "id": "100071670231966",
                "count": 0
            },
            {
                "id": "100072848326901",
                "count": 0
            },
            {
                "id": "100090852340773",
                "count": 0
            },
            {
                "id": "100058785871116",
                "count": 0
            },
            {
                "id": "100081481147596",
                "count": 0
            },
            {
                "id": "100024520601875",
                "count": 0
            },
            {
                "id": "61550015272105",
                "count": 0
            },
            {
                "id": "100087195836378",
                "count": 0
            },
            {
                "id": "100072983133760",
                "count": 0
            },
            {
                "id": "100078468386598",
                "count": 0
            },
            {
                "id": "100069939919507",
                "count": 0
            },
            {
                "id": "61550614535347",
                "count": 0
            },
            {
                "id": "100069793959276",
                "count": 0
            },
            {
                "id": "61556888261258",
                "count": 0
            },
            {
                "id": "61565790638779",
                "count": 0
            },
            {
                "id": "100044070921086",
                "count": 0
            },
            {
                "id": "61565329456183",
                "count": 0
            },
            {
                "id": "100055196738283",
                "count": 0
            },
            {
                "id": "100078904283582",
                "count": 0
            },
            {
                "id": "100081908264576",
                "count": 0
            },
            {
                "id": "61559079650241",
                "count": 0
            },
            {
                "id": "61558117404405",
                "count": 0
            },
            {
                "id": "61561530282324",
                "count": 0
            },
            {
                "id": "100027931600794",
                "count": 0
            },
            {
                "id": "100089008973608",
                "count": 0
            },
            {
                "id": "608649749",
                "count": 0
            },
            {
                "id": "61567555033876",
                "count": 0
            },
            {
                "id": "61568085276829",
                "count": 0
            },
            {
                "id": "61556669590802",
                "count": 0
            },
            {
                "id": "100080187366985",
                "count": 0
            },
            {
                "id": "100077025000915",
                "count": 0
            },
            {
                "id": "100067677318827",
                "count": 0
            },
            {
                "id": "100083442640050",
                "count": 0
            },
            {
                "id": "100092927095226",
                "count": 0
            },
            {
                "id": "61568216307887",
                "count": 0
            },
            {
                "id": "100079755722324",
                "count": 0
            }
        ],
        "week": [
            {
                "id": "100052742762905",
                "count": 0
            },
            {
                "id": "100055054851896",
                "count": 0
            },
            {
                "id": "100085354039627",
                "count": 0
            },
            {
                "id": "100048852455461",
                "count": 0
            },
            {
                "id": "100068594771399",
                "count": 0
            },
            {
                "id": "100063553510901",
                "count": 0
            },
            {
                "id": "100056943816507",
                "count": 0
            },
            {
                "id": "100083189199899",
                "count": 0
            },
            {
                "id": "100034545223813",
                "count": 0
            },
            {
                "id": "100058798398446",
                "count": 0
            },
            {
                "id": "100076536542817",
                "count": 0
            },
            {
                "id": "100035983028490",
                "count": 0
            },
            {
                "id": "100080394566261",
                "count": 0
            },
            {
                "id": "100054348109989",
                "count": 0
            },
            {
                "id": "100078470934166",
                "count": 0
            },
            {
                "id": "100064495500342",
                "count": 0
            },
            {
                "id": "100067373988893",
                "count": 0
            },
            {
                "id": "100071008463174",
                "count": 0
            },
            {
                "id": "61555329934506",
                "count": 0
            },
            {
                "id": "100060832841483",
                "count": 0
            },
            {
                "id": "100087050232797",
                "count": 0
            },
            {
                "id": "100072366259673",
                "count": 0
            },
            {
                "id": "100075439337253",
                "count": 0
            },
            {
                "id": "61561153031428",
                "count": 0
            },
            {
                "id": "100007140603427",
                "count": 0
            },
            {
                "id": "100041066513117",
                "count": 0
            },
            {
                "id": "100012864666547",
                "count": 0
            },
            {
                "id": "61557545243047",
                "count": 0
            },
            {
                "id": "100074187349339",
                "count": 0
            },
            {
                "id": "100036473984444",
                "count": 0
            },
            {
                "id": "100076339850428",
                "count": 0
            },
            {
                "id": "100007765001748",
                "count": 0
            },
            {
                "id": "100029602164064",
                "count": 0
            },
            {
                "id": "100084249010501",
                "count": 0
            },
            {
                "id": "100078698150610",
                "count": 0
            },
            {
                "id": "61565035432131",
                "count": 0
            },
            {
                "id": "61551438110840",
                "count": 0
            },
            {
                "id": "100085110272812",
                "count": 0
            },
            {
                "id": "100014538527423",
                "count": 0
            },
            {
                "id": "100090369165855",
                "count": 0
            },
            {
                "id": "100052431994708",
                "count": 0
            },
            {
                "id": "61555207927464",
                "count": 0
            },
            {
                "id": "100070534068616",
                "count": 0
            },
            {
                "id": "61565573762849",
                "count": 0
            },
            {
                "id": "61559058338772",
                "count": 0
            },
            {
                "id": "100072396454338",
                "count": 0
            },
            {
                "id": "100027886000237",
                "count": 0
            },
            {
                "id": "100088286371303",
                "count": 0
            },
            {
                "id": "100000398206061",
                "count": 0
            },
            {
                "id": "61558079531342",
                "count": 0
            },
            {
                "id": "61562719514371",
                "count": 0
            },
            {
                "id": "100093640822474",
                "count": 0
            },
            {
                "id": "100056697043105",
                "count": 0
            },
            {
                "id": "100080646871990",
                "count": 0
            },
            {
                "id": "100089668407409",
                "count": 0
            },
            {
                "id": "100034485166798",
                "count": 0
            },
            {
                "id": "100078292338943",
                "count": 0
            },
            {
                "id": "100070655744160",
                "count": 0
            },
            {
                "id": "100016074962990",
                "count": 0
            },
            {
                "id": "100072322233546",
                "count": 0
            },
            {
                "id": "100071952846738",
                "count": 0
            },
            {
                "id": "61557229045345",
                "count": 0
            },
            {
                "id": "100092529319439",
                "count": 0
            },
            {
                "id": "100061160525111",
                "count": 0
            },
            {
                "id": "100084500605691",
                "count": 0
            },
            {
                "id": "100035744660551",
                "count": 0
            },
            {
                "id": "100064991239785",
                "count": 0
            },
            {
                "id": "100065330341685",
                "count": 0
            },
            {
                "id": "61552044237866",
                "count": 0
            },
            {
                "id": "100089739825460",
                "count": 0
            },
            {
                "id": "100051253149414",
                "count": 0
            },
            {
                "id": "100081950376653",
                "count": 0
            },
            {
                "id": "100042878318444",
                "count": 0
            },
            {
                "id": "100072149224254",
                "count": 0
            },
            {
                "id": "100078171219165",
                "count": 0
            },
            {
                "id": "100087453293149",
                "count": 0
            },
            {
                "id": "100074368458815",
                "count": 0
            },
            {
                "id": "61555885785949",
                "count": 0
            },
            {
                "id": "100090543915552",
                "count": 0
            },
            {
                "id": "61560008797671",
                "count": 0
            },
            {
                "id": "100028184793872",
                "count": 0
            },
            {
                "id": "100075377150892",
                "count": 0
            },
            {
                "id": "100047923157128",
                "count": 0
            },
            {
                "id": "100090532155801",
                "count": 0
            },
            {
                "id": "100070835672179",
                "count": 0
            },
            {
                "id": "100053099715118",
                "count": 0
            },
            {
                "id": "100077288840946",
                "count": 0
            },
            {
                "id": "100090601820673",
                "count": 0
            },
            {
                "id": "100051412430705",
                "count": 0
            },
            {
                "id": "61550335906227",
                "count": 0
            },
            {
                "id": "100024545124004",
                "count": 0
            },
            {
                "id": "100011082517998",
                "count": 0
            },
            {
                "id": "100019648061930",
                "count": 0
            },
            {
                "id": "100024693671226",
                "count": 0
            },
            {
                "id": "100061870614346",
                "count": 0
            },
            {
                "id": "100068784189350",
                "count": 0
            },
            {
                "id": "100071670231966",
                "count": 0
            },
            {
                "id": "100072848326901",
                "count": 0
            },
            {
                "id": "100090852340773",
                "count": 0
            },
            {
                "id": "100058785871116",
                "count": 0
            },
            {
                "id": "100081481147596",
                "count": 0
            },
            {
                "id": "100024520601875",
                "count": 0
            },
            {
                "id": "61550015272105",
                "count": 0
            },
            {
                "id": "100087195836378",
                "count": 0
            },
            {
                "id": "100072983133760",
                "count": 0
            },
            {
                "id": "100078468386598",
                "count": 0
            },
            {
                "id": "100069939919507",
                "count": 0
            },
            {
                "id": "61550614535347",
                "count": 0
            },
            {
                "id": "100069793959276",
                "count": 0
            },
            {
                "id": "61556888261258",
                "count": 0
            },
            {
                "id": "61565790638779",
                "count": 0
            },
            {
                "id": "100044070921086",
                "count": 0
            },
            {
                "id": "61565329456183",
                "count": 0
            },
            {
                "id": "100055196738283",
                "count": 0
            },
            {
                "id": "100078904283582",
                "count": 0
            },
            {
                "id": "100081908264576",
                "count": 0
            },
            {
                "id": "61559079650241",
                "count": 0
            },
            {
                "id": "61558117404405",
                "count": 0
            },
            {
                "id": "61561530282324",
                "count": 0
            },
            {
                "id": "100027931600794",
                "count": 0
            },
            {
                "id": "100089008973608",
                "count": 0
            },
            {
                "id": "608649749",
                "count": 0
            },
            {
                "id": "61567555033876",
                "count": 0
            },
            {
                "id": "61568085276829",
                "count": 0
            },
            {
                "id": "61556669590802",
                "count": 0
            },
            {
                "id": "100080187366985",
                "count": 0
            },
            {
                "id": "100077025000915",
                "count": 0
            },
            {
                "id": "100067677318827",
                "count": 0
            },
            {
                "id": "100083442640050",
                "count": 0
            },
            {
                "id": "100092927095226",
                "count": 0
            },
            {
                "id": "61568216307887",
                "count": 0
            },
            {
                "id": "100079755722324",
                "count": 0
            }
        ]
    }
}