{
    "total": [
        {
            "id": "100090458979503",
            "count": 0
        },
        {
            "id": "100074278195157",
            "count": 0
        },
        {
            "id": "100027248830437",
            "count": 0
        },
        {
            "id": "100066838458710",
            "count": 0
        },
        {
            "id": "100094043574093",
            "count": 0
        },
        {
            "id": "100094236391871",
            "count": 0
        },
        {
            "id": "100057273502696",
            "count": 0
        },
        {
            "id": "100002685839144",
            "count": 0
        },
        {
            "id": "100090204294234",
            "count": 0
        },
        {
            "id": "100075493308135",
            "count": 0
        },
        {
            "id": "100092744481406",
            "count": 0
        },
        {
            "id": "100067508386723",
            "count": 36
        },
        {
            "id": "1631016269",
            "count": 3
        },
        {
            "id": "100083166338312",
            "count": 0
        },
        {
            "id": "100064533063816",
            "count": 0
        },
        {
            "id": "100000722572131",
            "count": 0
        },
        {
            "id": "100001886633702",
            "count": 0
        },
        {
            "id": "100003359791187",
            "count": 9
        },
        {
            "id": "100041296170925",
            "count": 0
        },
        {
            "id": "61552323296075",
            "count": 0
        },
        {
            "id": "100061183894247",
            "count": 0
        },
        {
            "id": "100000493975005",
            "count": 0
        },
        {
            "id": "100077522648264",
            "count": 0
        },
        {
            "id": "100048286966787",
            "count": 0
        },
        {
            "id": "100083205727767",
            "count": 0
        },
        {
            "id": "61550521925292",
            "count": 0
        },
        {
            "id": "100050828770533",
            "count": 0
        },
        {
            "id": "61559142330608",
            "count": 0
        },
        {
            "id": "1270787329",
            "count": 0
        },
        {
            "id": "61556918211744",
            "count": 0
        },
        {
            "id": "100073006473576",
            "count": 0
        },
        {
            "id": "100080650356088",
            "count": 0
        },
        {
            "id": "100038191185113",
            "count": 0
        },
        {
            "id": "100068096370437",
            "count": 6
        },
        {
            "id": "100086649001317",
            "count": 0
        },
        {
            "id": "100073964882304",
            "count": 0
        },
        {
            "id": "100000194247253",
            "count": 0
        },
        {
            "id": "100001134374202",
            "count": 0
        },
        {
            "id": "100030259834679",
            "count": 7
        },
        {
            "id": "61558463866707",
            "count": 0
        },
        {
            "id": "61552548836547",
            "count": 0
        },
        {
            "id": "61562065684133",
            "count": 0
        },
        {
            "id": "100063600331393",
            "count": 0
        },
        {
            "id": "82200402",
            "count": 0
        },
        {
            "id": "502275138",
            "count": 12
        },
        {
            "id": "100055154154050",
            "count": 0
        },
        {
            "id": "61560838090296",
            "count": 0
        },
        {
            "id": "100085115889690",
            "count": 0
        },
        {
            "id": "61565353993683",
            "count": 0
        },
        {
            "id": "100002379430822",
            "count": 0
        },
        {
            "id": "61560186862354",
            "count": 0
        },
        {
            "id": "61564022668078",
            "count": 0
        },
        {
            "id": "100080266101316",
            "count": 1
        },
        {
            "id": "100065203897310",
            "count": 2
        },
        {
            "id": "61566603082445",
            "count": 0
        },
        {
            "id": "100088397235506",
            "count": 0
        },
        {
            "id": "100058908620546",
            "count": 0
        },
        {
            "id": "100033090834047",
            "count": 0
        },
        {
            "id": "100004854283037",
            "count": 0
        },
        {
            "id": "100001884367110",
            "count": 0
        },
        {
            "id": "100006272490820",
            "count": 0
        },
        {
            "id": "100069864945865",
            "count": 0
        },
        {
            "id": "100040141547556",
            "count": 0
        },
        {
            "id": "61550894610735",
            "count": 27
        },
        {
            "id": "61566051935939",
            "count": 0
        },
        {
            "id": "61566806012163",
            "count": 1
        },
        {
            "id": "100065326182814",
            "count": 0
        },
        {
            "id": "61566401879967",
            "count": 0
        },
        {
            "id": "1334285798",
            "count": 0
        },
        {
            "id": "100094477432403",
            "count": 0
        },
        {
            "id": "100080647629698",
            "count": 0
        },
        {
            "id": "61554371646083",
            "count": 0
        },
        {
            "id": "61561854045271",
            "count": 0
        },
        {
            "id": "1193456508",
            "count": 0
        },
        {
            "id": "61564190859863",
            "count": 0
        },
        {
            "id": "100077340322638",
            "count": 0
        },
        {
            "id": "100029378752728",
            "count": 40
        },
        {
            "id": "68126864",
            "count": 8
        },
        {
            "id": "5",
            "count": 0
        },
        {
            "id": "61550962658401",
            "count": 4
        },
        {
            "id": "1074491699",
            "count": 25
        },
        {
            "id": "61555712670336",
            "count": 3
        },
        {
            "id": "100068310261131",
            "count": 1
        },
        {
            "id": "61567095996372",
            "count": 0
        },
        {
            "id": "100054912376179",
            "count": 0
        },
        {
            "id": "100093102425928",
            "count": 1
        },
        {
            "id": "100025964595861",
            "count": 0
        },
        {
            "id": "61559079650241",
            "count": 34
        },
        {
            "id": "100090683697195",
            "count": 0
        },
        {
            "id": "61561530282324",
            "count": 0
        }
    ],
    "week": [
        {
            "id": "100090458979503",
            "count": 0,
            "name": "Khanh Shado ⚡🌸"
        },
        {
            "id": "100074278195157",
            "count": 0,
            "name": "𝒒𝒖𝒐𝒄 𝒅𝒖𝒚 𝒗𝒂 𝒏𝒉𝒖𝒏𝒈 𝒏𝒐𝒊 𝒃𝒖𝒐𝒏"
        },
        {
            "id": "100027248830437",
            "count": 0,
            "name": "Hoàng Nguyễn"
        },
        {
            "id": "100066838458710",
            "count": 0,
            "name": "Trường Thọ"
        },
        {
            "id": "100094043574093",
            "count": 0,
            "name": "Gia Huy"
        },
        {
            "id": "100094236391871",
            "count": 0,
            "name": "Huy Hà"
        },
        {
            "id": "100057273502696",
            "count": 0,
            "name": "Huy"
        },
        {
            "id": "100002685839144",
            "count": 0,
            "name": "𓆩𓂄𑁍𓂁𓆪 Cẩn Chào Các Con Vợ Và Mấy Thằng Cu Tao Là Trùm Trong Làng Rename Facebook Với Pháp Danh Vua Mõm Tiktok Cụ Tổ Bảo Kê Phây Búc Mấy Thằng Nhóc Lóc Chóc Chơi Phây Búc Phải Hỏi Ý Kiến Của Tao Bần Tăng Chưa Ngán Ai Bao Giờ Đụng Là Chơi Đến Là Chém 𓂄𓆩𑁍𓆪𓂁"
        },
        {
            "id": "100090204294234",
            "count": 0,
            "name": "Ng Hoàng"
        },
        {
            "id": "100075493308135",
            "count": 0,
            "name": "Nguyễn Lâm"
        },
        {
            "id": "100092744481406",
            "count": 0,
            "name": "Ng Huy"
        },
        {
            "id": "100067508386723",
            "count": 0,
            "name": "Phạm Hữu Tài"
        },
        {
            "id": "1631016269",
            "count": 0,
            "name": "Phạm Minh Đồng"
        },
        {
            "id": "100083166338312",
            "count": 0,
            "name": "Nhật Hoàng"
        },
        {
            "id": "100064533063816",
            "count": 0,
            "name": "Lê Bảo Vy"
        },
        {
            "id": "100000722572131",
            "count": 0,
            "name": "Ngg Khanhh Vii"
        },
        {
            "id": "100001886633702",
            "count": 0,
            "name": "𓂄𓆩𑁍𓆪𓂁 Vì Trong Em Anh Là Điều Duy Nhất𓅷Dành Cho Em Ngàn Câu Ca Và Thương Yêu Đó 𓅇Dành Cho Em Tia Nắng Ấm Cùng Bao Cơn Gió𓅭Dành Cho Em Dành Cho Em 𓃟 Niềm Đam Mê Tuyệt Vời 𓆲 Mà Anh Muốn Nắm Lấy Trong Bao Giấc Mơ 𓆦 Mọi Âu Lo Hãy Quên Đi Vì Anh Ở Đó𓆏 Là Chiếc Bóng Mong Bên Em 𓆤Dìu Bước Em Đi 𓅄ở Trên Con Đường Dài 𓂄𓆩𑁍𓆪𓂁"
        },
        {
            "id": "100003359791187",
            "count": 0,
            "name": "𓂄𓆩𑁍𓆪𓂁 Vì Trong Em Anh Là Điều Duy Nhất 𓅷 Dành Cho Em Ngàn Câu Ca Và Thương Yêu Đó 𓅇 Dành Cho Em Tia Nắng Ấm Cùng Bao Cơn Gió 𓅭 Dành Cho Em Dành Cho Em 𓃟 Niềm Đam Mê Tuyệt Vời 𓆲 Mà Anh Muốn Nắm Lấy Trong Bao Giấc Mơ 𓆦 Mọi Âu Lo Hãy Quên Đi Vì Anh Ở Đó 𓆏 Là Chiếc Bóng Mong Bên Em 𓆤 Dìu Bước Em Đi 𓅄 Ở Trên Con Đường Dài 𓂄𓆩𑁍𓆪𓂁"
        },
        {
            "id": "100041296170925",
            "count": 0,
            "name": "Trương Tiến Cường"
        },
        {
            "id": "61552323296075",
            "count": 0,
            "name": "Nguyễn Ngọc Linh"
        },
        {
            "id": "100061183894247",
            "count": 0,
            "name": "Hữu Lộc"
        },
        {
            "id": "100000493975005",
            "count": 0,
            "name": "Nguyễn Đinh Tiến Dũng"
        },
        {
            "id": "100077522648264",
            "count": 0,
            "name": "Trịnh Hàn Tuấn Anh"
        },
        {
            "id": "100048286966787",
            "count": 0,
            "name": "Ng Văn Chiến"
        },
        {
            "id": "100083205727767",
            "count": 0,
            "name": "Văn Tài 🧸💤 "
        },
        {
            "id": "61550521925292",
            "count": 0,
            "name": "Đào Xuân Trườngg"
        },
        {
            "id": "100050828770533",
            "count": 0,
            "name": "Phạm Chí Nghĩa"
        },
        {
            "id": "61559142330608",
            "count": 0,
            "name": "Đào Xuân Trườngg"
        },
        {
            "id": "1270787329",
            "count": 0,
            "name": "Ngân Quỳnh Hoa"
        },
        {
            "id": "61556918211744",
            "count": 0,
            "name": "chuthang ꐕ dzai丨voyeurhit.com"
        },
        {
            "id": "100073006473576",
            "count": 0,
            "name": "chuthang丨dzai.com"
        },
        {
            "id": "100080650356088",
            "count": 0,
            "name": "Chú Bé Đầnn"
        },
        {
            "id": "100038191185113",
            "count": 0,
            "name": "Nguyễn Minh Thiết"
        },
        {
            "id": "100068096370437",
            "count": 0,
            "name": "Phạm Minh Đồng"
        },
        {
            "id": "100086649001317",
            "count": 0,
            "name": "Ken Cần Cù"
        },
        {
            "id": "100073964882304",
            "count": 0,
            "name": "Nguyễn Thị Khánh Huyền"
        },
        {
            "id": "100000194247253",
            "count": 0,
            "name": "Nguyen Huu Trin"
        },
        {
            "id": "100001134374202",
            "count": 0,
            "name": "𝓝𝓰𝓾𝔂𝓮̂̃𝓷 𝓥𝓪̆𝓷 𝓒𝓱𝓲𝓮̂́𝓷 𝓥𝓪̀ 𝓝𝓱𝓾̛̃𝓷𝓰 𝓝𝓸̂̃𝓲 𝓑𝓾𝓸̂̀𝓷𓆡"
        },
        {
            "id": "100030259834679",
            "count": 0,
            "name": "𝐀𝐧𝐡 𝐐𝐮𝐲́ 𓆉"
        },
        {
            "id": "61558463866707",
            "count": 0,
            "name": "Đào Xuân Trường"
        },
        {
            "id": "61552548836547",
            "count": 0,
            "name": "Phạm Minh Đồng"
        },
        {
            "id": "61562065684133",
            "count": 0,
            "name": "Gấu test rent"
        },
        {
            "id": "100063600331393",
            "count": 0,
            "name": "Thanh Loc"
        },
        {
            "id": "82200402",
            "count": 0,
            "name": "Hồ Bá Trọng"
        },
        {
            "id": "502275138",
            "count": 0,
            "name": "Phạm Minh Đồng"
        },
        {
            "id": "100055154154050",
            "count": 0,
            "name": "Võ N-đăng"
        },
        {
            "id": "61560838090296",
            "count": 0,
            "name": "Pc Thang Chu"
        },
        {
            "id": "100085115889690",
            "count": 0,
            "name": "Tuyết Nhi"
        },
        {
            "id": "61565353993683",
            "count": 0,
            "name": "Người Dùng Ẩn Danh"
        },
        {
            "id": "100002379430822",
            "count": 0,
            "name": "𝘾𝙝𝙪 𝙑𝙖𝙣 𝙏𝙝𝙖𝙣𝙜𓆉"
        },
        {
            "id": "61560186862354",
            "count": 0,
            "name": "Pham Minh Dong"
        },
        {
            "id": "61564022668078",
            "count": 0,
            "name": "Minh Đồng"
        },
        {
            "id": "100080266101316",
            "count": 0,
            "name": "Thanh Loc"
        },
        {
            "id": "100065203897310",
            "count": 0,
            "name": "Anh Quý"
        },
        {
            "id": "61566603082445",
            "count": 0,
            "name": "Bảo Nhi"
        },
        {
            "id": "100088397235506",
            "count": 0,
            "name": "𓂄𓆩 𝑁𝑔𝑢𝑦𝑒𝑛 𝑉𝑎𝑛 𝑇𝑜𝑎𝑛 𓆪𓂁"
        },
        {
            "id": "100058908620546",
            "count": 0,
            "name": "𝐶ℎ𝑢 𝑉𝑎𝑛 𝑇ℎ𝑎𝑛𝑔"
        },
        {
            "id": "100033090834047",
            "count": 0,
            "name": "Đăng Quân"
        },
        {
            "id": "100004854283037",
            "count": 0,
            "name": "Lườy Biếnr"
        },
        {
            "id": "100001884367110",
            "count": 0,
            "name": "Duc Nguyen Khac"
        },
        {
            "id": "100006272490820",
            "count": 0,
            "name": "Đinh Thiên Sứ"
        },
        {
            "id": "100069864945865",
            "count": 0,
            "name": "Đặng Văn Lịnh"
        },
        {
            "id": "100040141547556",
            "count": 0,
            "name": "Tùng"
        },
        {
            "id": "61550894610735",
            "count": 0,
            "name": "Nguyễn Tấn Tài ❁ ✓"
        },
        {
            "id": "61566051935939",
            "count": 0,
            "name": "だぐち ゆり"
        },
        {
            "id": "61566806012163",
            "count": 0,
            "name": "Tain Nguyen"
        },
        {
            "id": "100065326182814",
            "count": 0,
            "name": "Nguyễn Quốc Đại"
        },
        {
            "id": "61566401879967",
            "count": 0,
            "name": "Ngocc Huyenn"
        },
        {
            "id": "1334285798",
            "count": 0,
            "name": "Dal Santo Luca"
        },
        {
            "id": "100094477432403",
            "count": 0,
            "name": "Võ Đăng"
        },
        {
            "id": "100080647629698",
            "count": 0,
            "name": "Nguyễn Đức Tài"
        },
        {
            "id": "61554371646083",
            "count": 0,
            "name": "Tain Newbie"
        },
        {
            "id": "61561854045271",
            "count": 0,
            "name": "Nguyễn Thanh Hiền"
        },
        {
            "id": "1193456508",
            "count": 0,
            "name": "Tuấn Nè"
        },
        {
            "id": "61564190859863",
            "count": 0,
            "name": "Nh Ln"
        },
        {
            "id": "100077340322638",
            "count": 0,
            "name": "Joshing Joshua"
        },
        {
            "id": "100029378752728",
            "count": 0,
            "name": "Lương Thiên Bảo"
        },
        {
            "id": "68126864",
            "count": 0,
            "name": "Ng Viet Hoang"
        },
        {
            "id": "5",
            "count": 0,
            "name": "Chris Hughes"
        },
        {
            "id": "61550962658401",
            "count": 0,
            "name": "Nguyễn Ngọc Khánh"
        },
        {
            "id": "1074491699",
            "count": 0,
            "name": "Nguyễn Tấn Tài"
        },
        {
            "id": "61555712670336",
            "count": 0,
            "name": "Nguyễn Việt Hoàng"
        },
        {
            "id": "100068310261131",
            "count": 0,
            "name": "Văn Thuận"
        },
        {
            "id": "61567095996372",
            "count": 0,
            "name": "Người dùng Facebook"
        },
        {
            "id": "100054912376179",
            "count": 0,
            "name": "𝐿𝑒̂ 𝑇ℎ𝑖̣ 𝐻𝑢𝑦𝑒̂̀𝑛 𓅋"
        },
        {
            "id": "100093102425928",
            "count": 0,
            "name": "Phương Nhi"
        },
        {
            "id": "100025964595861",
            "count": 0,
            "name": "Nguyễn Quang Minh"
        },
        {
            "id": "61559079650241",
            "count": 0,
            "name": "Nguyễn Thanh Tùng"
        },
        {
            "id": "100090683697195",
            "count": 0,
            "name": "Nguyễn Hùng"
        },
        {
            "id": "61561530282324",
            "count": 0,
            "name": "Roronoa Xoro"
        }
    ],
    "day": [
        {
            "id": "100090458979503",
            "count": 0,
            "name": "Khanh Shado ⚡🌸"
        },
        {
            "id": "100074278195157",
            "count": 0,
            "name": "𝒒𝒖𝒐𝒄 𝒅𝒖𝒚 𝒗𝒂 𝒏𝒉𝒖𝒏𝒈 𝒏𝒐𝒊 𝒃𝒖𝒐𝒏"
        },
        {
            "id": "100027248830437",
            "count": 0,
            "name": "Hoàng Nguyễn"
        },
        {
            "id": "100066838458710",
            "count": 0,
            "name": "Trường Thọ"
        },
        {
            "id": "100094043574093",
            "count": 0,
            "name": "Gia Huy"
        },
        {
            "id": "100094236391871",
            "count": 0,
            "name": "Huy Hà"
        },
        {
            "id": "100057273502696",
            "count": 0,
            "name": "Huy"
        },
        {
            "id": "100002685839144",
            "count": 0,
            "name": "𓆩𓂄𑁍𓂁𓆪 Cẩn Chào Các Con Vợ Và Mấy Thằng Cu Tao Là Trùm Trong Làng Rename Facebook Với Pháp Danh Vua Mõm Tiktok Cụ Tổ Bảo Kê Phây Búc Mấy Thằng Nhóc Lóc Chóc Chơi Phây Búc Phải Hỏi Ý Kiến Của Tao Bần Tăng Chưa Ngán Ai Bao Giờ Đụng Là Chơi Đến Là Chém 𓂄𓆩𑁍𓆪𓂁"
        },
        {
            "id": "100090204294234",
            "count": 0,
            "name": "Ng Hoàng"
        },
        {
            "id": "100075493308135",
            "count": 0,
            "name": "Nguyễn Lâm"
        },
        {
            "id": "100092744481406",
            "count": 0,
            "name": "Ng Huy"
        },
        {
            "id": "100067508386723",
            "count": 0,
            "name": "Phạm Hữu Tài"
        },
        {
            "id": "1631016269",
            "count": 0,
            "name": "Phạm Minh Đồng"
        },
        {
            "id": "100083166338312",
            "count": 0,
            "name": "Nhật Hoàng"
        },
        {
            "id": "100064533063816",
            "count": 0,
            "name": "Lê Bảo Vy"
        },
        {
            "id": "100000722572131",
            "count": 0,
            "name": "Ngg Khanhh Vii"
        },
        {
            "id": "100001886633702",
            "count": 0,
            "name": "𓂄𓆩𑁍𓆪𓂁 Vì Trong Em Anh Là Điều Duy Nhất𓅷Dành Cho Em Ngàn Câu Ca Và Thương Yêu Đó 𓅇Dành Cho Em Tia Nắng Ấm Cùng Bao Cơn Gió𓅭Dành Cho Em Dành Cho Em 𓃟 Niềm Đam Mê Tuyệt Vời 𓆲 Mà Anh Muốn Nắm Lấy Trong Bao Giấc Mơ 𓆦 Mọi Âu Lo Hãy Quên Đi Vì Anh Ở Đó𓆏 Là Chiếc Bóng Mong Bên Em 𓆤Dìu Bước Em Đi 𓅄ở Trên Con Đường Dài 𓂄𓆩𑁍𓆪𓂁"
        },
        {
            "id": "100003359791187",
            "count": 0,
            "name": "𓂄𓆩𑁍𓆪𓂁 Vì Trong Em Anh Là Điều Duy Nhất 𓅷 Dành Cho Em Ngàn Câu Ca Và Thương Yêu Đó 𓅇 Dành Cho Em Tia Nắng Ấm Cùng Bao Cơn Gió 𓅭 Dành Cho Em Dành Cho Em 𓃟 Niềm Đam Mê Tuyệt Vời 𓆲 Mà Anh Muốn Nắm Lấy Trong Bao Giấc Mơ 𓆦 Mọi Âu Lo Hãy Quên Đi Vì Anh Ở Đó 𓆏 Là Chiếc Bóng Mong Bên Em 𓆤 Dìu Bước Em Đi 𓅄 Ở Trên Con Đường Dài 𓂄𓆩𑁍𓆪𓂁"
        },
        {
            "id": "100041296170925",
            "count": 0,
            "name": "Trương Tiến Cường"
        },
        {
            "id": "61552323296075",
            "count": 0,
            "name": "Nguyễn Ngọc Linh"
        },
        {
            "id": "100061183894247",
            "count": 0,
            "name": "Hữu Lộc"
        },
        {
            "id": "100000493975005",
            "count": 0,
            "name": "Nguyễn Đinh Tiến Dũng"
        },
        {
            "id": "100077522648264",
            "count": 0,
            "name": "Trịnh Hàn Tuấn Anh"
        },
        {
            "id": "100048286966787",
            "count": 0,
            "name": "Ng Văn Chiến"
        },
        {
            "id": "100083205727767",
            "count": 0,
            "name": "Văn Tài 🧸💤 "
        },
        {
            "id": "61550521925292",
            "count": 0,
            "name": "Đào Xuân Trườngg"
        },
        {
            "id": "100050828770533",
            "count": 0,
            "name": "Phạm Chí Nghĩa"
        },
        {
            "id": "61559142330608",
            "count": 0,
            "name": "Đào Xuân Trườngg"
        },
        {
            "id": "1270787329",
            "count": 0,
            "name": "Ngân Quỳnh Hoa"
        },
        {
            "id": "61556918211744",
            "count": 0,
            "name": "chuthang ꐕ dzai丨voyeurhit.com"
        },
        {
            "id": "100073006473576",
            "count": 0,
            "name": "chuthang丨dzai.com"
        },
        {
            "id": "100080650356088",
            "count": 0,
            "name": "Chú Bé Đầnn"
        },
        {
            "id": "100038191185113",
            "count": 0,
            "name": "Nguyễn Minh Thiết"
        },
        {
            "id": "100068096370437",
            "count": 0,
            "name": "Phạm Minh Đồng"
        },
        {
            "id": "100086649001317",
            "count": 0,
            "name": "Ken Cần Cù"
        },
        {
            "id": "100073964882304",
            "count": 0,
            "name": "Nguyễn Thị Khánh Huyền"
        },
        {
            "id": "100000194247253",
            "count": 0,
            "name": "Nguyen Huu Trin"
        },
        {
            "id": "100001134374202",
            "count": 0,
            "name": "𝓝𝓰𝓾𝔂𝓮̂̃𝓷 𝓥𝓪̆𝓷 𝓒𝓱𝓲𝓮̂́𝓷 𝓥𝓪̀ 𝓝𝓱𝓾̛̃𝓷𝓰 𝓝𝓸̂̃𝓲 𝓑𝓾𝓸̂̀𝓷𓆡"
        },
        {
            "id": "100030259834679",
            "count": 0,
            "name": "𝐀𝐧𝐡 𝐐𝐮𝐲́ 𓆉"
        },
        {
            "id": "61558463866707",
            "count": 0,
            "name": "Đào Xuân Trường"
        },
        {
            "id": "61552548836547",
            "count": 0,
            "name": "Phạm Minh Đồng"
        },
        {
            "id": "61562065684133",
            "count": 0,
            "name": "Gấu test rent"
        },
        {
            "id": "100063600331393",
            "count": 0,
            "name": "Thanh Loc"
        },
        {
            "id": "82200402",
            "count": 0,
            "name": "Hồ Bá Trọng"
        },
        {
            "id": "502275138",
            "count": 0,
            "name": "Phạm Minh Đồng"
        },
        {
            "id": "100055154154050",
            "count": 0,
            "name": "Võ N-đăng"
        },
        {
            "id": "61560838090296",
            "count": 0,
            "name": "Pc Thang Chu"
        },
        {
            "id": "100085115889690",
            "count": 0,
            "name": "Tuyết Nhi"
        },
        {
            "id": "61565353993683",
            "count": 0,
            "name": "Người dùng Facebook"
        },
        {
            "id": "100002379430822",
            "count": 0,
            "name": "𝘾𝙝𝙪 𝙑𝙖𝙣 𝙏𝙝𝙖𝙣𝙜𓆉"
        },
        {
            "id": "61560186862354",
            "count": 0,
            "name": "Pham Minh Dong"
        },
        {
            "id": "61564022668078",
            "count": 0,
            "name": "Minh Đồng"
        },
        {
            "id": "100080266101316",
            "count": 0,
            "name": "Thanh Loc"
        },
        {
            "id": "100065203897310",
            "count": 0,
            "name": "Anh Quý"
        },
        {
            "id": "61566603082445",
            "count": 0,
            "name": "Bảo Nhi"
        },
        {
            "id": "100088397235506",
            "count": 0,
            "name": "𓂄𓆩 𝑁𝑔𝑢𝑦𝑒𝑛 𝑉𝑎𝑛 𝑇𝑜𝑎𝑛 𓆪𓂁"
        },
        {
            "id": "100058908620546",
            "count": 0,
            "name": "𝐶ℎ𝑢 𝑉𝑎𝑛 𝑇ℎ𝑎𝑛𝑔"
        },
        {
            "id": "100033090834047",
            "count": 0,
            "name": "Đăng Quân"
        },
        {
            "id": "100004854283037",
            "count": 0,
            "name": "Lườy Biếnr"
        },
        {
            "id": "100001884367110",
            "count": 0,
            "name": "Duc Nguyen Khac"
        },
        {
            "id": "100006272490820",
            "count": 0,
            "name": "Đinh Thiên Sứ"
        },
        {
            "id": "100069864945865",
            "count": 0,
            "name": "Đặng Văn Lịnh"
        },
        {
            "id": "100040141547556",
            "count": 0,
            "name": "Tùng"
        },
        {
            "id": "61550894610735",
            "count": 0,
            "name": "Nguyễn Tấn Tài ❁ ✓"
        },
        {
            "id": "61566051935939",
            "count": 0,
            "name": "だぐち ゆり"
        },
        {
            "id": "61566806012163",
            "count": 0,
            "name": "Tain Nguyen"
        },
        {
            "id": "100065326182814",
            "count": 0,
            "name": "Nguyễn Quốc Đại"
        },
        {
            "id": "61566401879967",
            "count": 0,
            "name": "Ngocc Huyenn"
        },
        {
            "id": "1334285798",
            "count": 0,
            "name": "Dal Santo Luca"
        },
        {
            "id": "100094477432403",
            "count": 0,
            "name": "Võ Đăng"
        },
        {
            "id": "100080647629698",
            "count": 0,
            "name": "Nguyễn Đức Tài"
        },
        {
            "id": "61554371646083",
            "count": 0,
            "name": "Tain Newbie"
        },
        {
            "id": "61561854045271",
            "count": 0,
            "name": "Nguyễn Thanh Hiền"
        },
        {
            "id": "1193456508",
            "count": 0,
            "name": "Tuấn Nè"
        },
        {
            "id": "61564190859863",
            "count": 0,
            "name": "Nh Ln"
        },
        {
            "id": "100077340322638",
            "count": 0,
            "name": "Joshing Joshua"
        },
        {
            "id": "100029378752728",
            "count": 0,
            "name": "Lương Thiên Bảo"
        },
        {
            "id": "68126864",
            "count": 0,
            "name": "Ng Viet Hoang"
        },
        {
            "id": "5",
            "count": 0,
            "name": "Chris Hughes"
        },
        {
            "id": "61550962658401",
            "count": 0,
            "name": "Nguyễn Ngọc Khánh"
        },
        {
            "id": "1074491699",
            "count": 0,
            "name": "Nguyễn Tấn Tài"
        },
        {
            "id": "61555712670336",
            "count": 0,
            "name": "Nguyễn Việt Hoàng"
        },
        {
            "id": "100068310261131",
            "count": 0,
            "name": "Văn Thuận"
        },
        {
            "id": "61567095996372",
            "count": 0,
            "name": "Người dùng Facebook"
        },
        {
            "id": "100054912376179",
            "count": 0,
            "name": "𝐿𝑒̂ 𝑇ℎ𝑖̣ 𝐻𝑢𝑦𝑒̂̀𝑛 𓅋"
        },
        {
            "id": "100093102425928",
            "count": 0,
            "name": "Người dùng Facebook"
        },
        {
            "id": "100025964595861",
            "count": 0,
            "name": "Nguyễn Quang Minh"
        },
        {
            "id": "61559079650241",
            "count": 0,
            "name": "Nguyễn Thanh Tùng"
        },
        {
            "id": "100090683697195",
            "count": 0,
            "name": "Nguyễn Hùng"
        },
        {
            "id": "61561530282324",
            "count": 0,
            "name": "Roronoa Xoro"
        }
    ],
    "time": 6,
    "last": {
        "time": 6,
        "day": [
            {
                "id": "100090458979503",
                "count": 0
            },
            {
                "id": "100074278195157",
                "count": 0
            },
            {
                "id": "100027248830437",
                "count": 0
            },
            {
                "id": "100066838458710",
                "count": 0
            },
            {
                "id": "100094043574093",
                "count": 0
            },
            {
                "id": "100094236391871",
                "count": 0
            },
            {
                "id": "100057273502696",
                "count": 0
            },
            {
                "id": "100002685839144",
                "count": 0
            },
            {
                "id": "100090204294234",
                "count": 0
            },
            {
                "id": "100075493308135",
                "count": 0
            },
            {
                "id": "100092744481406",
                "count": 0
            },
            {
                "id": "100067508386723",
                "count": 0
            },
            {
                "id": "1631016269",
                "count": 0
            },
            {
                "id": "100083166338312",
                "count": 0
            },
            {
                "id": "100064533063816",
                "count": 0
            },
            {
                "id": "100000722572131",
                "count": 0
            },
            {
                "id": "100001886633702",
                "count": 0
            },
            {
                "id": "100003359791187",
                "count": 0
            },
            {
                "id": "100041296170925",
                "count": 0
            },
            {
                "id": "61552323296075",
                "count": 0
            },
            {
                "id": "100061183894247",
                "count": 0
            },
            {
                "id": "100000493975005",
                "count": 0
            },
            {
                "id": "100077522648264",
                "count": 0
            },
            {
                "id": "100048286966787",
                "count": 0
            },
            {
                "id": "100083205727767",
                "count": 0
            },
            {
                "id": "61550521925292",
                "count": 0
            },
            {
                "id": "100050828770533",
                "count": 0
            },
            {
                "id": "61559142330608",
                "count": 0
            },
            {
                "id": "1270787329",
                "count": 0
            },
            {
                "id": "61556918211744",
                "count": 0
            },
            {
                "id": "100073006473576",
                "count": 0
            },
            {
                "id": "100080650356088",
                "count": 0
            },
            {
                "id": "100038191185113",
                "count": 0
            },
            {
                "id": "100068096370437",
                "count": 0
            },
            {
                "id": "100086649001317",
                "count": 0
            },
            {
                "id": "100073964882304",
                "count": 0
            },
            {
                "id": "100000194247253",
                "count": 0
            },
            {
                "id": "100001134374202",
                "count": 0
            },
            {
                "id": "100030259834679",
                "count": 0
            },
            {
                "id": "61558463866707",
                "count": 0
            },
            {
                "id": "61552548836547",
                "count": 0
            },
            {
                "id": "61562065684133",
                "count": 0
            },
            {
                "id": "100063600331393",
                "count": 0
            },
            {
                "id": "82200402",
                "count": 0
            },
            {
                "id": "502275138",
                "count": 0
            },
            {
                "id": "100055154154050",
                "count": 0
            },
            {
                "id": "61560838090296",
                "count": 0
            },
            {
                "id": "100085115889690",
                "count": 0
            },
            {
                "id": "61565353993683",
                "count": 0
            },
            {
                "id": "100002379430822",
                "count": 0
            },
            {
                "id": "61560186862354",
                "count": 0
            },
            {
                "id": "61564022668078",
                "count": 0
            },
            {
                "id": "100080266101316",
                "count": 0
            },
            {
                "id": "100065203897310",
                "count": 0
            },
            {
                "id": "61566603082445",
                "count": 0
            },
            {
                "id": "100088397235506",
                "count": 0
            },
            {
                "id": "100058908620546",
                "count": 0
            },
            {
                "id": "100033090834047",
                "count": 0
            },
            {
                "id": "100004854283037",
                "count": 0
            },
            {
                "id": "100001884367110",
                "count": 0
            },
            {
                "id": "100006272490820",
                "count": 0
            },
            {
                "id": "100069864945865",
                "count": 0
            },
            {
                "id": "100040141547556",
                "count": 0
            },
            {
                "id": "61550894610735",
                "count": 0
            },
            {
                "id": "61566051935939",
                "count": 0
            },
            {
                "id": "61566806012163",
                "count": 0
            },
            {
                "id": "100065326182814",
                "count": 0
            },
            {
                "id": "61566401879967",
                "count": 0
            },
            {
                "id": "1334285798",
                "count": 0
            },
            {
                "id": "100094477432403",
                "count": 0
            },
            {
                "id": "100080647629698",
                "count": 0
            },
            {
                "id": "61554371646083",
                "count": 0
            },
            {
                "id": "61561854045271",
                "count": 0
            },
            {
                "id": "1193456508",
                "count": 0
            },
            {
                "id": "61564190859863",
                "count": 0
            },
            {
                "id": "100077340322638",
                "count": 0
            },
            {
                "id": "100029378752728",
                "count": 0
            },
            {
                "id": "68126864",
                "count": 0
            },
            {
                "id": "5",
                "count": 0
            },
            {
                "id": "61550962658401",
                "count": 0
            },
            {
                "id": "1074491699",
                "count": 0
            },
            {
                "id": "61555712670336",
                "count": 0
            },
            {
                "id": "100068310261131",
                "count": 0
            },
            {
                "id": "61567095996372",
                "count": 0
            },
            {
                "id": "100054912376179",
                "count": 0
            },
            {
                "id": "100093102425928",
                "count": 0
            },
            {
                "id": "100025964595861",
                "count": 0
            },
            {
                "id": "61559079650241",
                "count": 0
            },
            {
                "id": "100090683697195",
                "count": 0
            },
            {
                "id": "61561530282324",
                "count": 0
            }
        ],
        "week": [
            {
                "id": "100090458979503",
                "count": 0
            },
            {
                "id": "100074278195157",
                "count": 0
            },
            {
                "id": "100027248830437",
                "count": 0
            },
            {
                "id": "100066838458710",
                "count": 0
            },
            {
                "id": "100094043574093",
                "count": 0
            },
            {
                "id": "100094236391871",
                "count": 0
            },
            {
                "id": "100057273502696",
                "count": 0
            },
            {
                "id": "100002685839144",
                "count": 0
            },
            {
                "id": "100090204294234",
                "count": 0
            },
            {
                "id": "100075493308135",
                "count": 0
            },
            {
                "id": "100092744481406",
                "count": 0
            },
            {
                "id": "100067508386723",
                "count": 0
            },
            {
                "id": "1631016269",
                "count": 0
            },
            {
                "id": "100083166338312",
                "count": 0
            },
            {
                "id": "100064533063816",
                "count": 0
            },
            {
                "id": "100000722572131",
                "count": 0
            },
            {
                "id": "100001886633702",
                "count": 0
            },
            {
                "id": "100003359791187",
                "count": 0
            },
            {
                "id": "100041296170925",
                "count": 0
            },
            {
                "id": "61552323296075",
                "count": 0
            },
            {
                "id": "100061183894247",
                "count": 0
            },
            {
                "id": "100000493975005",
                "count": 0
            },
            {
                "id": "100077522648264",
                "count": 0
            },
            {
                "id": "100048286966787",
                "count": 0
            },
            {
                "id": "100083205727767",
                "count": 0
            },
            {
                "id": "61550521925292",
                "count": 0
            },
            {
                "id": "100050828770533",
                "count": 0
            },
            {
                "id": "61559142330608",
                "count": 0
            },
            {
                "id": "1270787329",
                "count": 0
            },
            {
                "id": "61556918211744",
                "count": 0
            },
            {
                "id": "100073006473576",
                "count": 0
            },
            {
                "id": "100080650356088",
                "count": 0
            },
            {
                "id": "100038191185113",
                "count": 0
            },
            {
                "id": "100068096370437",
                "count": 0
            },
            {
                "id": "100086649001317",
                "count": 0
            },
            {
                "id": "100073964882304",
                "count": 0
            },
            {
                "id": "100000194247253",
                "count": 0
            },
            {
                "id": "100001134374202",
                "count": 0
            },
            {
                "id": "100030259834679",
                "count": 0
            },
            {
                "id": "61558463866707",
                "count": 0
            },
            {
                "id": "61552548836547",
                "count": 0
            },
            {
                "id": "61562065684133",
                "count": 0
            },
            {
                "id": "100063600331393",
                "count": 0
            },
            {
                "id": "82200402",
                "count": 0
            },
            {
                "id": "502275138",
                "count": 0
            },
            {
                "id": "100055154154050",
                "count": 0
            },
            {
                "id": "61560838090296",
                "count": 0
            },
            {
                "id": "100085115889690",
                "count": 0
            },
            {
                "id": "61565353993683",
                "count": 0
            },
            {
                "id": "100002379430822",
                "count": 0
            },
            {
                "id": "61560186862354",
                "count": 0
            },
            {
                "id": "61564022668078",
                "count": 0
            },
            {
                "id": "100080266101316",
                "count": 0
            },
            {
                "id": "100065203897310",
                "count": 0
            },
            {
                "id": "61566603082445",
                "count": 0
            },
            {
                "id": "100088397235506",
                "count": 0
            },
            {
                "id": "100058908620546",
                "count": 0
            },
            {
                "id": "100033090834047",
                "count": 0
            },
            {
                "id": "100004854283037",
                "count": 0
            },
            {
                "id": "100001884367110",
                "count": 0
            },
            {
                "id": "100006272490820",
                "count": 0
            },
            {
                "id": "100069864945865",
                "count": 0
            },
            {
                "id": "100040141547556",
                "count": 0
            },
            {
                "id": "61550894610735",
                "count": 0
            },
            {
                "id": "61566051935939",
                "count": 0
            },
            {
                "id": "61566806012163",
                "count": 0
            },
            {
                "id": "100065326182814",
                "count": 0
            },
            {
                "id": "61566401879967",
                "count": 0
            },
            {
                "id": "1334285798",
                "count": 0
            },
            {
                "id": "100094477432403",
                "count": 0
            },
            {
                "id": "100080647629698",
                "count": 0
            },
            {
                "id": "61554371646083",
                "count": 0
            },
            {
                "id": "61561854045271",
                "count": 0
            },
            {
                "id": "1193456508",
                "count": 0
            },
            {
                "id": "61564190859863",
                "count": 0
            },
            {
                "id": "100077340322638",
                "count": 0
            },
            {
                "id": "100029378752728",
                "count": 0
            },
            {
                "id": "68126864",
                "count": 0
            },
            {
                "id": "5",
                "count": 0
            },
            {
                "id": "61550962658401",
                "count": 0
            },
            {
                "id": "1074491699",
                "count": 0
            },
            {
                "id": "61555712670336",
                "count": 0
            },
            {
                "id": "100068310261131",
                "count": 0
            },
            {
                "id": "61567095996372",
                "count": 0
            },
            {
                "id": "100054912376179",
                "count": 0
            },
            {
                "id": "100093102425928",
                "count": 0
            },
            {
                "id": "100025964595861",
                "count": 0
            },
            {
                "id": "61559079650241",
                "count": 0
            },
            {
                "id": "100090683697195",
                "count": 0
            },
            {
                "id": "61561530282324",
                "count": 0
            }
        ]
    }
}