{
    "total": [
        {
            "id": "100038791595043",
            "count": 0
        },
        {
            "id": "100085073240621",
            "count": 2
        },
        {
            "id": "100087126503731",
            "count": 0
        },
        {
            "id": "100092744481406",
            "count": 0
        },
        {
            "id": "100045416898727",
            "count": 0
        },
        {
            "id": "100088840053482",
            "count": 0
        },
        {
            "id": "100075573652282",
            "count": 0
        },
        {
            "id": "100080476122191",
            "count": 0
        },
        {
            "id": "100068832382948",
            "count": 0
        },
        {
            "id": "61558112260247",
            "count": 0
        },
        {
            "id": "100078392752170",
            "count": 0
        },
        {
            "id": "61557675191465",
            "count": 0
        },
        {
            "id": "61554533647809",
            "count": 0
        },
        {
            "id": "100064179615940",
            "count": 0
        },
        {
            "id": "61554109323514",
            "count": 0
        },
        {
            "id": "61553083735648",
            "count": 0
        },
        {
            "id": "100091853081588",
            "count": 0
        },
        {
            "id": "1542881558",
            "count": 0
        },
        {
            "id": "100000510666466",
            "count": 0
        },
        {
            "id": "100090749358941",
            "count": 0
        },
        {
            "id": "100094783749922",
            "count": 0
        },
        {
            "id": "61560029322011",
            "count": 0
        },
        {
            "id": "100085034384423",
            "count": 0
        },
        {
            "id": "100083987396986",
            "count": 0
        },
        {
            "id": "61554243867598",
            "count": 0
        },
        {
            "id": "61559393773433",
            "count": 0
        },
        {
            "id": "100004752336149",
            "count": 9
        },
        {
            "id": "100041369492342",
            "count": 0
        },
        {
            "id": "61561530282324",
            "count": 10
        },
        {
            "id": "100081249007797",
            "count": 0
        },
        {
            "id": "61564413164140",
            "count": 0
        },
        {
            "id": "61556666968083",
            "count": 0
        }
    ],
    "week": [
        {
            "id": "100038791595043",
            "count": 0,
            "name": "Lâm Hào"
        },
        {
            "id": "100085073240621",
            "count": 2,
            "name": "Dang Gia Khanh"
        },
        {
            "id": "100087126503731",
            "count": 0,
            "name": "Khiêm LK"
        },
        {
            "id": "100092744481406",
            "count": 0,
            "name": "Ng Huy"
        },
        {
            "id": "100045416898727",
            "count": 0,
            "name": "Người dùng Facebook"
        },
        {
            "id": "100088840053482",
            "count": 0,
            "name": "Nat Ngu Iồn"
        },
        {
            "id": "100075573652282",
            "count": 0,
            "name": "ゆ﹕ vsangcuti ꜝ　zᶻ︒"
        },
        {
            "id": "100080476122191",
            "count": 0,
            "name": "Hào Lam"
        },
        {
            "id": "100068832382948",
            "count": 0,
            "name": "Lâm Hàoo"
        },
        {
            "id": "61558112260247",
            "count": 0,
            "name": "bichtien"
        },
        {
            "id": "100078392752170",
            "count": 0,
            "name": "Nguyen Ngoc Trinh"
        },
        {
            "id": "61557675191465",
            "count": 0,
            "name": "Người dùng Facebook"
        },
        {
            "id": "61554533647809",
            "count": 0,
            "name": "Người dùng Facebook"
        },
        {
            "id": "100064179615940",
            "count": 0,
            "name": "Ng Tran Bich Tien"
        },
        {
            "id": "61554109323514",
            "count": 0,
            "name": "Bich Tien Ng Tran"
        },
        {
            "id": "61553083735648",
            "count": 0,
            "name": "Ng Tran Bich Tien"
        },
        {
            "id": "100091853081588",
            "count": 0,
            "name": "Người dùng Facebook"
        },
        {
            "id": "1542881558",
            "count": 0,
            "name": "Người dùng Facebook"
        },
        {
            "id": "100000510666466",
            "count": 0,
            "name": "Alex Kai Havesrt"
        },
        {
            "id": "100090749358941",
            "count": 0,
            "name": "ngoctrinh ۦ֊ᯅ֊zᶻ"
        },
        {
            "id": "100094783749922",
            "count": 0,
            "name": "ngoc trinh cte"
        },
        {
            "id": "61560029322011",
            "count": 0,
            "name": "Địt Bà Mày"
        },
        {
            "id": "100085034384423",
            "count": 0,
            "name": "Nguyen Ngoc Trinh 📚💭"
        },
        {
            "id": "100083987396986",
            "count": 0,
            "name": "Quốc Khánh"
        },
        {
            "id": "61554243867598",
            "count": 0,
            "name": "Spin Một"
        },
        {
            "id": "61559393773433",
            "count": 0,
            "name": "Người dùng Facebook"
        },
        {
            "id": "100004752336149",
            "count": 0,
            "name": "Người dùng Facebook"
        },
        {
            "id": "100041369492342",
            "count": 0,
            "name": "Người dùng Facebook"
        },
        {
            "id": "61561530282324",
            "count": 10,
            "name": "Roronoa Xoro"
        },
        {
            "id": "100081249007797",
            "count": 0,
            "name": "Người dùng Facebook"
        },
        {
            "id": "61564413164140",
            "count": 0,
            "name": "Người dùng Facebook"
        },
        {
            "id": "61556666968083",
            "count": 0,
            "name": "Người dùng Facebook"
        }
    ],
    "day": [
        {
            "id": "100038791595043",
            "count": 0,
            "name": "Lâm Hào"
        },
        {
            "id": "100085073240621",
            "count": 0,
            "name": "Dang Gia Khanh"
        },
        {
            "id": "100087126503731",
            "count": 0,
            "name": "Khiêm LK"
        },
        {
            "id": "100092744481406",
            "count": 0,
            "name": "Ng Huy"
        },
        {
            "id": "100045416898727",
            "count": 0,
            "name": "Người dùng Facebook"
        },
        {
            "id": "100088840053482",
            "count": 0,
            "name": "Nat Ngu Iồn"
        },
        {
            "id": "100075573652282",
            "count": 0,
            "name": "ゆ﹕ vsangcuti ꜝ　zᶻ︒"
        },
        {
            "id": "100080476122191",
            "count": 0,
            "name": "Hào Lam"
        },
        {
            "id": "100068832382948",
            "count": 0,
            "name": "Lâm Hàoo"
        },
        {
            "id": "61558112260247",
            "count": 0,
            "name": "bichtien"
        },
        {
            "id": "100078392752170",
            "count": 0,
            "name": "Nguyen Ngoc Trinh"
        },
        {
            "id": "61557675191465",
            "count": 0,
            "name": "Người dùng Facebook"
        },
        {
            "id": "61554533647809",
            "count": 0,
            "name": "Người dùng Facebook"
        },
        {
            "id": "100064179615940",
            "count": 0,
            "name": "Ng Tran Bich Tien"
        },
        {
            "id": "61554109323514",
            "count": 0,
            "name": "Bich Tien Ng Tran"
        },
        {
            "id": "61553083735648",
            "count": 0,
            "name": "Ng Tran Bich Tien"
        },
        {
            "id": "100091853081588",
            "count": 0,
            "name": "Người dùng Facebook"
        },
        {
            "id": "1542881558",
            "count": 0,
            "name": "Người dùng Facebook"
        },
        {
            "id": "100000510666466",
            "count": 0,
            "name": "Alex Kai Havesrt"
        },
        {
            "id": "100090749358941",
            "count": 0,
            "name": "ngoctrinh ۦ֊ᯅ֊zᶻ"
        },
        {
            "id": "100094783749922",
            "count": 0,
            "name": "ngoc trinh cte"
        },
        {
            "id": "61560029322011",
            "count": 0,
            "name": "Địt Bà Mày"
        },
        {
            "id": "100085034384423",
            "count": 0,
            "name": "Nguyen Ngoc Trinh 📚💭"
        },
        {
            "id": "100083987396986",
            "count": 0,
            "name": "Quốc Khánh"
        },
        {
            "id": "61554243867598",
            "count": 0,
            "name": "Spin Một"
        },
        {
            "id": "61559393773433",
            "count": 0,
            "name": "Người dùng Facebook"
        },
        {
            "id": "100004752336149",
            "count": 0,
            "name": "Người dùng Facebook"
        },
        {
            "id": "100041369492342",
            "count": 0,
            "name": "Người dùng Facebook"
        },
        {
            "id": "61561530282324",
            "count": 1,
            "name": "Roronoa Xoro"
        },
        {
            "id": "100081249007797",
            "count": 0,
            "name": "Người dùng Facebook"
        },
        {
            "id": "61564413164140",
            "count": 0,
            "name": "Người dùng Facebook"
        },
        {
            "id": "61556666968083",
            "count": 0,
            "name": "Người dùng Facebook"
        }
    ],
    "time": 6,
    "last": {
        "time": 0,
        "day": [
            {
                "id": "100038791595043",
                "count": 0
            },
            {
                "id": "100085073240621",
                "count": 0
            },
            {
                "id": "100087126503731",
                "count": 0
            },
            {
                "id": "100092744481406",
                "count": 0
            },
            {
                "id": "100045416898727",
                "count": 0
            },
            {
                "id": "100088840053482",
                "count": 0
            },
            {
                "id": "100075573652282",
                "count": 0
            },
            {
                "id": "100080476122191",
                "count": 0
            },
            {
                "id": "100027187763993",
                "count": 0
            },
            {
                "id": "100068832382948",
                "count": 0
            },
            {
                "id": "61558112260247",
                "count": 0
            },
            {
                "id": "100078392752170",
                "count": 0
            },
            {
                "id": "61557675191465",
                "count": 0
            },
            {
                "id": "61554533647809",
                "count": 0
            },
            {
                "id": "100064179615940",
                "count": 0
            },
            {
                "id": "61554109323514",
                "count": 0
            },
            {
                "id": "61553083735648",
                "count": 0
            },
            {
                "id": "100091853081588",
                "count": 0
            },
            {
                "id": "1542881558",
                "count": 0
            },
            {
                "id": "100000510666466",
                "count": 0
            },
            {
                "id": "100090749358941",
                "count": 0
            },
            {
                "id": "100094783749922",
                "count": 0
            },
            {
                "id": "61560029322011",
                "count": 0
            },
            {
                "id": "100085034384423",
                "count": 0
            },
            {
                "id": "100083987396986",
                "count": 0
            },
            {
                "id": "61554243867598",
                "count": 0
            },
            {
                "id": "61559393773433",
                "count": 0
            },
            {
                "id": "100004752336149",
                "count": 0
            },
            {
                "id": "100041369492342",
                "count": 0
            },
            {
                "id": "61561530282324",
                "count": 0
            },
            {
                "id": "100081249007797",
                "count": 0
            },
            {
                "id": "61564413164140",
                "count": 0
            },
            {
                "id": "61556666968083",
                "count": 0
            }
        ],
        "week": [
            {
                "id": "100038791595043",
                "count": 0
            },
            {
                "id": "100085073240621",
                "count": 0
            },
            {
                "id": "100087126503731",
                "count": 0
            },
            {
                "id": "100092744481406",
                "count": 0
            },
            {
                "id": "100045416898727",
                "count": 0
            },
            {
                "id": "100088840053482",
                "count": 0
            },
            {
                "id": "100075573652282",
                "count": 0
            },
            {
                "id": "100080476122191",
                "count": 0
            },
            {
                "id": "100027187763993",
                "count": 0
            },
            {
                "id": "100068832382948",
                "count": 0
            },
            {
                "id": "61558112260247",
                "count": 0
            },
            {
                "id": "100078392752170",
                "count": 0
            },
            {
                "id": "61557675191465",
                "count": 0
            },
            {
                "id": "61554533647809",
                "count": 0
            },
            {
                "id": "100064179615940",
                "count": 0
            },
            {
                "id": "61554109323514",
                "count": 0
            },
            {
                "id": "61553083735648",
                "count": 0
            },
            {
                "id": "100091853081588",
                "count": 0
            },
            {
                "id": "1542881558",
                "count": 0
            },
            {
                "id": "100000510666466",
                "count": 0
            },
            {
                "id": "100090749358941",
                "count": 0
            },
            {
                "id": "100094783749922",
                "count": 0
            },
            {
                "id": "61560029322011",
                "count": 0
            },
            {
                "id": "100085034384423",
                "count": 0
            },
            {
                "id": "100083987396986",
                "count": 0
            },
            {
                "id": "61554243867598",
                "count": 0
            },
            {
                "id": "61559393773433",
                "count": 0
            },
            {
                "id": "100004752336149",
                "count": 0
            },
            {
                "id": "100041369492342",
                "count": 0
            },
            {
                "id": "61561530282324",
                "count": 0
            },
            {
                "id": "100081249007797",
                "count": 0
            },
            {
                "id": "61564413164140",
                "count": 0
            },
            {
                "id": "61556666968083",
                "count": 0
            }
        ]
    }
}