{
    "total": [
        {
            "id": "100015168693345",
            "count": 0
        },
        {
            "id": "100044876354110",
            "count": 0
        },
        {
            "id": "100046201030682",
            "count": 0
        },
        {
            "id": "100045716794760",
            "count": 0
        },
        {
            "id": "100015131567957",
            "count": 7
        },
        {
            "id": "100039770317543",
            "count": 0
        },
        {
            "id": "100041723970860",
            "count": 0
        },
        {
            "id": "100090046665751",
            "count": 0
        },
        {
            "id": "100072188613018",
            "count": 0
        },
        {
            "id": "100071844281915",
            "count": 0
        },
        {
            "id": "100052911351043",
            "count": 0
        },
        {
            "id": "100075040310560",
            "count": 0
        },
        {
            "id": "100054998893633",
            "count": 0
        },
        {
            "id": "100044095006723",
            "count": 0
        },
        {
            "id": "100078405672685",
            "count": 0
        },
        {
            "id": "61557354486365",
            "count": 0
        },
        {
            "id": "100079523502351",
            "count": 0
        },
        {
            "id": "100055530836292",
            "count": 0
        },
        {
            "id": "100064883590109",
            "count": 0
        },
        {
            "id": "100082636100508",
            "count": 0
        },
        {
            "id": "100010026842090",
            "count": 0
        },
        {
            "id": "100064993922806",
            "count": 0
        },
        {
            "id": "100040258237383",
            "count": 0
        },
        {
            "id": "100027871187362",
            "count": 0
        },
        {
            "id": "100070261356442",
            "count": 0
        },
        {
            "id": "100087128565622",
            "count": 0
        },
        {
            "id": "100082099831395",
            "count": 0
        },
        {
            "id": "100073172292696",
            "count": 3
        },
        {
            "id": "100064891482251",
            "count": 0
        },
        {
            "id": "100089801763769",
            "count": 0
        },
        {
            "id": "100080813110017",
            "count": 0
        },
        {
            "id": "100072010958741",
            "count": 0
        },
        {
            "id": "100069797580432",
            "count": 0
        },
        {
            "id": "61556894156849",
            "count": 0
        },
        {
            "id": "100000617694848",
            "count": 0
        },
        {
            "id": "100083644343727",
            "count": 0
        },
        {
            "id": "61556104662797",
            "count": 0
        },
        {
            "id": "100002240840457",
            "count": 0
        },
        {
            "id": "100093603955998",
            "count": 0
        },
        {
            "id": "61558117404405",
            "count": 0
        },
        {
            "id": "100082580810706",
            "count": 0
        },
        {
            "id": "100051580974009",
            "count": 0
        },
        {
            "id": "100077018405888",
            "count": 0
        },
        {
            "id": "100080814177920",
            "count": 0
        },
        {
            "id": "100043239510137",
            "count": 0
        },
        {
            "id": "100089363306479",
            "count": 0
        },
        {
            "id": "100068012926484",
            "count": 0
        },
        {
            "id": "61553203100073",
            "count": 0
        },
        {
            "id": "100078396375545",
            "count": 0
        },
        {
            "id": "100055403230723",
            "count": 0
        },
        {
            "id": "61556478680260",
            "count": 0
        }
    ],
    "week": [
        {
            "id": "100015168693345",
            "count": 0,
            "name": "Minh Quân"
        },
        {
            "id": "100044876354110",
            "count": 0,
            "name": "Trần Huỳnh Văn Trí"
        },
        {
            "id": "100046201030682",
            "count": 0,
            "name": "Yến Nhi"
        },
        {
            "id": "100045716794760",
            "count": 0,
            "name": "H'Hoàng C'cao"
        },
        {
            "id": "100015131567957",
            "count": 0,
            "name": "Trịnh Trọng Thái"
        },
        {
            "id": "100039770317543",
            "count": 0,
            "name": "Kim Băng Nhãn"
        },
        {
            "id": "100041723970860",
            "count": 0,
            "name": "Iris Steve"
        },
        {
            "id": "100090046665751",
            "count": 0,
            "name": "July Tuyết"
        },
        {
            "id": "100072188613018",
            "count": 0,
            "name": "Phạm Tấn Hoàng Tâm"
        },
        {
            "id": "100071844281915",
            "count": 0,
            "name": "Nguyễn Dũng"
        },
        {
            "id": "100052911351043",
            "count": 0,
            "name": "Nguyễn Kha"
        },
        {
            "id": "100075040310560",
            "count": 0,
            "name": "Đinh Hợi"
        },
        {
            "id": "100054998893633",
            "count": 0,
            "name": "Nguyễn Phúc"
        },
        {
            "id": "100044095006723",
            "count": 0,
            "name": "Diễm My"
        },
        {
            "id": "100078405672685",
            "count": 0,
            "name": "Huyền Su"
        },
        {
            "id": "61557354486365",
            "count": 0,
            "name": "Minh Hoàng"
        },
        {
            "id": "100079523502351",
            "count": 0,
            "name": "Hải Đăng"
        },
        {
            "id": "100055530836292",
            "count": 0,
            "name": "Kemm Phann"
        },
        {
            "id": "100064883590109",
            "count": 0,
            "name": "Sang Thanh"
        },
        {
            "id": "100082636100508",
            "count": 0,
            "name": "Trần Minh"
        },
        {
            "id": "100010026842090",
            "count": 0,
            "name": "Hoàng Sơn"
        },
        {
            "id": "100064993922806",
            "count": 0,
            "name": "Nguyễn Ngọc Minh"
        },
        {
            "id": "100040258237383",
            "count": 0,
            "name": "Nguyễn Quý Vượng-Dewl"
        },
        {
            "id": "100027871187362",
            "count": 0,
            "name": "Nguyên"
        },
        {
            "id": "100070261356442",
            "count": 0,
            "name": "Trần Hồng Đức"
        },
        {
            "id": "100087128565622",
            "count": 0,
            "name": "Tiềncóthểmất Còn Emthìkhông"
        },
        {
            "id": "100082099831395",
            "count": 0,
            "name": "Lê Quân"
        },
        {
            "id": "100073172292696",
            "count": 0,
            "name": "Nguyễn Thị Hải Yến"
        },
        {
            "id": "100064891482251",
            "count": 0,
            "name": "Trí Tuấn"
        },
        {
            "id": "100089801763769",
            "count": 0,
            "name": "燕儿"
        },
        {
            "id": "100080813110017",
            "count": 0,
            "name": "Cường Vũ"
        },
        {
            "id": "100072010958741",
            "count": 0,
            "name": "Huy Do"
        },
        {
            "id": "100069797580432",
            "count": 0,
            "name": "Nguyễn Khoa"
        },
        {
            "id": "61556894156849",
            "count": 0,
            "name": "Em dạo này ổn không Còn đi làm ở công ty cũ Còn đi sớm về hôm nhưng mà đồng lương vẫn không khi đủ Đồng nghiệp của em thế nào trong thang máy có chào với nhau "
        },
        {
            "id": "100000617694848",
            "count": 0,
            "name": "Ngô Lê Minh Hiếu"
        },
        {
            "id": "100083644343727",
            "count": 0,
            "name": "Phạm Trần Hoàng Tâm"
        },
        {
            "id": "61556104662797",
            "count": 0,
            "name": "Người dùng Facebook"
        },
        {
            "id": "100002240840457",
            "count": 0,
            "name": "Người dùng Facebook"
        },
        {
            "id": "100093603955998",
            "count": 0,
            "name": "Thanhh Vânn"
        },
        {
            "id": "61558117404405",
            "count": 0,
            "name": "Vu Dinh"
        },
        {
            "id": "100082580810706",
            "count": 0,
            "name": "Ng Tuấn Dũng"
        },
        {
            "id": "100051580974009",
            "count": 0,
            "name": "Thanh Tùng"
        },
        {
            "id": "100077018405888",
            "count": 0,
            "name": "Người dùng Facebook"
        },
        {
            "id": "100080814177920",
            "count": 0,
            "name": "Ngocc Huy"
        },
        {
            "id": "100043239510137",
            "count": 0,
            "name": "Linh Trần"
        },
        {
            "id": "100089363306479",
            "count": 0,
            "name": "Nguyễn Thành Trung"
        },
        {
            "id": "100068012926484",
            "count": 0,
            "name": "Trần Linh Anh"
        },
        {
            "id": "61553203100073",
            "count": 0,
            "name": "Mai Tấn"
        },
        {
            "id": "100078396375545",
            "count": 0,
            "name": "Lê Thanh Trúc"
        },
        {
            "id": "100055403230723",
            "count": 0,
            "name": "Thanh Vân"
        },
        {
            "id": "61556478680260",
            "count": 0,
            "name": "Giaa Huyy"
        }
    ],
    "day": [
        {
            "id": "100015168693345",
            "count": 0,
            "name": "Minh Quân"
        },
        {
            "id": "100044876354110",
            "count": 0,
            "name": "Trần Huỳnh Văn Trí"
        },
        {
            "id": "100046201030682",
            "count": 0,
            "name": "Yến Nhi"
        },
        {
            "id": "100045716794760",
            "count": 0,
            "name": "H'Hoàng C'cao"
        },
        {
            "id": "100015131567957",
            "count": 0,
            "name": "Trịnh Trọng Thái"
        },
        {
            "id": "100039770317543",
            "count": 0,
            "name": "Kim Băng Nhãn"
        },
        {
            "id": "100041723970860",
            "count": 0,
            "name": "Iris Steve"
        },
        {
            "id": "100090046665751",
            "count": 0,
            "name": "July Tuyết"
        },
        {
            "id": "100072188613018",
            "count": 0,
            "name": "Phạm Tấn Hoàng Tâm"
        },
        {
            "id": "100071844281915",
            "count": 0,
            "name": "Nguyễn Dũng"
        },
        {
            "id": "100052911351043",
            "count": 0,
            "name": "Nguyễn Kha"
        },
        {
            "id": "100075040310560",
            "count": 0,
            "name": "Đinh Hợi"
        },
        {
            "id": "100054998893633",
            "count": 0,
            "name": "Nguyễn Phúc"
        },
        {
            "id": "100044095006723",
            "count": 0,
            "name": "Diễm My"
        },
        {
            "id": "100078405672685",
            "count": 0,
            "name": "Huyền Su"
        },
        {
            "id": "61557354486365",
            "count": 0,
            "name": "Minh Hoàng"
        },
        {
            "id": "100079523502351",
            "count": 0,
            "name": "Hải Đăng"
        },
        {
            "id": "100055530836292",
            "count": 0,
            "name": "Kemm Phann"
        },
        {
            "id": "100064883590109",
            "count": 0,
            "name": "Sang Thanh"
        },
        {
            "id": "100082636100508",
            "count": 0,
            "name": "Trần Minh"
        },
        {
            "id": "100010026842090",
            "count": 0,
            "name": "Hoàng Sơn"
        },
        {
            "id": "100064993922806",
            "count": 0,
            "name": "Nguyễn Ngọc Minh"
        },
        {
            "id": "100040258237383",
            "count": 0,
            "name": "Nguyễn Quý Vượng-Dewl"
        },
        {
            "id": "100027871187362",
            "count": 0,
            "name": "Nguyên"
        },
        {
            "id": "100070261356442",
            "count": 0,
            "name": "Trần Hồng Đức"
        },
        {
            "id": "100087128565622",
            "count": 0,
            "name": "Tiềncóthểmất Còn Emthìkhông"
        },
        {
            "id": "100082099831395",
            "count": 0,
            "name": "Lê Quân"
        },
        {
            "id": "100073172292696",
            "count": 0,
            "name": "Nguyễn Thị Hải Yến"
        },
        {
            "id": "100064891482251",
            "count": 0,
            "name": "Trí Tuấn"
        },
        {
            "id": "100089801763769",
            "count": 0,
            "name": "燕儿"
        },
        {
            "id": "100080813110017",
            "count": 0,
            "name": "Cường Vũ"
        },
        {
            "id": "100072010958741",
            "count": 0,
            "name": "Huy Do"
        },
        {
            "id": "100069797580432",
            "count": 0,
            "name": "Nguyễn Khoa"
        },
        {
            "id": "61556894156849",
            "count": 0,
            "name": "Em dạo này ổn không Còn đi làm ở công ty cũ Còn đi sớm về hôm nhưng mà đồng lương vẫn không khi đủ Đồng nghiệp của em thế nào trong thang máy có chào với nhau "
        },
        {
            "id": "100000617694848",
            "count": 0,
            "name": "Ngô Lê Minh Hiếu"
        },
        {
            "id": "100083644343727",
            "count": 0,
            "name": "Phạm Trần Hoàng Tâm"
        },
        {
            "id": "61556104662797",
            "count": 0,
            "name": "Người dùng Facebook"
        },
        {
            "id": "100002240840457",
            "count": 0,
            "name": "Người dùng Facebook"
        },
        {
            "id": "100093603955998",
            "count": 0,
            "name": "Thanhh Vânn"
        },
        {
            "id": "61558117404405",
            "count": 0,
            "name": "Vu Dinh"
        },
        {
            "id": "100082580810706",
            "count": 0,
            "name": "Ng Tuấn Dũng"
        },
        {
            "id": "100051580974009",
            "count": 0,
            "name": "Thanh Tùng"
        },
        {
            "id": "100077018405888",
            "count": 0,
            "name": "Cậu Ba"
        },
        {
            "id": "100080814177920",
            "count": 0,
            "name": "Ngocc Huy"
        },
        {
            "id": "100043239510137",
            "count": 0,
            "name": "Linh Trần"
        },
        {
            "id": "100089363306479",
            "count": 0,
            "name": "Nguyễn Thành Trung"
        },
        {
            "id": "100068012926484",
            "count": 0,
            "name": "Trần Linh Anh"
        },
        {
            "id": "61553203100073",
            "count": 0,
            "name": "Mai Tấn"
        },
        {
            "id": "100078396375545",
            "count": 0,
            "name": "Lê Thanh Trúc"
        },
        {
            "id": "100055403230723",
            "count": 0,
            "name": "Thanh Vân"
        },
        {
            "id": "61556478680260",
            "count": 0,
            "name": "Giaa Huyy"
        }
    ],
    "time": 6,
    "last": {
        "time": 5,
        "day": [
            {
                "id": "100015168693345",
                "count": 0
            },
            {
                "id": "100044876354110",
                "count": 0
            },
            {
                "id": "100046201030682",
                "count": 0
            },
            {
                "id": "100045716794760",
                "count": 0
            },
            {
                "id": "100015131567957",
                "count": 0
            },
            {
                "id": "100039770317543",
                "count": 0
            },
            {
                "id": "100041723970860",
                "count": 0
            },
            {
                "id": "100090046665751",
                "count": 0
            },
            {
                "id": "100072188613018",
                "count": 0
            },
            {
                "id": "100071844281915",
                "count": 0
            },
            {
                "id": "100052911351043",
                "count": 0
            },
            {
                "id": "100075040310560",
                "count": 0
            },
            {
                "id": "100054998893633",
                "count": 0
            },
            {
                "id": "100044095006723",
                "count": 0
            },
            {
                "id": "100078405672685",
                "count": 0
            },
            {
                "id": "61557354486365",
                "count": 0
            },
            {
                "id": "100079523502351",
                "count": 0
            },
            {
                "id": "100055530836292",
                "count": 0
            },
            {
                "id": "100064883590109",
                "count": 0
            },
            {
                "id": "100082636100508",
                "count": 0
            },
            {
                "id": "100010026842090",
                "count": 0
            },
            {
                "id": "100064993922806",
                "count": 0
            },
            {
                "id": "100040258237383",
                "count": 0
            },
            {
                "id": "100027871187362",
                "count": 0
            },
            {
                "id": "100070261356442",
                "count": 0
            },
            {
                "id": "100087128565622",
                "count": 0
            },
            {
                "id": "100082099831395",
                "count": 0
            },
            {
                "id": "100073172292696",
                "count": 0
            },
            {
                "id": "100064891482251",
                "count": 0
            },
            {
                "id": "100089801763769",
                "count": 0
            },
            {
                "id": "100080813110017",
                "count": 0
            },
            {
                "id": "100072010958741",
                "count": 0
            },
            {
                "id": "100069797580432",
                "count": 0
            },
            {
                "id": "61556894156849",
                "count": 0
            },
            {
                "id": "100000617694848",
                "count": 0
            },
            {
                "id": "100083644343727",
                "count": 0
            },
            {
                "id": "61556104662797",
                "count": 0
            },
            {
                "id": "100002240840457",
                "count": 0
            },
            {
                "id": "100093603955998",
                "count": 0
            },
            {
                "id": "61558117404405",
                "count": 0
            },
            {
                "id": "100082580810706",
                "count": 0
            },
            {
                "id": "100051580974009",
                "count": 0
            },
            {
                "id": "100077018405888",
                "count": 0
            },
            {
                "id": "100080814177920",
                "count": 0
            },
            {
                "id": "100043239510137",
                "count": 0
            },
            {
                "id": "100089363306479",
                "count": 0
            },
            {
                "id": "100068012926484",
                "count": 0
            },
            {
                "id": "61553203100073",
                "count": 0
            },
            {
                "id": "100078396375545",
                "count": 0
            },
            {
                "id": "100055403230723",
                "count": 0
            },
            {
                "id": "61556478680260",
                "count": 0
            }
        ],
        "week": [
            {
                "id": "100015168693345",
                "count": 0
            },
            {
                "id": "100044876354110",
                "count": 0
            },
            {
                "id": "100046201030682",
                "count": 0
            },
            {
                "id": "100045716794760",
                "count": 0
            },
            {
                "id": "100015131567957",
                "count": 0
            },
            {
                "id": "100039770317543",
                "count": 0
            },
            {
                "id": "100041723970860",
                "count": 0
            },
            {
                "id": "100090046665751",
                "count": 0
            },
            {
                "id": "100072188613018",
                "count": 0
            },
            {
                "id": "100071844281915",
                "count": 0
            },
            {
                "id": "100052911351043",
                "count": 0
            },
            {
                "id": "100075040310560",
                "count": 0
            },
            {
                "id": "100054998893633",
                "count": 0
            },
            {
                "id": "100044095006723",
                "count": 0
            },
            {
                "id": "100078405672685",
                "count": 0
            },
            {
                "id": "61557354486365",
                "count": 0
            },
            {
                "id": "100079523502351",
                "count": 0
            },
            {
                "id": "100055530836292",
                "count": 0
            },
            {
                "id": "100064883590109",
                "count": 0
            },
            {
                "id": "100082636100508",
                "count": 0
            },
            {
                "id": "100010026842090",
                "count": 0
            },
            {
                "id": "100064993922806",
                "count": 0
            },
            {
                "id": "100040258237383",
                "count": 0
            },
            {
                "id": "100027871187362",
                "count": 0
            },
            {
                "id": "100070261356442",
                "count": 0
            },
            {
                "id": "100087128565622",
                "count": 0
            },
            {
                "id": "100082099831395",
                "count": 0
            },
            {
                "id": "100073172292696",
                "count": 0
            },
            {
                "id": "100064891482251",
                "count": 0
            },
            {
                "id": "100089801763769",
                "count": 0
            },
            {
                "id": "100080813110017",
                "count": 0
            },
            {
                "id": "100072010958741",
                "count": 0
            },
            {
                "id": "100069797580432",
                "count": 0
            },
            {
                "id": "61556894156849",
                "count": 0
            },
            {
                "id": "100000617694848",
                "count": 0
            },
            {
                "id": "100083644343727",
                "count": 0
            },
            {
                "id": "61556104662797",
                "count": 0
            },
            {
                "id": "100002240840457",
                "count": 0
            },
            {
                "id": "100093603955998",
                "count": 0
            },
            {
                "id": "61558117404405",
                "count": 0
            },
            {
                "id": "100082580810706",
                "count": 0
            },
            {
                "id": "100051580974009",
                "count": 0
            },
            {
                "id": "100077018405888",
                "count": 0
            },
            {
                "id": "100080814177920",
                "count": 0
            },
            {
                "id": "100043239510137",
                "count": 0
            },
            {
                "id": "100089363306479",
                "count": 0
            },
            {
                "id": "100068012926484",
                "count": 0
            },
            {
                "id": "61553203100073",
                "count": 0
            },
            {
                "id": "100078396375545",
                "count": 0
            },
            {
                "id": "100055403230723",
                "count": 0
            },
            {
                "id": "61556478680260",
                "count": 0
            }
        ]
    }
}