{
    "total": [
        {
            "id": "100075098599381",
            "count": 0
        },
        {
            "id": "100050188775013",
            "count": 8
        },
        {
            "id": "61561326726409",
            "count": 0
        },
        {
            "id": "61556104662797",
            "count": 0
        },
        {
            "id": "100085073240621",
            "count": 39
        },
        {
            "id": "61556666968083",
            "count": 0
        },
        {
            "id": "61561530282324",
            "count": 19
        },
        {
            "id": "100041369492342",
            "count": 0
        },
        {
            "id": "61565980442777",
            "count": 0
        },
        {
            "id": "61565499184296",
            "count": 0
        },
        {
            "id": "100077018405888",
            "count": 23
        },
        {
            "id": "61565771654506",
            "count": 0
        },
        {
            "id": "61553203100073",
            "count": 0
        },
        {
            "id": "61567612886680",
            "count": 37
        }
    ],
    "week": [
        {
            "id": "100075098599381",
            "count": 0,
            "name": "Eric Chẻmpai’z."
        },
        {
            "id": "100050188775013",
            "count": 0,
            "name": "Quốc Lord"
        },
        {
            "id": "61561326726409",
            "count": 0,
            "name": "Người dùng Facebook"
        },
        {
            "id": "61556104662797",
            "count": 0,
            "name": "Người dùng Facebook"
        },
        {
            "id": "100085073240621",
            "count": 0,
            "name": "Dang Gia Khanh"
        },
        {
            "id": "61556666968083",
            "count": 0,
            "name": "Người dùng Facebook"
        },
        {
            "id": "61561530282324",
            "count": 10,
            "name": "Roronoa Xoro"
        },
        {
            "id": "100041369492342",
            "count": 0,
            "name": "Người dùng Facebook"
        },
        {
            "id": "61565980442777",
            "count": 0,
            "name": "Người dùng Facebook"
        },
        {
            "id": "61565499184296",
            "count": 0,
            "name": "Quốc Dz"
        },
        {
            "id": "100077018405888",
            "count": 0,
            "name": "Người dùng Facebook"
        },
        {
            "id": "61565771654506",
            "count": 0,
            "name": "Bot Của Quốc Lord"
        },
        {
            "id": "61553203100073",
            "count": 0,
            "name": "Mai Tấn"
        },
        {
            "id": "61567612886680",
            "count": 0,
            "name": "Bot Của Quốc Lord"
        }
    ],
    "day": [
        {
            "id": "100075098599381",
            "count": 0,
            "name": "Eric Chẻmpai’z."
        },
        {
            "id": "100050188775013",
            "count": 0,
            "name": "Quốc Lord"
        },
        {
            "id": "61561326726409",
            "count": 0,
            "name": "Người dùng Facebook"
        },
        {
            "id": "61556104662797",
            "count": 0,
            "name": "Người dùng Facebook"
        },
        {
            "id": "100085073240621",
            "count": 0,
            "name": "Dang Gia Khanh"
        },
        {
            "id": "61556666968083",
            "count": 0,
            "name": "Người dùng Facebook"
        },
        {
            "id": "61561530282324",
            "count": 1,
            "name": "Roronoa Xoro"
        },
        {
            "id": "100041369492342",
            "count": 0,
            "name": "Người dùng Facebook"
        },
        {
            "id": "61565980442777",
            "count": 0,
            "name": "Người dùng Facebook"
        },
        {
            "id": "61565499184296",
            "count": 0,
            "name": "Quốc Dz"
        },
        {
            "id": "100077018405888",
            "count": 0,
            "name": "Cậu Ba"
        },
        {
            "id": "61565771654506",
            "count": 0,
            "name": "Bot Của Quốc Lord"
        },
        {
            "id": "61553203100073",
            "count": 0,
            "name": "Mai Tấn"
        },
        {
            "id": "61567612886680",
            "count": 0,
            "name": "Bot Của Quốc Lord"
        }
    ],
    "time": 6,
    "last": {
        "time": 2,
        "day": [
            {
                "id": "100075098599381",
                "count": 0
            },
            {
                "id": "100091758047267",
                "count": 0
            },
            {
                "id": "100050188775013",
                "count": 0
            },
            {
                "id": "61561326726409",
                "count": 0
            },
            {
                "id": "100001113278043",
                "count": 0
            },
            {
                "id": "61556104662797",
                "count": 0
            },
            {
                "id": "100085073240621",
                "count": 0
            },
            {
                "id": "61556666968083",
                "count": 0
            },
            {
                "id": "100027187763993",
                "count": 0
            },
            {
                "id": "61561530282324",
                "count": 0
            },
            {
                "id": "100041369492342",
                "count": 0
            },
            {
                "id": "61565980442777",
                "count": 0
            },
            {
                "id": "61565499184296",
                "count": 0
            },
            {
                "id": "100077026869574",
                "count": 0
            },
            {
                "id": "100077018405888",
                "count": 0
            },
            {
                "id": "61565771654506",
                "count": 0
            },
            {
                "id": "61565557906976",
                "count": 0
            },
            {
                "id": "61553203100073",
                "count": 0
            },
            {
                "id": "61567612886680",
                "count": 0
            }
        ],
        "week": [
            {
                "id": "100075098599381",
                "count": 0
            },
            {
                "id": "100091758047267",
                "count": 0
            },
            {
                "id": "100050188775013",
                "count": 0
            },
            {
                "id": "61561326726409",
                "count": 0
            },
            {
                "id": "100001113278043",
                "count": 0
            },
            {
                "id": "61556104662797",
                "count": 0
            },
            {
                "id": "100085073240621",
                "count": 0
            },
            {
                "id": "61556666968083",
                "count": 0
            },
            {
                "id": "100027187763993",
                "count": 0
            },
            {
                "id": "61561530282324",
                "count": 0
            },
            {
                "id": "100041369492342",
                "count": 0
            },
            {
                "id": "61565980442777",
                "count": 0
            },
            {
                "id": "61565499184296",
                "count": 0
            },
            {
                "id": "100077026869574",
                "count": 0
            },
            {
                "id": "100077018405888",
                "count": 0
            },
            {
                "id": "61565771654506",
                "count": 0
            },
            {
                "id": "61565557906976",
                "count": 0
            },
            {
                "id": "61553203100073",
                "count": 0
            },
            {
                "id": "61567612886680",
                "count": 0
            }
        ]
    }
}