{
    "total": [
        {
            "id": "100005919548178",
            "count": 0
        },
        {
            "id": "61556996409346",
            "count": 0
        },
        {
            "id": "100089008973608",
            "count": 14
        },
        {
            "id": "61555428134200",
            "count": 5
        },
        {
            "id": "61552477976434",
            "count": 252
        },
        {
            "id": "100037492783219",
            "count": 0
        },
        {
            "id": "100071003962630",
            "count": 0
        },
        {
            "id": "100084488946152",
            "count": 0
        },
        {
            "id": "61560487154627",
            "count": 7
        },
        {
            "id": "61552176620762",
            "count": 3
        },
        {
            "id": "100084515973802",
            "count": 1
        },
        {
            "id": "100076326292406",
            "count": 7
        },
        {
            "id": "61556095743231",
            "count": 8
        },
        {
            "id": "61559895611526",
            "count": 0
        },
        {
            "id": "100089704261277",
            "count": 0
        },
        {
            "id": "61564580056415",
            "count": 0
        },
        {
            "id": "100055236161579",
            "count": 433
        },
        {
            "id": "100088073816198",
            "count": 0
        },
        {
            "id": "100047445120815",
            "count": 0
        },
        {
            "id": "100072653030699",
            "count": 2
        },
        {
            "id": "68126864",
            "count": 1050
        },
        {
            "id": "61550962658401",
            "count": 345
        },
        {
            "id": "61555712670336",
            "count": 881
        },
        {
            "id": "100070678868311",
            "count": 0
        },
        {
            "id": "100072301915850",
            "count": 3
        },
        {
            "id": "100077340322638",
            "count": 0
        },
        {
            "id": "100072439105441",
            "count": 1360
        },
        {
            "id": "61559339866079",
            "count": 1
        },
        {
            "id": "100068154438111",
            "count": 2
        },
        {
            "id": "100078854755188",
            "count": 0
        },
        {
            "id": "100083700524447",
            "count": 16
        },
        {
            "id": "100085226649873",
            "count": 0
        },
        {
            "id": "100086350780713",
            "count": 8
        },
        {
            "id": "61567581356632",
            "count": 0
        },
        {
            "id": "100073420669646",
            "count": 774
        },
        {
            "id": "61559079650241",
            "count": 37
        },
        {
            "id": "61561530282324",
            "count": 239
        },
        {
            "id": "100085073240621",
            "count": 296
        },
        {
            "id": "100002896167413",
            "count": 49
        },
        {
            "id": "61564884756626",
            "count": 252
        },
        {
            "id": "100067508386723",
            "count": 1058
        },
        {
            "id": "61564457352402",
            "count": 8
        },
        {
            "id": "100074368458815",
            "count": 1244
        },
        {
            "id": "100000264111892",
            "count": 1866
        },
        {
            "id": "61550668237353",
            "count": 6
        },
        {
            "id": "100083174347639",
            "count": 187
        },
        {
            "id": "61551764772746",
            "count": 3
        },
        {
            "id": "100037211391552",
            "count": 522
        },
        {
            "id": "100081016996783",
            "count": 44
        },
        {
            "id": "100093037971835",
            "count": 0
        },
        {
            "id": "100000493975005",
            "count": 98
        },
        {
            "id": "100089441630711",
            "count": 27
        },
        {
            "id": "100001624277957",
            "count": 71
        },
        {
            "id": "100087128565622",
            "count": 517
        },
        {
            "id": "100094024399135",
            "count": 1154
        },
        {
            "id": "100002266817082",
            "count": 339
        },
        {
            "id": "100093927407512",
            "count": 105
        },
        {
            "id": "61558117404405",
            "count": 692
        },
        {
            "id": "100020908143321",
            "count": 216
        },
        {
            "id": "100019648061930",
            "count": 519
        },
        {
            "id": "100060894693968",
            "count": 9
        },
        {
            "id": "61566431324194",
            "count": 190
        },
        {
            "id": "61565397262958",
            "count": 2271
        },
        {
            "id": "61555434658392",
            "count": 0
        },
        {
            "id": "100008306777831",
            "count": 659
        },
        {
            "id": "61567114092593",
            "count": 45
        },
        {
            "id": "100087793942073",
            "count": 330
        },
        {
            "id": "100083708317296",
            "count": 4
        },
        {
            "id": "100081680783009",
            "count": 0
        },
        {
            "id": "1640299546",
            "count": 20
        },
        {
            "id": "61566826751267",
            "count": 14
        },
        {
            "id": "100000478776933",
            "count": 419
        },
        {
            "id": "100074429727478",
            "count": 33
        },
        {
            "id": "100075784943859",
            "count": 216
        },
        {
            "id": "100001905775280",
            "count": 148
        },
        {
            "id": "61567746958644",
            "count": 661
        },
        {
            "id": "61559141435743",
            "count": 41
        },
        {
            "id": "100006025484165",
            "count": 49
        },
        {
            "id": "100013957026271",
            "count": 9
        },
        {
            "id": "100070167820383",
            "count": 81
        },
        {
            "id": "100080647629698",
            "count": 261
        },
        {
            "id": "61568078214519",
            "count": 907
        },
        {
            "id": "61565953090625",
            "count": 100
        },
        {
            "id": "537846897",
            "count": 73
        },
        {
            "id": "61567670670329",
            "count": 7
        },
        {
            "id": "1162050272",
            "count": 32
        },
        {
            "id": "502275138",
            "count": 340
        },
        {
            "id": "100077018405888",
            "count": 258
        },
        {
            "id": "61565790638779",
            "count": 27
        },
        {
            "id": "100039201377129",
            "count": 863
        },
        {
            "id": "100061658023661",
            "count": 1
        },
        {
            "id": "61567378245089",
            "count": 75
        },
        {
            "id": "100003956346545",
            "count": 23
        },
        {
            "id": "61558439258698",
            "count": 82
        },
        {
            "id": "100002649756075",
            "count": 55
        },
        {
            "id": "61568161858282",
            "count": 91
        },
        {
            "id": "100064877233228",
            "count": 5
        },
        {
            "id": "61560954846568",
            "count": 22
        },
        {
            "id": "100044304284565",
            "count": 0
        },
        {
            "id": "100046080791526",
            "count": 74
        },
        {
            "id": "100011855520258",
            "count": 0
        },
        {
            "id": "100081220271591",
            "count": 326
        },
        {
            "id": "61567532466827",
            "count": 145
        },
        {
            "id": "100092162927136",
            "count": 93
        },
        {
            "id": "100080592595030",
            "count": 703
        },
        {
            "id": "1417149937",
            "count": 13
        },
        {
            "id": "100088817988946",
            "count": 5
        },
        {
            "id": "61554200261231",
            "count": 24
        },
        {
            "id": "61553399193860",
            "count": 0
        },
        {
            "id": "100072310811311",
            "count": 0
        },
        {
            "id": "100001589227986",
            "count": 15
        },
        {
            "id": "61550908929865",
            "count": 21
        },
        {
            "id": "61557038342927",
            "count": 0
        },
        {
            "id": "61561783183191",
            "count": 10
        },
        {
            "id": "100036283453277",
            "count": 83
        },
        {
            "id": "61552350031943",
            "count": 86
        },
        {
            "id": "100075120853122",
            "count": 7
        },
        {
            "id": "61567009047894",
            "count": 1
        },
        {
            "id": "61567350041414",
            "count": 82
        },
        {
            "id": "100093354953689",
            "count": 4
        },
        {
            "id": "100089033040313",
            "count": 3
        },
        {
            "id": "61566064136863",
            "count": 103
        },
        {
            "id": "61556669590802",
            "count": 95
        },
        {
            "id": "100048528709029",
            "count": 6
        },
        {
            "id": "61554719066669",
            "count": 44
        },
        {
            "id": "100028262705558",
            "count": 1
        }
    ],
    "week": [
        {
            "id": "100005919548178",
            "count": 0,
            "name": "Ph Thùy Linh"
        },
        {
            "id": "61556996409346",
            "count": 0,
            "name": "aris x hchi x nmd x npa x panh x nthanh x bh x mtuyet x mchou x hnad x gbao x pie x ptruc x pgh x kvy x dmy x bnie x hphi x tk x nq x nl x pt x ht x kl x mhuy x tvyy x tnghi x tdan x cora x hm x bt"
        },
        {
            "id": "100089008973608",
            "count": 2,
            "name": "𝑻𝒉𝒊𝒆̂𝒏 𝑵𝒈𝒐̣𝒄"
        },
        {
            "id": "61555428134200",
            "count": 0,
            "name": "Nguyễn Thúy Vi"
        },
        {
            "id": "61552477976434",
            "count": 123,
            "name": "Nguyễn Bình Phương"
        },
        {
            "id": "100037492783219",
            "count": 0,
            "name": "Nguyễn Ngọc Khánh Vân"
        },
        {
            "id": "100071003962630",
            "count": 0,
            "name": "️️️️️️️️️️️️️️️️️️️️️️️️️️️️️️️️️️️️️️️️️️️️️️️️️️️️️️️️️️️️️️️️️️️️️️️️️️️️️️️️️️️️️️️️️️️️️️️️️️️️️️️️️️️️️️️️️️️️️️️️️️️️️️️️️️️️️️️️️️️️️️️️️️️️️️️️️️️️️️️️️️️️️️️️️️"
        },
        {
            "id": "100084488946152",
            "count": 0,
            "name": "Ng Bảo Ngọc"
        },
        {
            "id": "61560487154627",
            "count": 0,
            "name": "Lê Quốc Trí"
        },
        {
            "id": "61552176620762",
            "count": 0,
            "name": "Tường Vy"
        },
        {
            "id": "100084515973802",
            "count": 0,
            "name": "Bảoo Ngọc"
        },
        {
            "id": "100076326292406",
            "count": 0,
            "name": "Nguyễn Trung Hiếu"
        },
        {
            "id": "61556095743231",
            "count": 7,
            "name": "Phương Zii"
        },
        {
            "id": "61559895611526",
            "count": 0,
            "name": "Bảo Duy"
        },
        {
            "id": "100089704261277",
            "count": 0,
            "name": "Thảo Trân"
        },
        {
            "id": "61564580056415",
            "count": 0,
            "name": "Người dùng Facebook"
        },
        {
            "id": "100055236161579",
            "count": 326,
            "name": "Nguyễn Hà Chi"
        },
        {
            "id": "100088073816198",
            "count": 0,
            "name": "Mẫn Nhi"
        },
        {
            "id": "100047445120815",
            "count": 0,
            "name": "Đỗ Hạnh"
        },
        {
            "id": "100072653030699",
            "count": 0,
            "name": "Ốc Quế Sầu Riêng"
        },
        {
            "id": "68126864",
            "count": 169,
            "name": "Ng Viet Hoang"
        },
        {
            "id": "61550962658401",
            "count": 97,
            "name": "Nguyễn Ngọc Khánh"
        },
        {
            "id": "61555712670336",
            "count": 275,
            "name": "Nguyễn Việt Hoàng"
        },
        {
            "id": "100070678868311",
            "count": 0,
            "name": "黄水灵"
        },
        {
            "id": "100072301915850",
            "count": 2,
            "name": "Đào Văn Công"
        },
        {
            "id": "100077340322638",
            "count": 0,
            "name": "Joshing Joshua"
        },
        {
            "id": "100072439105441",
            "count": 667,
            "name": "Lê Chí"
        },
        {
            "id": "61559339866079",
            "count": 1,
            "name": "Lê Khánh Ly"
        },
        {
            "id": "100068154438111",
            "count": 0,
            "name": "Trung Hiếu"
        },
        {
            "id": "100078854755188",
            "count": 0,
            "name": "Vu Nguyett"
        },
        {
            "id": "100083700524447",
            "count": 3,
            "name": "Trịnh Linh Đan"
        },
        {
            "id": "100085226649873",
            "count": 0,
            "name": "Taa Phuongg Nhi"
        },
        {
            "id": "100086350780713",
            "count": 7,
            "name": "Ng TChi"
        },
        {
            "id": "61567581356632",
            "count": 0,
            "name": "John Tzy"
        },
        {
            "id": "100073420669646",
            "count": 41,
            "name": "Trần Ngọc Phương Linh"
        },
        {
            "id": "61559079650241",
            "count": 0,
            "name": "Nguyễn Thanh Tùng"
        },
        {
            "id": "61561530282324",
            "count": 239,
            "name": "Roronoa Xoro"
        },
        {
            "id": "100085073240621",
            "count": 138,
            "name": "Dang Gia Khanh"
        },
        {
            "id": "100002896167413",
            "count": 1,
            "name": "Hạnh　Phúc　Có　Thể　Bỏ　Rơi　Anh　 Nhưng Anh　Không　Bao　Giờ　Bỏ　Rơi　Em"
        },
        {
            "id": "61564884756626",
            "count": 182,
            "name": "Đình Vũ"
        },
        {
            "id": "100067508386723",
            "count": 33,
            "name": "Phạm Hữu Tài"
        },
        {
            "id": "61564457352402",
            "count": 1,
            "name": "Minhh Ngoz"
        },
        {
            "id": "100074368458815",
            "count": 308,
            "name": "Nguyễn Ngọc Thanh"
        },
        {
            "id": "100000264111892",
            "count": 595,
            "name": "Trịnh Duy Toàn 🖕🏻🐕🐈"
        },
        {
            "id": "61550668237353",
            "count": 0,
            "name": "Nguyễn Hoàng Tuấn"
        },
        {
            "id": "100083174347639",
            "count": 0,
            "name": "Nguyễn Đức Bình✅"
        },
        {
            "id": "61551764772746",
            "count": 0,
            "name": "Đâu Phải Tuấn"
        },
        {
            "id": "100037211391552",
            "count": 235,
            "name": "Heo Rừng"
        },
        {
            "id": "100081016996783",
            "count": 9,
            "name": "Phng Nhi"
        },
        {
            "id": "100093037971835",
            "count": 0,
            "name": "Nguyễn Đinh Tiến Dũng"
        },
        {
            "id": "100000493975005",
            "count": 1,
            "name": "Nguyễn Đinh Tiến Dũng"
        },
        {
            "id": "100089441630711",
            "count": 0,
            "name": "Bùi Mạnh Quang 💫"
        },
        {
            "id": "100001624277957",
            "count": 4,
            "name": "Chú Bé Đần"
        },
        {
            "id": "100087128565622",
            "count": 42,
            "name": "Tiềncóthểmất Còn Emthìkhông"
        },
        {
            "id": "100094024399135",
            "count": 804,
            "name": "Thu Phươngg"
        },
        {
            "id": "100002266817082",
            "count": 0,
            "name": "Ayano Sukii"
        },
        {
            "id": "100093927407512",
            "count": 25,
            "name": "Quan Hậu"
        },
        {
            "id": "61558117404405",
            "count": 68,
            "name": "Vu Dinh"
        },
        {
            "id": "100020908143321",
            "count": 95,
            "name": "Đặng Hoài Thanh"
        },
        {
            "id": "100019648061930",
            "count": 81,
            "name": "Mẫn Nhi Ngucto"
        },
        {
            "id": "100060894693968",
            "count": 0,
            "name": "Lê Minh Tiến"
        },
        {
            "id": "61566431324194",
            "count": 60,
            "name": "メ Kiên"
        },
        {
            "id": "61565397262958",
            "count": 793,
            "name": "Nguyễn Văn Thành"
        },
        {
            "id": "61555434658392",
            "count": 0,
            "name": "Trịnh Lan Anh"
        },
        {
            "id": "100008306777831",
            "count": 19,
            "name": "Albert Bielak"
        },
        {
            "id": "61567114092593",
            "count": 0,
            "name": "Người dùng Facebook"
        },
        {
            "id": "100087793942073",
            "count": 29,
            "name": "〆 Mina.if 𑄝ᴥ𑄝"
        },
        {
            "id": "100083708317296",
            "count": 0,
            "name": "Pt Vu"
        },
        {
            "id": "100081680783009",
            "count": 0,
            "name": "Người dùng facebook"
        },
        {
            "id": "1640299546",
            "count": 0,
            "name": "Dris Mhb"
        },
        {
            "id": "61566826751267",
            "count": 14,
            "name": "Tùng Thanh"
        },
        {
            "id": "100000478776933",
            "count": 1,
            "name": "Nguyễn Trung Anh"
        },
        {
            "id": "100074429727478",
            "count": 6,
            "name": "Nguyễn Trung Anh"
        },
        {
            "id": "100075784943859",
            "count": 59,
            "name": "An Huỳnh"
        },
        {
            "id": "100001905775280",
            "count": 0,
            "name": "Đối　Với　Anh　Em　Là　Người　 Bạn　Tốt　Nhưng　Mà　Đối　Với　 Bạn　Em　Anh　Là　Một　Gã　Tồi"
        },
        {
            "id": "61567746958644",
            "count": 95,
            "name": "Cuaa"
        },
        {
            "id": "61559141435743",
            "count": 8,
            "name": "Thanhh Tùngg"
        },
        {
            "id": "100006025484165",
            "count": 0,
            "name": "Hoàng Quyết Tiến"
        },
        {
            "id": "100013957026271",
            "count": 0,
            "name": "𓃗»𝙏𝙧𝙖̂̀𝙣 𝙑𝙖̆𝙣 𝙃𝙞𝙣𝙝𓂄𓆩𑁍𓆪𓂁"
        },
        {
            "id": "100070167820383",
            "count": 0,
            "name": "Cristian Leoni"
        },
        {
            "id": "100080647629698",
            "count": 42,
            "name": "Nguyễn Đức Tài"
        },
        {
            "id": "61568078214519",
            "count": 334,
            "name": "Nguyễn Văn Thành"
        },
        {
            "id": "61565953090625",
            "count": 0,
            "name": "Phan Thị Phương Anh"
        },
        {
            "id": "537846897",
            "count": 4,
            "name": "Nguyễn Võ Ngọc Hiếu"
        },
        {
            "id": "61567670670329",
            "count": 0,
            "name": "Khánh Hòa Lê"
        },
        {
            "id": "1162050272",
            "count": 4,
            "name": "𝑫𝒖̃𝒏𝒈 𝑵𝒈𝒖𝒚𝒆̂̃𝒏"
        },
        {
            "id": "502275138",
            "count": 106,
            "name": "Phạm Minh Đồng"
        },
        {
            "id": "100077018405888",
            "count": 0,
            "name": "Người dùng Facebook"
        },
        {
            "id": "61565790638779",
            "count": 0,
            "name": "Minh Uyên"
        },
        {
            "id": "100039201377129",
            "count": 174,
            "name": "Azigg Twn"
        },
        {
            "id": "100061658023661",
            "count": 0,
            "name": "Phương Uyên"
        },
        {
            "id": "61567378245089",
            "count": 14,
            "name": "Mã Hoàng Gia Mỹy"
        },
        {
            "id": "100003956346545",
            "count": 0,
            "name": "ʬʬHnhi Cteʬʬ KHI　ANH　BUON　ANH　THUONG　LUOT　FAYBUC　NHUNG　LUC　ANH　RANH　ANH　HOC　CACH　BAN　QUI　PHAI　MOT　NGAY　DEP　TROI　TRAI　TIM　EM　BI　KHOA　ANH　MO　ROI　NHUNG　DAP　BAY　HAI　BA　LOVE　LOVE　LOVE　LOVE　LOVE　LOVE　TRICKER　BAT　TU　YEUEM　O　MOI　VU　TRU　ANH　THE　CHI　MUON　YEU　MINH　EM　THOI　I　LOOVEE　YOUU　CHIUCHIU　TRICKER　TRUM　FIFAI　YEU　EM　KHONG　PHAI - X"
        },
        {
            "id": "61558439258698",
            "count": 82,
            "name": "Người dùng facebook"
        },
        {
            "id": "100002649756075",
            "count": 0,
            "name": "キ　hnhii ctee　ᶻz ꜝꜝ"
        },
        {
            "id": "61568161858282",
            "count": 61,
            "name": "Bug Ki Dí Dỏm"
        },
        {
            "id": "100064877233228",
            "count": 5,
            "name": "Người dùng facebook"
        },
        {
            "id": "61560954846568",
            "count": 0,
            "name": "Tùng Quỳnh Hoàng"
        },
        {
            "id": "100044304284565",
            "count": 0,
            "name": "Người dùng Facebook"
        },
        {
            "id": "100046080791526",
            "count": 41,
            "name": "ဪဪဪဪဪဪဪဪဪဪဪဪဪဪဪဪဪဪဪဪဪဪဪဪ ဪဪဪဪဪဪဪဪဪဪဪဪဪဪဪဪဪဪဪဪဪဪဪဪ ဪဪဪဪဪဪဪဪဪဪဪဪဪဪဪဪဪဪဪဪဪဪဪဪ"
        },
        {
            "id": "100011855520258",
            "count": 0,
            "name": "Hồ Quốc Tuấn"
        },
        {
            "id": "100081220271591",
            "count": 271,
            "name": "Võ Viết Duy Khiêm"
        },
        {
            "id": "61567532466827",
            "count": 142,
            "name": "Lyn Phương"
        },
        {
            "id": "100092162927136",
            "count": 81,
            "name": " ╰━➗🎲🎲╤━─────━◎➛➣ ╰♡╮⎝҂⚈⏝⚆⍀卝◉卝➗🎲🎲➗╤══─────◎➛➣ ╰😘╮🄳🄴🅂🅃🅁🄾🅈🄴🅁║🌾║🄷🄴🅁🄴╰🥰╮🦋🌻🐝╭⍝╮⚃⚄⚃⚃⚀🥀🟥🟩🟦🟨🟪🌾🅅🄸🄿 🄿🅁🄾🄵🄸🄻🄴╭⍝╮⎝⎝҂⚈⏝⚆⍀⎠╰🤩╮☆↔️❤️💙💚💜↔️☆"
        },
        {
            "id": "100080592595030",
            "count": 703
        },
        {
            "id": "1417149937",
            "count": 13
        },
        {
            "id": "100088817988946",
            "count": 5
        },
        {
            "id": "61554200261231",
            "count": 24
        },
        {
            "id": "61553399193860",
            "count": 0
        },
        {
            "id": "100072310811311",
            "count": 0
        },
        {
            "id": "100001589227986",
            "count": 15
        },
        {
            "id": "61550908929865",
            "count": 21
        },
        {
            "id": "61557038342927",
            "count": 0
        },
        {
            "id": "61561783183191",
            "count": 10
        },
        {
            "id": "100036283453277",
            "count": 83
        },
        {
            "id": "61552350031943",
            "count": 86
        },
        {
            "id": "100075120853122",
            "count": 7
        },
        {
            "id": "61567009047894",
            "count": 1
        },
        {
            "id": "61567350041414",
            "count": 82
        },
        {
            "id": "100093354953689",
            "count": 4
        },
        {
            "id": "100089033040313",
            "count": 3
        },
        {
            "id": "61566064136863",
            "count": 103
        },
        {
            "id": "61556669590802",
            "count": 95
        },
        {
            "id": "100048528709029",
            "count": 6
        },
        {
            "id": "61554719066669",
            "count": 44
        },
        {
            "id": "100028262705558",
            "count": 1
        }
    ],
    "day": [
        {
            "id": "100005919548178",
            "count": 0,
            "name": "Ph Thùy Linh"
        },
        {
            "id": "61556996409346",
            "count": 0,
            "name": "aris x hchi x nmd x npa x panh x nthanh x bh x mtuyet x mchou x hnad x gbao x pie x ptruc x pgh x kvy x dmy x bnie x hphi x tk x nq x nl x pt x ht x kl x mhuy x tvyy x tnghi x tdan x cora x hm x bt"
        },
        {
            "id": "100089008973608",
            "count": 0,
            "name": "𝑻𝒉𝒊𝒆̂𝒏 𝑵𝒈𝒐̣𝒄"
        },
        {
            "id": "61555428134200",
            "count": 0,
            "name": "Nguyễn Thúy Vi"
        },
        {
            "id": "61552477976434",
            "count": 0,
            "name": "Nguyễn Bình Phương"
        },
        {
            "id": "100037492783219",
            "count": 0,
            "name": "Nguyễn Ngọc Khánh Vân"
        },
        {
            "id": "100071003962630",
            "count": 0,
            "name": "️️️️️️️️️️️️️️️️️️️️️️️️️️️️️️️️️️️️️️️️️️️️️️️️️️️️️️️️️️️️️️️️️️️️️️️️️️️️️️️️️️️️️️️️️️️️️️️️️️️️️️️️️️️️️️️️️️️️️️️️️️️️️️️️️️️️️️️️️️️️️️️️️️️️️️️️️️️️️️️️️️️️️️️️️️"
        },
        {
            "id": "100084488946152",
            "count": 0,
            "name": "Ng Bảo Ngọc"
        },
        {
            "id": "61560487154627",
            "count": 0,
            "name": "Lê Quốc Trí"
        },
        {
            "id": "61552176620762",
            "count": 0,
            "name": "Tường Vy"
        },
        {
            "id": "100084515973802",
            "count": 0,
            "name": "Bảoo Ngọc"
        },
        {
            "id": "100076326292406",
            "count": 0,
            "name": "Nguyễn Trung Hiếu"
        },
        {
            "id": "61556095743231",
            "count": 0,
            "name": "Phương Zii"
        },
        {
            "id": "61559895611526",
            "count": 0,
            "name": "Bảo Duy"
        },
        {
            "id": "100089704261277",
            "count": 0,
            "name": "Thảo Trân"
        },
        {
            "id": "61564580056415",
            "count": 0,
            "name": "Người dùng Facebook"
        },
        {
            "id": "100055236161579",
            "count": 13,
            "name": "Nguyễn Hà Chi"
        },
        {
            "id": "100088073816198",
            "count": 0,
            "name": "Mẫn Nhi"
        },
        {
            "id": "100047445120815",
            "count": 0,
            "name": "Đỗ Hạnh"
        },
        {
            "id": "100072653030699",
            "count": 0,
            "name": "Ốc Quế Sầu Riêng"
        },
        {
            "id": "68126864",
            "count": 6,
            "name": "Ng Viet Hoang"
        },
        {
            "id": "61550962658401",
            "count": 0,
            "name": "Nguyễn Ngọc Khánh"
        },
        {
            "id": "61555712670336",
            "count": 0,
            "name": "Nguyễn Việt Hoàng"
        },
        {
            "id": "100070678868311",
            "count": 0,
            "name": "黄水灵"
        },
        {
            "id": "100072301915850",
            "count": 0,
            "name": "Đào Văn Công"
        },
        {
            "id": "100077340322638",
            "count": 0,
            "name": "Joshing Joshua"
        },
        {
            "id": "100072439105441",
            "count": 12,
            "name": "Lê Chí"
        },
        {
            "id": "61559339866079",
            "count": 0,
            "name": "Lê Khánh Ly"
        },
        {
            "id": "100068154438111",
            "count": 0,
            "name": "Trung Hiếu"
        },
        {
            "id": "100078854755188",
            "count": 0,
            "name": "Vu Nguyett"
        },
        {
            "id": "100083700524447",
            "count": 0,
            "name": "Trịnh Linh Đan"
        },
        {
            "id": "100085226649873",
            "count": 0,
            "name": "Taa Phuongg Nhi"
        },
        {
            "id": "100086350780713",
            "count": 0,
            "name": "Ng TChi"
        },
        {
            "id": "61567581356632",
            "count": 0,
            "name": "John Tzy"
        },
        {
            "id": "100073420669646",
            "count": 0,
            "name": "Trần Ngọc Phương Linh"
        },
        {
            "id": "61559079650241",
            "count": 0,
            "name": "Nguyễn Thanh Tùng"
        },
        {
            "id": "61561530282324",
            "count": 8,
            "name": "Roronoa Xoro"
        },
        {
            "id": "100085073240621",
            "count": 11,
            "name": "Dang Gia Khanh"
        },
        {
            "id": "100002896167413",
            "count": 0,
            "name": "Hạnh　Phúc　Có　Thể　Bỏ　Rơi　Anh　 Nhưng Anh　Không　Bao　Giờ　Bỏ　Rơi　Em"
        },
        {
            "id": "61564884756626",
            "count": 0,
            "name": "Người dùng Facebook"
        },
        {
            "id": "100067508386723",
            "count": 0,
            "name": "Phạm Hữu Tài"
        },
        {
            "id": "61564457352402",
            "count": 0,
            "name": "Minhh Ngoz"
        },
        {
            "id": "100074368458815",
            "count": 10,
            "name": "Nguyễn Ngọc Thanh"
        },
        {
            "id": "100000264111892",
            "count": 20,
            "name": "Trịnh Duy Toàn 🖕🏻🐕🐈"
        },
        {
            "id": "61550668237353",
            "count": 0,
            "name": "Nguyễn Hoàng Tuấn"
        },
        {
            "id": "100083174347639",
            "count": 0,
            "name": "Nguyễn Đức Bình✅"
        },
        {
            "id": "61551764772746",
            "count": 0,
            "name": "Đâu Phải Tuấn"
        },
        {
            "id": "100037211391552",
            "count": 57,
            "name": "Heo Rừng"
        },
        {
            "id": "100081016996783",
            "count": 0,
            "name": "Phng Nhi"
        },
        {
            "id": "100093037971835",
            "count": 0,
            "name": "Nguyễn Đinh Tiến Dũng"
        },
        {
            "id": "100000493975005",
            "count": 0,
            "name": "Nguyễn Đinh Tiến Dũng"
        },
        {
            "id": "100089441630711",
            "count": 0,
            "name": "Bùi Mạnh Quang 💫"
        },
        {
            "id": "100001624277957",
            "count": 0,
            "name": "Chú Bé Đần"
        },
        {
            "id": "100087128565622",
            "count": 0,
            "name": "Tiềncóthểmất Còn Emthìkhông"
        },
        {
            "id": "100094024399135",
            "count": 1,
            "name": "Thu Phươngg"
        },
        {
            "id": "100002266817082",
            "count": 0,
            "name": "Ayano Sukii"
        },
        {
            "id": "100093927407512",
            "count": 0,
            "name": "Quan Hậu"
        },
        {
            "id": "61558117404405",
            "count": 0,
            "name": "Vu Dinh"
        },
        {
            "id": "100020908143321",
            "count": 0,
            "name": "Đặng Hoài Thanh"
        },
        {
            "id": "100019648061930",
            "count": 0,
            "name": "Mẫn Nhi Ngucto"
        },
        {
            "id": "100060894693968",
            "count": 0,
            "name": "Lê Minh Tiến"
        },
        {
            "id": "61566431324194",
            "count": 2,
            "name": "メ Kiên"
        },
        {
            "id": "61565397262958",
            "count": 37,
            "name": "Nguyễn Văn Thành"
        },
        {
            "id": "61555434658392",
            "count": 0,
            "name": "Trịnh Lan Anh"
        },
        {
            "id": "100008306777831",
            "count": 0,
            "name": "Người dùng Facebook"
        },
        {
            "id": "61567114092593",
            "count": 0,
            "name": "Người dùng Facebook"
        },
        {
            "id": "100087793942073",
            "count": 0,
            "name": "〆 Mina.if 𑄝ᴥ𑄝"
        },
        {
            "id": "100083708317296",
            "count": 0,
            "name": "Pt Vu"
        },
        {
            "id": "100081680783009",
            "count": 0,
            "name": "Người dùng facebook"
        },
        {
            "id": "1640299546",
            "count": 0,
            "name": "Dris Mhb"
        },
        {
            "id": "61566826751267",
            "count": 0,
            "name": "Tùng Thanh"
        },
        {
            "id": "100000478776933",
            "count": 0,
            "name": "Nguyễn Trung Anh"
        },
        {
            "id": "100074429727478",
            "count": 0,
            "name": "Nguyễn Trung Anh"
        },
        {
            "id": "100075784943859",
            "count": 0,
            "name": "An Huỳnh"
        },
        {
            "id": "100001905775280",
            "count": 0,
            "name": "Đối　Với　Anh　Em　Là　Người　 Bạn　Tốt　Nhưng　Mà　Đối　Với　 Bạn　Em　Anh　Là　Một　Gã　Tồi"
        },
        {
            "id": "61567746958644",
            "count": 0,
            "name": "Cuaa"
        },
        {
            "id": "61559141435743",
            "count": 0,
            "name": "Thanhh Tùngg"
        },
        {
            "id": "100006025484165",
            "count": 0,
            "name": "Hoàng Quyết Tiến"
        },
        {
            "id": "100013957026271",
            "count": 0,
            "name": "𓃗»𝙏𝙧𝙖̂̀𝙣 𝙑𝙖̆𝙣 𝙃𝙞𝙣𝙝𓂄𓆩𑁍𓆪𓂁"
        },
        {
            "id": "100070167820383",
            "count": 0,
            "name": "Cristian Leoni"
        },
        {
            "id": "100080647629698",
            "count": 0,
            "name": "Nguyễn Đức Tài"
        },
        {
            "id": "61568078214519",
            "count": 11,
            "name": "Nguyễn Văn Thành"
        },
        {
            "id": "61565953090625",
            "count": 0,
            "name": "Phan Thị Phương Anh"
        },
        {
            "id": "537846897",
            "count": 0,
            "name": "Nguyễn Võ Ngọc Hiếu"
        },
        {
            "id": "61567670670329",
            "count": 0,
            "name": "Khánh Hòa Lê"
        },
        {
            "id": "1162050272",
            "count": 0,
            "name": "𝑫𝒖̃𝒏𝒈 𝑵𝒈𝒖𝒚𝒆̂̃𝒏"
        },
        {
            "id": "502275138",
            "count": 29,
            "name": "Phạm Minh Đồng"
        },
        {
            "id": "100077018405888",
            "count": 0,
            "name": "Cậu Ba"
        },
        {
            "id": "61565790638779",
            "count": 0,
            "name": "Minh Uyên"
        },
        {
            "id": "100039201377129",
            "count": 0,
            "name": "Azigg Twn"
        },
        {
            "id": "100061658023661",
            "count": 0,
            "name": "Phương Uyên"
        },
        {
            "id": "61567378245089",
            "count": 0,
            "name": "Mã Hoàng Gia Mỹy"
        },
        {
            "id": "100003956346545",
            "count": 0,
            "name": "ʬʬHnhi Cteʬʬ KHI　ANH　BUON　ANH　THUONG　LUOT　FAYBUC　NHUNG　LUC　ANH　RANH　ANH　HOC　CACH　BAN　QUI　PHAI　MOT　NGAY　DEP　TROI　TRAI　TIM　EM　BI　KHOA　ANH　MO　ROI　NHUNG　DAP　BAY　HAI　BA　LOVE　LOVE　LOVE　LOVE　LOVE　LOVE　TRICKER　BAT　TU　YEUEM　O　MOI　VU　TRU　ANH　THE　CHI　MUON　YEU　MINH　EM　THOI　I　LOOVEE　YOUU　CHIUCHIU　TRICKER　TRUM　FIFAI　YEU　EM　KHONG　PHAI - X"
        },
        {
            "id": "61558439258698",
            "count": 0,
            "name": "Nhật Hoang"
        },
        {
            "id": "100002649756075",
            "count": 0,
            "name": "キ　hnhii ctee　ᶻz ꜝꜝ"
        },
        {
            "id": "61568161858282",
            "count": 0,
            "name": "Người dùng Facebook"
        },
        {
            "id": "100064877233228",
            "count": 0,
            "name": "Nguyễn Ngọc Hân"
        },
        {
            "id": "61560954846568",
            "count": 0,
            "name": "Tùng Quỳnh Hoàng"
        },
        {
            "id": "100044304284565",
            "count": 0,
            "name": "Người dùng Facebook"
        },
        {
            "id": "100046080791526",
            "count": 0,
            "name": "ဪဪဪဪဪဪဪဪဪဪဪဪဪဪဪဪဪဪဪဪဪဪဪဪ ဪဪဪဪဪဪဪဪဪဪဪဪဪဪဪဪဪဪဪဪဪဪဪဪ ဪဪဪဪဪဪဪဪဪဪဪဪဪဪဪဪဪဪဪဪဪဪဪဪ"
        },
        {
            "id": "100011855520258",
            "count": 0,
            "name": "Hồ Quốc Tuấn"
        },
        {
            "id": "100081220271591",
            "count": 10,
            "name": "Võ Viết Duy Khiêm"
        },
        {
            "id": "61567532466827",
            "count": 2,
            "name": "Lyn Phương"
        },
        {
            "id": "100092162927136",
            "count": 0,
            "name": " ╰━➗🎲🎲╤━─────━◎➛➣ ╰♡╮⎝҂⚈⏝⚆⍀卝◉卝➗🎲🎲➗╤══─────◎➛➣ ╰😘╮🄳🄴🅂🅃🅁🄾🅈🄴🅁║🌾║🄷🄴🅁🄴╰🥰╮🦋🌻🐝╭⍝╮⚃⚄⚃⚃⚀🥀🟥🟩🟦🟨🟪🌾🅅🄸🄿 🄿🅁🄾🄵🄸🄻🄴╭⍝╮⎝⎝҂⚈⏝⚆⍀⎠╰🤩╮☆↔️❤️💙💚💜↔️☆"
        },
        {
            "id": "100080592595030",
            "count": 0,
            "name": "Kim Eun Hee"
        },
        {
            "id": "1417149937",
            "count": 0,
            "name": "Huy Hoàng"
        },
        {
            "id": "100088817988946",
            "count": 0,
            "name": "Lâm Hoàng Khang"
        },
        {
            "id": "61554200261231",
            "count": 0,
            "name": "Thảo Nhi"
        },
        {
            "id": "61553399193860",
            "count": 0,
            "name": "Hạnh Hạnh"
        },
        {
            "id": "100072310811311",
            "count": 0,
            "name": "Người dùng facebook"
        },
        {
            "id": "100001589227986",
            "count": 0,
            "name": "𓇻𑁍 Tao Xin Tự Giới Thiệu Tao Là Hắc Cơ Trùm Rename Mấy Thằng Ngu Rename Dính Chữ M.M XD XL PC Như Mấy Thằng Khuyết Tật Đã Ngu Còn Tự Ái Cân Mọi Kèo Rename Tên Kí Tự Vì Anh Là Trùm Nên Mấy Em Gái Anh Ưu Tiên Rename Free Cho Nhé Mấy Thằng Cu Tricker Lỏ Việt Nam Đặc Biệt Hách Cu Mõm Block Edit Giật Giật Nháy Nháy Bỏ Đi Mà Làm Người Nhận Rename Mọi Loại Tên XnXx.CoM 𑁍𓇻"
        },
        {
            "id": "61550908929865",
            "count": 0,
            "name": "─━◉❖🇻🇳╮╽╽╭🇻🇳❖◉━─ ◄💠▧╮╭☘️🎲☘️╮╭▨💠► ╼▇◣🎲⋆🅻🄾🆂🄴🆁⋆🎲◢▇╾ ╼▇◤🎲⋆♨🄺🅷🅸🅴🄼♨⋆🎲◥▇╾ ◄💠▨╯╰☘️🎲☘️╯╰▧💠► ─━◉❖🇻🇳╯╿╿╰🇻🇳❖◉━─ံံ"
        },
        {
            "id": "61557038342927",
            "count": 0,
            "name": "Người dùng facebook"
        },
        {
            "id": "61561783183191",
            "count": 0,
            "name": "一﹕ yliz.ins・み"
        },
        {
            "id": "100036283453277",
            "count": 14,
            "name": "🌈 Nguyễn Hoàng Thanh Quang ✅"
        },
        {
            "id": "61552350031943",
            "count": 0,
            "name": "Nguyen Minh Tuan"
        },
        {
            "id": "100075120853122",
            "count": 0,
            "name": "Trần Minh Nghĩa"
        },
        {
            "id": "61567009047894",
            "count": 0,
            "name": "Nguyễn Thế Tuấn ToT"
        },
        {
            "id": "61567350041414",
            "count": 0,
            "name": "ね︐ Babie︕"
        },
        {
            "id": "100093354953689",
            "count": 0,
            "name": "ʬʬhuy Trickerʬʬ KHI　ANH　BUON　ANH　THUONG　LUOT　FAYBUC　NHUNG　LUC　ANH　RANH　ANH　HOC　CACH　BAN　QUI　PHAI　MOT　NGAY　DEP　TROI　TRAI　TIM　EM　BI　KHOA　ANH　MO　ROI　NHUNG　DAP　BAY　HAI　BA　LOVE　LOVE　LOVE　LOVE　LOVE　LOVE　TRICKER　BAT　TU　YEUEM　O　MOI　VU　TRU　ANH　THE　CHI　MUON　YEU　MINH　EM　THOI　I　LOOVEE　YOUU　CHIUCHIU　TRICKER　TRUM　FIFAI　YEU　EM　KHONG　PHAI - X"
        },
        {
            "id": "100089033040313",
            "count": 0,
            "name": "Nguyễn Đức Toàn"
        },
        {
            "id": "61566064136863",
            "count": 9,
            "name": "Nguyễn An"
        },
        {
            "id": "61556669590802",
            "count": 10,
            "name": "Chấm Chấm"
        },
        {
            "id": "100048528709029",
            "count": 0,
            "name": "Diêm Vương"
        },
        {
            "id": "61554719066669",
            "count": 2,
            "name": "Trườngg Nguyễnn"
        },
        {
            "id": "100028262705558",
            "count": 1,
            "name": "Người dùng facebook"
        }
    ],
    "time": 6,
    "last": {
        "time": 6,
        "day": [
            {
                "id": "100005919548178",
                "count": 0
            },
            {
                "id": "100089476901470",
                "count": 0
            },
            {
                "id": "61556996409346",
                "count": 0
            },
            {
                "id": "100089008973608",
                "count": 0
            },
            {
                "id": "61555428134200",
                "count": 0
            },
            {
                "id": "61552477976434",
                "count": 0
            },
            {
                "id": "61560187132936",
                "count": 0
            },
            {
                "id": "100037492783219",
                "count": 0
            },
            {
                "id": "100071003962630",
                "count": 0
            },
            {
                "id": "100084488946152",
                "count": 0
            },
            {
                "id": "61560487154627",
                "count": 0
            },
            {
                "id": "61552176620762",
                "count": 0
            },
            {
                "id": "100084515973802",
                "count": 0
            },
            {
                "id": "100076326292406",
                "count": 0
            },
            {
                "id": "61556095743231",
                "count": 0
            },
            {
                "id": "61559895611526",
                "count": 0
            },
            {
                "id": "100089704261277",
                "count": 0
            },
            {
                "id": "61564580056415",
                "count": 0
            },
            {
                "id": "100055236161579",
                "count": 0
            },
            {
                "id": "100088073816198",
                "count": 0
            },
            {
                "id": "100047445120815",
                "count": 0
            },
            {
                "id": "100011855520258",
                "count": 0
            },
            {
                "id": "100072653030699",
                "count": 0
            },
            {
                "id": "68126864",
                "count": 0
            },
            {
                "id": "61550962658401",
                "count": 0
            },
            {
                "id": "61555712670336",
                "count": 0
            },
            {
                "id": "100070678868311",
                "count": 0
            },
            {
                "id": "100072301915850",
                "count": 0
            },
            {
                "id": "100093968006641",
                "count": 0
            },
            {
                "id": "100077340322638",
                "count": 0
            },
            {
                "id": "100072439105441",
                "count": 0
            },
            {
                "id": "61559339866079",
                "count": 0
            },
            {
                "id": "100068154438111",
                "count": 0
            },
            {
                "id": "61565740060446",
                "count": 0
            },
            {
                "id": "100078854755188",
                "count": 0
            },
            {
                "id": "100083700524447",
                "count": 0
            },
            {
                "id": "100085226649873",
                "count": 0
            },
            {
                "id": "100086350780713",
                "count": 0
            },
            {
                "id": "61567581356632",
                "count": 0
            },
            {
                "id": "61561966093395",
                "count": 0
            },
            {
                "id": "61567670670329",
                "count": 0
            },
            {
                "id": "61560445680565",
                "count": 0
            },
            {
                "id": "100073420669646",
                "count": 0
            },
            {
                "id": "61559079650241",
                "count": 0
            },
            {
                "id": "61561530282324",
                "count": 0
            },
            {
                "id": "100085073240621",
                "count": 0
            },
            {
                "id": "100002896167413",
                "count": 0
            },
            {
                "id": "61564884756626",
                "count": 0
            },
            {
                "id": "100067508386723",
                "count": 0
            },
            {
                "id": "61564457352402",
                "count": 0
            },
            {
                "id": "100074368458815",
                "count": 0
            },
            {
                "id": "100000264111892",
                "count": 0
            },
            {
                "id": "61550668237353",
                "count": 0
            },
            {
                "id": "100083174347639",
                "count": 0
            },
            {
                "id": "61551764772746",
                "count": 0
            },
            {
                "id": "100037211391552",
                "count": 0
            },
            {
                "id": "100090168070553",
                "count": 0
            },
            {
                "id": "100081016996783",
                "count": 0
            },
            {
                "id": "100093037971835",
                "count": 0
            },
            {
                "id": "100090287744089",
                "count": 0
            },
            {
                "id": "61555809030974",
                "count": 0
            },
            {
                "id": "100000493975005",
                "count": 0
            },
            {
                "id": "100089441630711",
                "count": 0
            },
            {
                "id": "1074491699",
                "count": 0
            },
            {
                "id": "100068310261131",
                "count": 0
            },
            {
                "id": "100083186343710",
                "count": 0
            },
            {
                "id": "100001624277957",
                "count": 0
            },
            {
                "id": "100087128565622",
                "count": 0
            },
            {
                "id": "100094024399135",
                "count": 0
            },
            {
                "id": "61554719066669",
                "count": 0
            },
            {
                "id": "100039201377129",
                "count": 0
            },
            {
                "id": "100002266817082",
                "count": 0
            },
            {
                "id": "100093927407512",
                "count": 0
            },
            {
                "id": "61558117404405",
                "count": 0
            },
            {
                "id": "100020908143321",
                "count": 0
            },
            {
                "id": "100019648061930",
                "count": 0
            },
            {
                "id": "100060894693968",
                "count": 0
            },
            {
                "id": "61566431324194",
                "count": 0
            },
            {
                "id": "1489675800",
                "count": 0
            },
            {
                "id": "100027274759030",
                "count": 0
            },
            {
                "id": "100039358390912",
                "count": 0
            },
            {
                "id": "61565397262958",
                "count": 0
            },
            {
                "id": "100080457890514",
                "count": 0
            },
            {
                "id": "61555434658392",
                "count": 0
            },
            {
                "id": "100008306777831",
                "count": 0
            },
            {
                "id": "61567114092593",
                "count": 0
            },
            {
                "id": "100087793942073",
                "count": 0
            },
            {
                "id": "100083708317296",
                "count": 0
            },
            {
                "id": "100081680783009",
                "count": 0
            },
            {
                "id": "1640299546",
                "count": 0
            },
            {
                "id": "61566826751267",
                "count": 0
            },
            {
                "id": "100000478776933",
                "count": 0
            },
            {
                "id": "100074429727478",
                "count": 0
            },
            {
                "id": "100075784943859",
                "count": 0
            },
            {
                "id": "100001905775280",
                "count": 0
            },
            {
                "id": "61567746958644",
                "count": 0
            },
            {
                "id": "61559141435743",
                "count": 0
            },
            {
                "id": "100006025484165",
                "count": 0
            },
            {
                "id": "100013957026271",
                "count": 0
            },
            {
                "id": "100070167820383",
                "count": 0
            },
            {
                "id": "61566641946321",
                "count": 0
            },
            {
                "id": "61565933460957",
                "count": 0
            },
            {
                "id": "100060181503926",
                "count": 0
            },
            {
                "id": "593146350",
                "count": 0
            },
            {
                "id": "100082329615635",
                "count": 0
            },
            {
                "id": "100080647629698",
                "count": 0
            },
            {
                "id": "61551810885786",
                "count": 0
            },
            {
                "id": "100051707232013",
                "count": 0
            },
            {
                "id": "61565953090625",
                "count": 0
            },
            {
                "id": "100067157924575",
                "count": 0
            },
            {
                "id": "61566000432785",
                "count": 0
            },
            {
                "id": "61568078214519",
                "count": 0
            },
            {
                "id": "537846897",
                "count": 0
            },
            {
                "id": "1162050272",
                "count": 0
            },
            {
                "id": "502275138",
                "count": 0
            },
            {
                "id": "100077018405888",
                "count": 0
            },
            {
                "id": "61565790638779",
                "count": 0
            },
            {
                "id": "100061658023661",
                "count": 0
            },
            {
                "id": "61567378245089",
                "count": 0
            },
            {
                "id": "100003956346545",
                "count": 0
            },
            {
                "id": "61558439258698",
                "count": 0
            },
            {
                "id": "100002649756075",
                "count": 0
            },
            {
                "id": "61565329456183",
                "count": 0
            },
            {
                "id": "100095379821033",
                "count": 0
            },
            {
                "id": "61568161858282",
                "count": 0
            },
            {
                "id": "100064877233228",
                "count": 0
            },
            {
                "id": "61560954846568",
                "count": 0
            },
            {
                "id": "100044304284565",
                "count": 0
            },
            {
                "id": "100046080791526",
                "count": 0
            },
            {
                "id": "100002297532681",
                "count": 0
            },
            {
                "id": "100081220271591",
                "count": 0
            },
            {
                "id": "61567532466827",
                "count": 0
            },
            {
                "id": "100092162927136",
                "count": 0
            },
            {
                "id": "100000270648467",
                "count": 0
            },
            {
                "id": "100080592595030",
                "count": 0
            },
            {
                "id": "1417149937",
                "count": 0
            },
            {
                "id": "61567555033876",
                "count": 0
            },
            {
                "id": "100088817988946",
                "count": 0
            },
            {
                "id": "61554200261231",
                "count": 0
            },
            {
                "id": "61553399193860",
                "count": 0
            },
            {
                "id": "100072310811311",
                "count": 0
            },
            {
                "id": "100001589227986",
                "count": 0
            },
            {
                "id": "61550908929865",
                "count": 0
            },
            {
                "id": "61557038342927",
                "count": 0
            },
            {
                "id": "61561783183191",
                "count": 0
            },
            {
                "id": "100036283453277",
                "count": 0
            },
            {
                "id": "61552350031943",
                "count": 0
            },
            {
                "id": "100075120853122",
                "count": 0
            },
            {
                "id": "61556669590802",
                "count": 0
            },
            {
                "id": "61567009047894",
                "count": 0
            },
            {
                "id": "61567350041414",
                "count": 0
            },
            {
                "id": "100093354953689",
                "count": 0
            },
            {
                "id": "100078537196139",
                "count": 0
            },
            {
                "id": "100089033040313",
                "count": 0
            },
            {
                "id": "61566064136863",
                "count": 0
            },
            {
                "id": "100048528709029",
                "count": 0
            },
            {
                "id": "61567896815255",
                "count": 0
            },
            {
                "id": "100028262705558",
                "count": 0
            }
        ],
        "week": [
            {
                "id": "100005919548178",
                "count": 0
            },
            {
                "id": "100089476901470",
                "count": 0
            },
            {
                "id": "61556996409346",
                "count": 0
            },
            {
                "id": "100089008973608",
                "count": 0
            },
            {
                "id": "61555428134200",
                "count": 0
            },
            {
                "id": "61552477976434",
                "count": 0
            },
            {
                "id": "61560187132936",
                "count": 0
            },
            {
                "id": "100037492783219",
                "count": 0
            },
            {
                "id": "100071003962630",
                "count": 0
            },
            {
                "id": "100084488946152",
                "count": 0
            },
            {
                "id": "61560487154627",
                "count": 0
            },
            {
                "id": "61552176620762",
                "count": 0
            },
            {
                "id": "100084515973802",
                "count": 0
            },
            {
                "id": "100076326292406",
                "count": 0
            },
            {
                "id": "61556095743231",
                "count": 0
            },
            {
                "id": "61559895611526",
                "count": 0
            },
            {
                "id": "100089704261277",
                "count": 0
            },
            {
                "id": "61564580056415",
                "count": 0
            },
            {
                "id": "100055236161579",
                "count": 0
            },
            {
                "id": "100088073816198",
                "count": 0
            },
            {
                "id": "100047445120815",
                "count": 0
            },
            {
                "id": "100011855520258",
                "count": 0
            },
            {
                "id": "100072653030699",
                "count": 0
            },
            {
                "id": "68126864",
                "count": 0
            },
            {
                "id": "61550962658401",
                "count": 0
            },
            {
                "id": "61555712670336",
                "count": 0
            },
            {
                "id": "100070678868311",
                "count": 0
            },
            {
                "id": "100072301915850",
                "count": 0
            },
            {
                "id": "100093968006641",
                "count": 0
            },
            {
                "id": "100077340322638",
                "count": 0
            },
            {
                "id": "100072439105441",
                "count": 0
            },
            {
                "id": "61559339866079",
                "count": 0
            },
            {
                "id": "100068154438111",
                "count": 0
            },
            {
                "id": "61565740060446",
                "count": 0
            },
            {
                "id": "100078854755188",
                "count": 0
            },
            {
                "id": "100083700524447",
                "count": 0
            },
            {
                "id": "100085226649873",
                "count": 0
            },
            {
                "id": "100086350780713",
                "count": 0
            },
            {
                "id": "61567581356632",
                "count": 0
            },
            {
                "id": "61561966093395",
                "count": 0
            },
            {
                "id": "61567670670329",
                "count": 0
            },
            {
                "id": "61560445680565",
                "count": 0
            },
            {
                "id": "100073420669646",
                "count": 0
            },
            {
                "id": "61559079650241",
                "count": 0
            },
            {
                "id": "61561530282324",
                "count": 0
            },
            {
                "id": "100085073240621",
                "count": 0
            },
            {
                "id": "100002896167413",
                "count": 0
            },
            {
                "id": "61564884756626",
                "count": 0
            },
            {
                "id": "100067508386723",
                "count": 0
            },
            {
                "id": "61564457352402",
                "count": 0
            },
            {
                "id": "100074368458815",
                "count": 0
            },
            {
                "id": "100000264111892",
                "count": 0
            },
            {
                "id": "61550668237353",
                "count": 0
            },
            {
                "id": "100083174347639",
                "count": 0
            },
            {
                "id": "61551764772746",
                "count": 0
            },
            {
                "id": "100037211391552",
                "count": 0
            },
            {
                "id": "100090168070553",
                "count": 0
            },
            {
                "id": "100081016996783",
                "count": 0
            },
            {
                "id": "100093037971835",
                "count": 0
            },
            {
                "id": "100090287744089",
                "count": 0
            },
            {
                "id": "61555809030974",
                "count": 0
            },
            {
                "id": "100000493975005",
                "count": 0
            },
            {
                "id": "100089441630711",
                "count": 0
            },
            {
                "id": "1074491699",
                "count": 0
            },
            {
                "id": "100068310261131",
                "count": 0
            },
            {
                "id": "100083186343710",
                "count": 0
            },
            {
                "id": "100001624277957",
                "count": 0
            },
            {
                "id": "100087128565622",
                "count": 0
            },
            {
                "id": "100094024399135",
                "count": 0
            },
            {
                "id": "61554719066669",
                "count": 0
            },
            {
                "id": "100039201377129",
                "count": 0
            },
            {
                "id": "100002266817082",
                "count": 0
            },
            {
                "id": "100093927407512",
                "count": 0
            },
            {
                "id": "61558117404405",
                "count": 0
            },
            {
                "id": "100020908143321",
                "count": 0
            },
            {
                "id": "100019648061930",
                "count": 0
            },
            {
                "id": "100060894693968",
                "count": 0
            },
            {
                "id": "61566431324194",
                "count": 0
            },
            {
                "id": "1489675800",
                "count": 0
            },
            {
                "id": "100027274759030",
                "count": 0
            },
            {
                "id": "100039358390912",
                "count": 0
            },
            {
                "id": "61565397262958",
                "count": 0
            },
            {
                "id": "100080457890514",
                "count": 0
            },
            {
                "id": "61555434658392",
                "count": 0
            },
            {
                "id": "100008306777831",
                "count": 0
            },
            {
                "id": "61567114092593",
                "count": 0
            },
            {
                "id": "100087793942073",
                "count": 0
            },
            {
                "id": "100083708317296",
                "count": 0
            },
            {
                "id": "100081680783009",
                "count": 0
            },
            {
                "id": "1640299546",
                "count": 0
            },
            {
                "id": "61566826751267",
                "count": 0
            },
            {
                "id": "100000478776933",
                "count": 0
            },
            {
                "id": "100074429727478",
                "count": 0
            },
            {
                "id": "100075784943859",
                "count": 0
            },
            {
                "id": "100001905775280",
                "count": 0
            },
            {
                "id": "61567746958644",
                "count": 0
            },
            {
                "id": "61559141435743",
                "count": 0
            },
            {
                "id": "100006025484165",
                "count": 0
            },
            {
                "id": "100013957026271",
                "count": 0
            },
            {
                "id": "100070167820383",
                "count": 0
            },
            {
                "id": "61566641946321",
                "count": 0
            },
            {
                "id": "61565933460957",
                "count": 0
            },
            {
                "id": "100060181503926",
                "count": 0
            },
            {
                "id": "593146350",
                "count": 0
            },
            {
                "id": "100082329615635",
                "count": 0
            },
            {
                "id": "100080647629698",
                "count": 0
            },
            {
                "id": "61551810885786",
                "count": 0
            },
            {
                "id": "100051707232013",
                "count": 0
            },
            {
                "id": "61565953090625",
                "count": 0
            },
            {
                "id": "100067157924575",
                "count": 0
            },
            {
                "id": "61566000432785",
                "count": 0
            },
            {
                "id": "61568078214519",
                "count": 0
            },
            {
                "id": "537846897",
                "count": 0
            },
            {
                "id": "1162050272",
                "count": 0
            },
            {
                "id": "502275138",
                "count": 0
            },
            {
                "id": "100077018405888",
                "count": 0
            },
            {
                "id": "61565790638779",
                "count": 0
            },
            {
                "id": "100061658023661",
                "count": 0
            },
            {
                "id": "61567378245089",
                "count": 0
            },
            {
                "id": "100003956346545",
                "count": 0
            },
            {
                "id": "61558439258698",
                "count": 0
            },
            {
                "id": "100002649756075",
                "count": 0
            },
            {
                "id": "61565329456183",
                "count": 0
            },
            {
                "id": "100095379821033",
                "count": 0
            },
            {
                "id": "61568161858282",
                "count": 0
            },
            {
                "id": "100064877233228",
                "count": 0
            },
            {
                "id": "61560954846568",
                "count": 0
            },
            {
                "id": "100044304284565",
                "count": 0
            },
            {
                "id": "100046080791526",
                "count": 0
            },
            {
                "id": "100002297532681",
                "count": 0
            },
            {
                "id": "100081220271591",
                "count": 0
            },
            {
                "id": "61567532466827",
                "count": 0
            },
            {
                "id": "100092162927136",
                "count": 0
            },
            {
                "id": "100000270648467",
                "count": 0
            },
            {
                "id": "100080592595030",
                "count": 0
            },
            {
                "id": "1417149937",
                "count": 0
            },
            {
                "id": "61567555033876",
                "count": 0
            },
            {
                "id": "100088817988946",
                "count": 0
            },
            {
                "id": "61554200261231",
                "count": 0
            },
            {
                "id": "61553399193860",
                "count": 0
            },
            {
                "id": "100072310811311",
                "count": 0
            },
            {
                "id": "100001589227986",
                "count": 0
            },
            {
                "id": "61550908929865",
                "count": 0
            },
            {
                "id": "61557038342927",
                "count": 0
            },
            {
                "id": "61561783183191",
                "count": 0
            },
            {
                "id": "100036283453277",
                "count": 0
            },
            {
                "id": "61552350031943",
                "count": 0
            },
            {
                "id": "100075120853122",
                "count": 0
            },
            {
                "id": "61556669590802",
                "count": 0
            },
            {
                "id": "61567009047894",
                "count": 0
            },
            {
                "id": "61567350041414",
                "count": 0
            },
            {
                "id": "100093354953689",
                "count": 0
            },
            {
                "id": "100078537196139",
                "count": 0
            },
            {
                "id": "100089033040313",
                "count": 0
            },
            {
                "id": "61566064136863",
                "count": 0
            },
            {
                "id": "100048528709029",
                "count": 0
            },
            {
                "id": "61567896815255",
                "count": 0
            },
            {
                "id": "100028262705558",
                "count": 0
            }
        ]
    }
}