{
    "total": [
        {
            "id": "61554221352772",
            "count": 0
        },
        {
            "id": "100075302427263",
            "count": 0
        },
        {
            "id": "100088577864287",
            "count": 0
        },
        {
            "id": "100089281770842",
            "count": 0
        },
        {
            "id": "61562779757407",
            "count": 0
        },
        {
            "id": "61557543538603",
            "count": 0
        },
        {
            "id": "100038740121428",
            "count": 41
        },
        {
            "id": "61562261835048",
            "count": 0
        },
        {
            "id": "61550962658401",
            "count": 82
        },
        {
            "id": "100072439105441",
            "count": 54
        },
        {
            "id": "61563477320639",
            "count": 0
        },
        {
            "id": "61563450811249",
            "count": 0
        },
        {
            "id": "100046194132744",
            "count": 0
        },
        {
            "id": "61560076791853",
            "count": 0
        },
        {
            "id": "100090073282948",
            "count": 0
        },
        {
            "id": "100083174347639",
            "count": 13
        },
        {
            "id": "100094911711160",
            "count": 18
        },
        {
            "id": "100073420669646",
            "count": 6
        },
        {
            "id": "100009801367183",
            "count": 0
        },
        {
            "id": "61553578030636",
            "count": 86
        },
        {
            "id": "61561840845811",
            "count": 0
        },
        {
            "id": "61560667599787",
            "count": 0
        },
        {
            "id": "61560179044114",
            "count": 0
        },
        {
            "id": "61563440668643",
            "count": 0
        },
        {
            "id": "61558691518366",
            "count": 0
        },
        {
            "id": "100089033040313",
            "count": 0
        },
        {
            "id": "61562501226870",
            "count": 0
        },
        {
            "id": "61553643156660",
            "count": 0
        },
        {
            "id": "61562870807559",
            "count": 0
        },
        {
            "id": "100081016996783",
            "count": 5
        },
        {
            "id": "61561992007088",
            "count": 0
        },
        {
            "id": "61561362279600",
            "count": 0
        },
        {
            "id": "100035234417533",
            "count": 0
        },
        {
            "id": "61563600270027",
            "count": 0
        },
        {
            "id": "100085073240621",
            "count": 54
        },
        {
            "id": "61563195821713",
            "count": 0
        },
        {
            "id": "61563510337368",
            "count": 0
        },
        {
            "id": "61563549853253",
            "count": 0
        },
        {
            "id": "61560261936624",
            "count": 0
        },
        {
            "id": "100041369492342",
            "count": 0
        },
        {
            "id": "100093284960552",
            "count": 0
        },
        {
            "id": "61556247580107",
            "count": 0
        },
        {
            "id": "61559284310938",
            "count": 0
        },
        {
            "id": "61565071317288",
            "count": 0
        },
        {
            "id": "61563790831786",
            "count": 0
        },
        {
            "id": "100090200289460",
            "count": 10
        },
        {
            "id": "61556666968083",
            "count": 0
        },
        {
            "id": "100050783447064",
            "count": 0
        },
        {
            "id": "61565933460957",
            "count": 427
        },
        {
            "id": "100055236161579",
            "count": 39
        },
        {
            "id": "61556894156849",
            "count": 0
        },
        {
            "id": "100044304284565",
            "count": 0
        },
        {
            "id": "100077018405888",
            "count": 19
        },
        {
            "id": "61560185296494",
            "count": 0
        },
        {
            "id": "61561530282324",
            "count": 45
        },
        {
            "id": "61565213845176",
            "count": 0
        },
        {
            "id": "100004752336149",
            "count": 10
        },
        {
            "id": "61554387913255",
            "count": 0
        },
        {
            "id": "100001113278043",
            "count": 17
        },
        {
            "id": "100084035917282",
            "count": 0
        },
        {
            "id": "61567009047894",
            "count": 7
        }
    ],
    "week": [
        {
            "id": "61554221352772",
            "count": 0,
            "name": "Hoàng Thiên"
        },
        {
            "id": "100075302427263",
            "count": 0,
            "name": "Nguyen Huyen My"
        },
        {
            "id": "100088577864287",
            "count": 0,
            "name": "Như Quỳnh"
        },
        {
            "id": "100089281770842",
            "count": 0,
            "name": "Dương Như"
        },
        {
            "id": "61562779757407",
            "count": 0,
            "name": "Người dùng Facebook"
        },
        {
            "id": "61557543538603",
            "count": 0,
            "name": "Người dùng Facebook"
        },
        {
            "id": "100038740121428",
            "count": 30,
            "name": "Duy メ"
        },
        {
            "id": "61562261835048",
            "count": 0,
            "name": "Người dùng Facebook"
        },
        {
            "id": "61550962658401",
            "count": 70,
            "name": "Nguyễn Ngọc Khánh"
        },
        {
            "id": "100072439105441",
            "count": 30,
            "name": "Lê Chí"
        },
        {
            "id": "61563477320639",
            "count": 0,
            "name": "Người dùng Facebook"
        },
        {
            "id": "61563450811249",
            "count": 0,
            "name": "Người dùng Facebook"
        },
        {
            "id": "100046194132744",
            "count": 0,
            "name": "Đặng Thị Hồng Hải"
        },
        {
            "id": "61560076791853",
            "count": 0,
            "name": "Người dùng Facebook"
        },
        {
            "id": "100090073282948",
            "count": 0,
            "name": "Người dùng Facebook"
        },
        {
            "id": "100083174347639",
            "count": 0,
            "name": "Nguyễn Đức Bình✅"
        },
        {
            "id": "100094911711160",
            "count": 0,
            "name": "Người dùng Facebook"
        },
        {
            "id": "100073420669646",
            "count": 0,
            "name": "Trần Ngọc Phương Linh"
        },
        {
            "id": "100009801367183",
            "count": 0,
            "name": "Quyết Hoàng"
        },
        {
            "id": "61553578030636",
            "count": 21,
            "name": "Nguyễn Trãi"
        },
        {
            "id": "61561840845811",
            "count": 0,
            "name": "Người dùng Facebook"
        },
        {
            "id": "61560667599787",
            "count": 0,
            "name": "Hạ Dương"
        },
        {
            "id": "61560179044114",
            "count": 0,
            "name": "Người dùng Facebook"
        },
        {
            "id": "61563440668643",
            "count": 0,
            "name": "Người dùng Facebook"
        },
        {
            "id": "61558691518366",
            "count": 0,
            "name": "Người dùng Facebook"
        },
        {
            "id": "100089033040313",
            "count": 0,
            "name": "Người dùng Facebook"
        },
        {
            "id": "61562501226870",
            "count": 0,
            "name": "Người dùng Facebook"
        },
        {
            "id": "61553643156660",
            "count": 0,
            "name": "Nguyễn Hoàng"
        },
        {
            "id": "61562870807559",
            "count": 0,
            "name": "Người dùng Facebook"
        },
        {
            "id": "100081016996783",
            "count": 0,
            "name": "Phng Nhi"
        },
        {
            "id": "61561992007088",
            "count": 0,
            "name": "Người dùng Facebook"
        },
        {
            "id": "61561362279600",
            "count": 0,
            "name": "Rozjx Virky"
        },
        {
            "id": "100035234417533",
            "count": 0,
            "name": "NGUYỄN HỮU ĐỨC"
        },
        {
            "id": "61563600270027",
            "count": 0,
            "name": "Người dùng Facebook"
        },
        {
            "id": "100085073240621",
            "count": 48,
            "name": "Dang Gia Khanh"
        },
        {
            "id": "61563195821713",
            "count": 0,
            "name": "Người dùng Facebook"
        },
        {
            "id": "61563510337368",
            "count": 0,
            "name": "Người dùng Facebook"
        },
        {
            "id": "61563549853253",
            "count": 0,
            "name": "Người dùng Facebook"
        },
        {
            "id": "61560261936624",
            "count": 0,
            "name": "Người dùng Facebook"
        },
        {
            "id": "100041369492342",
            "count": 0,
            "name": "Người dùng Facebook"
        },
        {
            "id": "100093284960552",
            "count": 0,
            "name": "Trần Uyên Linh"
        },
        {
            "id": "61556247580107",
            "count": 0,
            "name": "Người dùng Facebook"
        },
        {
            "id": "61559284310938",
            "count": 0,
            "name": "ʬʬLaw Cuteeʬʬ LUC　ANH　BUON　ANH　HOA　THANH　TRICKER　HOC　TRICK　LO　BEM　NHUNG　THANG　NOI　YEU　EM　LUC　ANH　RANH　ANH　LAM　AC　WUY　QUI　PHAI　SAU　CHIA　TAY　ANH　THANH　CAY　MAY　CHEM　ANH　NOI　DAY　HOA　THANH　NHA　LAM　THO　ANH　YEU　EM　KHONG　HE　NOI　PHET　TINH　CHUNG　MINH　CANG　DET　NHU　PHIM　SEX　KHONG　CHE　HACKER　BAT　TU　YEUW　EM　MOI　VU　TRU　ANH　THIEN　LAW　CHI　YEU　MINH　EM　THOI - JR"
        },
        {
            "id": "61565071317288",
            "count": 0,
            "name": "Người dùng Facebook"
        },
        {
            "id": "61563790831786",
            "count": 0,
            "name": "Ank Là Lekhanh Don'tCry"
        },
        {
            "id": "100090200289460",
            "count": 0,
            "name": "Ken Yeuem"
        },
        {
            "id": "61556666968083",
            "count": 0,
            "name": "Người dùng Facebook"
        },
        {
            "id": "100050783447064",
            "count": 0,
            "name": "Người dùng Facebook"
        },
        {
            "id": "61565933460957",
            "count": 60,
            "name": "Nguyễn Thế Tuấn ToT"
        },
        {
            "id": "100055236161579",
            "count": 19,
            "name": "Nguyễn Hà Chi"
        },
        {
            "id": "61556894156849",
            "count": 0,
            "name": "Em dạo này ổn không Còn đi làm ở công ty cũ Còn đi sớm về hôm nhưng mà đồng lương vẫn không khi đủ Đồng nghiệp của em thế nào trong thang máy có chào với nhau "
        },
        {
            "id": "100044304284565",
            "count": 0,
            "name": "Người dùng Facebook"
        },
        {
            "id": "100077018405888",
            "count": 0,
            "name": "Người dùng Facebook"
        },
        {
            "id": "61560185296494",
            "count": 0,
            "name": "ʬʬViet Hoangʬʬ Tot"
        },
        {
            "id": "61561530282324",
            "count": 37,
            "name": "Roronoa Xoro"
        },
        {
            "id": "61565213845176",
            "count": 0,
            "name": "お　Ꞌꞌ chill　ꗯ　꩜"
        },
        {
            "id": "100004752336149",
            "count": 0,
            "name": "Người dùng Facebook"
        },
        {
            "id": "61554387913255",
            "count": 0,
            "name": "Hương Quỳnh"
        },
        {
            "id": "100001113278043",
            "count": 0,
            "name": "Phương Huyền"
        },
        {
            "id": "100084035917282",
            "count": 0,
            "name": "Ken Yeuem"
        },
        {
            "id": "61567009047894",
            "count": 7
        }
    ],
    "day": [
        {
            "id": "61554221352772",
            "count": 0,
            "name": "Hoàng Thiên"
        },
        {
            "id": "100075302427263",
            "count": 0,
            "name": "Nguyen Huyen My"
        },
        {
            "id": "100088577864287",
            "count": 0,
            "name": "Như Quỳnh"
        },
        {
            "id": "100089281770842",
            "count": 0,
            "name": "Dương Như"
        },
        {
            "id": "61562779757407",
            "count": 0,
            "name": "Người dùng Facebook"
        },
        {
            "id": "61557543538603",
            "count": 0,
            "name": "Người dùng Facebook"
        },
        {
            "id": "100038740121428",
            "count": 2,
            "name": "Duy メ"
        },
        {
            "id": "61562261835048",
            "count": 0,
            "name": "Người dùng Facebook"
        },
        {
            "id": "61550962658401",
            "count": 0,
            "name": "Nguyễn Ngọc Khánh"
        },
        {
            "id": "100072439105441",
            "count": 0,
            "name": "Lê Chí"
        },
        {
            "id": "61563477320639",
            "count": 0,
            "name": "Người dùng Facebook"
        },
        {
            "id": "61563450811249",
            "count": 0,
            "name": "Người dùng Facebook"
        },
        {
            "id": "100046194132744",
            "count": 0,
            "name": "Đặng Thị Hồng Hải"
        },
        {
            "id": "61560076791853",
            "count": 0,
            "name": "Người dùng Facebook"
        },
        {
            "id": "100090073282948",
            "count": 0,
            "name": "Người dùng Facebook"
        },
        {
            "id": "100083174347639",
            "count": 0,
            "name": "Nguyễn Đức Bình✅"
        },
        {
            "id": "100094911711160",
            "count": 0,
            "name": "Người dùng Facebook"
        },
        {
            "id": "100073420669646",
            "count": 0,
            "name": "Trần Ngọc Phương Linh"
        },
        {
            "id": "100009801367183",
            "count": 0,
            "name": "Quyết Hoàng"
        },
        {
            "id": "61553578030636",
            "count": 1,
            "name": "Nguyễn Trãi"
        },
        {
            "id": "61561840845811",
            "count": 0,
            "name": "Người dùng Facebook"
        },
        {
            "id": "61560667599787",
            "count": 0,
            "name": "Hạ Dương"
        },
        {
            "id": "61560179044114",
            "count": 0,
            "name": "Người dùng Facebook"
        },
        {
            "id": "61563440668643",
            "count": 0,
            "name": "Người dùng Facebook"
        },
        {
            "id": "61558691518366",
            "count": 0,
            "name": "Người dùng Facebook"
        },
        {
            "id": "100089033040313",
            "count": 0,
            "name": "Nguyễn Đức Toàn"
        },
        {
            "id": "61562501226870",
            "count": 0,
            "name": "Người dùng Facebook"
        },
        {
            "id": "61553643156660",
            "count": 0,
            "name": "Nguyễn Hoàng"
        },
        {
            "id": "61562870807559",
            "count": 0,
            "name": "Người dùng Facebook"
        },
        {
            "id": "100081016996783",
            "count": 0,
            "name": "Phng Nhi"
        },
        {
            "id": "61561992007088",
            "count": 0,
            "name": "Người dùng Facebook"
        },
        {
            "id": "61561362279600",
            "count": 0,
            "name": "Rozjx Virky"
        },
        {
            "id": "100035234417533",
            "count": 0,
            "name": "NGUYỄN HỮU ĐỨC"
        },
        {
            "id": "61563600270027",
            "count": 0,
            "name": "Người dùng Facebook"
        },
        {
            "id": "100085073240621",
            "count": 0,
            "name": "Dang Gia Khanh"
        },
        {
            "id": "61563195821713",
            "count": 0,
            "name": "Người dùng Facebook"
        },
        {
            "id": "61563510337368",
            "count": 0,
            "name": "Người dùng Facebook"
        },
        {
            "id": "61563549853253",
            "count": 0,
            "name": "Người dùng Facebook"
        },
        {
            "id": "61560261936624",
            "count": 0,
            "name": "Người dùng Facebook"
        },
        {
            "id": "100041369492342",
            "count": 0,
            "name": "Người dùng Facebook"
        },
        {
            "id": "100093284960552",
            "count": 0,
            "name": "Trần Uyên Linh"
        },
        {
            "id": "61556247580107",
            "count": 0,
            "name": "Người dùng Facebook"
        },
        {
            "id": "61559284310938",
            "count": 0,
            "name": "ʬʬLaw Cuteeʬʬ LUC　ANH　BUON　ANH　HOA　THANH　TRICKER　HOC　TRICK　LO　BEM　NHUNG　THANG　NOI　YEU　EM　LUC　ANH　RANH　ANH　LAM　AC　WUY　QUI　PHAI　SAU　CHIA　TAY　ANH　THANH　CAY　MAY　CHEM　ANH　NOI　DAY　HOA　THANH　NHA　LAM　THO　ANH　YEU　EM　KHONG　HE　NOI　PHET　TINH　CHUNG　MINH　CANG　DET　NHU　PHIM　SEX　KHONG　CHE　HACKER　BAT　TU　YEUW　EM　MOI　VU　TRU　ANH　THIEN　LAW　CHI　YEU　MINH　EM　THOI - JR"
        },
        {
            "id": "61565071317288",
            "count": 0,
            "name": "Người dùng Facebook"
        },
        {
            "id": "61563790831786",
            "count": 0,
            "name": "Ank Là Lekhanh Don'tCry"
        },
        {
            "id": "100090200289460",
            "count": 0,
            "name": "Ken Yeuem"
        },
        {
            "id": "61556666968083",
            "count": 0,
            "name": "Người dùng Facebook"
        },
        {
            "id": "100050783447064",
            "count": 0,
            "name": "Người dùng Facebook"
        },
        {
            "id": "61565933460957",
            "count": 0,
            "name": "Người dùng Facebook"
        },
        {
            "id": "100055236161579",
            "count": 1,
            "name": "Nguyễn Hà Chi"
        },
        {
            "id": "61556894156849",
            "count": 0,
            "name": "Em dạo này ổn không Còn đi làm ở công ty cũ Còn đi sớm về hôm nhưng mà đồng lương vẫn không khi đủ Đồng nghiệp của em thế nào trong thang máy có chào với nhau "
        },
        {
            "id": "100044304284565",
            "count": 0,
            "name": "Người dùng Facebook"
        },
        {
            "id": "100077018405888",
            "count": 0,
            "name": "Cậu Ba"
        },
        {
            "id": "61560185296494",
            "count": 0,
            "name": "ʬʬViet Hoangʬʬ Tot"
        },
        {
            "id": "61561530282324",
            "count": 1,
            "name": "Roronoa Xoro"
        },
        {
            "id": "61565213845176",
            "count": 0,
            "name": "お　Ꞌꞌ chill　ꗯ　꩜"
        },
        {
            "id": "100004752336149",
            "count": 0,
            "name": "Người dùng Facebook"
        },
        {
            "id": "61554387913255",
            "count": 0,
            "name": "Hương Quỳnh"
        },
        {
            "id": "100001113278043",
            "count": 0,
            "name": "Phương Huyền"
        },
        {
            "id": "100084035917282",
            "count": 0,
            "name": "Ken Yeuem"
        },
        {
            "id": "61567009047894",
            "count": 0,
            "name": "Nguyễn Thế Tuấn ToT"
        }
    ],
    "time": 6,
    "last": {
        "time": 2,
        "day": [
            {
                "id": "61554221352772",
                "count": 0
            },
            {
                "id": "100075302427263",
                "count": 0
            },
            {
                "id": "100084035917282",
                "count": 0
            },
            {
                "id": "100088577864287",
                "count": 0
            },
            {
                "id": "100089281770842",
                "count": 0
            },
            {
                "id": "61562779757407",
                "count": 0
            },
            {
                "id": "61557543538603",
                "count": 0
            },
            {
                "id": "100038740121428",
                "count": 0
            },
            {
                "id": "61562261835048",
                "count": 0
            },
            {
                "id": "61550962658401",
                "count": 0
            },
            {
                "id": "100072439105441",
                "count": 0
            },
            {
                "id": "61563477320639",
                "count": 0
            },
            {
                "id": "61563450811249",
                "count": 0
            },
            {
                "id": "100046194132744",
                "count": 0
            },
            {
                "id": "61560076791853",
                "count": 0
            },
            {
                "id": "100090073282948",
                "count": 0
            },
            {
                "id": "100083174347639",
                "count": 0
            },
            {
                "id": "100094911711160",
                "count": 0
            },
            {
                "id": "100073420669646",
                "count": 0
            },
            {
                "id": "100009801367183",
                "count": 0
            },
            {
                "id": "61553578030636",
                "count": 0
            },
            {
                "id": "61561840845811",
                "count": 0
            },
            {
                "id": "61560667599787",
                "count": 0
            },
            {
                "id": "61560179044114",
                "count": 0
            },
            {
                "id": "61563440668643",
                "count": 0
            },
            {
                "id": "61558691518366",
                "count": 0
            },
            {
                "id": "100089033040313",
                "count": 0
            },
            {
                "id": "61562501226870",
                "count": 0
            },
            {
                "id": "61553643156660",
                "count": 0
            },
            {
                "id": "61562870807559",
                "count": 0
            },
            {
                "id": "100081016996783",
                "count": 0
            },
            {
                "id": "61561992007088",
                "count": 0
            },
            {
                "id": "61561362279600",
                "count": 0
            },
            {
                "id": "100035234417533",
                "count": 0
            },
            {
                "id": "61563600270027",
                "count": 0
            },
            {
                "id": "100085073240621",
                "count": 0
            },
            {
                "id": "61563195821713",
                "count": 0
            },
            {
                "id": "61563510337368",
                "count": 0
            },
            {
                "id": "61563549853253",
                "count": 0
            },
            {
                "id": "61560261936624",
                "count": 0
            },
            {
                "id": "100041369492342",
                "count": 0
            },
            {
                "id": "100093284960552",
                "count": 0
            },
            {
                "id": "61556247580107",
                "count": 0
            },
            {
                "id": "61559284310938",
                "count": 0
            },
            {
                "id": "61565071317288",
                "count": 0
            },
            {
                "id": "61563790831786",
                "count": 0
            },
            {
                "id": "100091254837861",
                "count": 0
            },
            {
                "id": "100001113278043",
                "count": 0
            },
            {
                "id": "100090200289460",
                "count": 0
            },
            {
                "id": "61556666968083",
                "count": 0
            },
            {
                "id": "100050783447064",
                "count": 0
            },
            {
                "id": "61565933460957",
                "count": 0
            },
            {
                "id": "100055236161579",
                "count": 0
            },
            {
                "id": "61556894156849",
                "count": 0
            },
            {
                "id": "100044304284565",
                "count": 0
            },
            {
                "id": "100077018405888",
                "count": 0
            },
            {
                "id": "61560185296494",
                "count": 0
            },
            {
                "id": "61561530282324",
                "count": 0
            },
            {
                "id": "61565213845176",
                "count": 0
            },
            {
                "id": "100004752336149",
                "count": 0
            },
            {
                "id": "61554387913255",
                "count": 0
            },
            {
                "id": "61567009047894",
                "count": 0
            },
            {
                "id": "100089147302237",
                "count": 0
            }
        ],
        "week": [
            {
                "id": "61554221352772",
                "count": 0
            },
            {
                "id": "100075302427263",
                "count": 0
            },
            {
                "id": "100084035917282",
                "count": 0
            },
            {
                "id": "100088577864287",
                "count": 0
            },
            {
                "id": "100089281770842",
                "count": 0
            },
            {
                "id": "61562779757407",
                "count": 0
            },
            {
                "id": "61557543538603",
                "count": 0
            },
            {
                "id": "100038740121428",
                "count": 0
            },
            {
                "id": "61562261835048",
                "count": 0
            },
            {
                "id": "61550962658401",
                "count": 0
            },
            {
                "id": "100072439105441",
                "count": 0
            },
            {
                "id": "61563477320639",
                "count": 0
            },
            {
                "id": "61563450811249",
                "count": 0
            },
            {
                "id": "100046194132744",
                "count": 0
            },
            {
                "id": "61560076791853",
                "count": 0
            },
            {
                "id": "100090073282948",
                "count": 0
            },
            {
                "id": "100083174347639",
                "count": 0
            },
            {
                "id": "100094911711160",
                "count": 0
            },
            {
                "id": "100073420669646",
                "count": 0
            },
            {
                "id": "100009801367183",
                "count": 0
            },
            {
                "id": "61553578030636",
                "count": 0
            },
            {
                "id": "61561840845811",
                "count": 0
            },
            {
                "id": "61560667599787",
                "count": 0
            },
            {
                "id": "61560179044114",
                "count": 0
            },
            {
                "id": "61563440668643",
                "count": 0
            },
            {
                "id": "61558691518366",
                "count": 0
            },
            {
                "id": "100089033040313",
                "count": 0
            },
            {
                "id": "61562501226870",
                "count": 0
            },
            {
                "id": "61553643156660",
                "count": 0
            },
            {
                "id": "61562870807559",
                "count": 0
            },
            {
                "id": "100081016996783",
                "count": 0
            },
            {
                "id": "61561992007088",
                "count": 0
            },
            {
                "id": "61561362279600",
                "count": 0
            },
            {
                "id": "100035234417533",
                "count": 0
            },
            {
                "id": "61563600270027",
                "count": 0
            },
            {
                "id": "100085073240621",
                "count": 0
            },
            {
                "id": "61563195821713",
                "count": 0
            },
            {
                "id": "61563510337368",
                "count": 0
            },
            {
                "id": "61563549853253",
                "count": 0
            },
            {
                "id": "61560261936624",
                "count": 0
            },
            {
                "id": "100041369492342",
                "count": 0
            },
            {
                "id": "100093284960552",
                "count": 0
            },
            {
                "id": "61556247580107",
                "count": 0
            },
            {
                "id": "61559284310938",
                "count": 0
            },
            {
                "id": "61565071317288",
                "count": 0
            },
            {
                "id": "61563790831786",
                "count": 0
            },
            {
                "id": "100091254837861",
                "count": 0
            },
            {
                "id": "100001113278043",
                "count": 0
            },
            {
                "id": "100090200289460",
                "count": 0
            },
            {
                "id": "61556666968083",
                "count": 0
            },
            {
                "id": "100050783447064",
                "count": 0
            },
            {
                "id": "61565933460957",
                "count": 0
            },
            {
                "id": "100055236161579",
                "count": 0
            },
            {
                "id": "61556894156849",
                "count": 0
            },
            {
                "id": "100044304284565",
                "count": 0
            },
            {
                "id": "100077018405888",
                "count": 0
            },
            {
                "id": "61560185296494",
                "count": 0
            },
            {
                "id": "61561530282324",
                "count": 0
            },
            {
                "id": "61565213845176",
                "count": 0
            },
            {
                "id": "100004752336149",
                "count": 0
            },
            {
                "id": "61554387913255",
                "count": 0
            },
            {
                "id": "61567009047894",
                "count": 0
            },
            {
                "id": "100089147302237",
                "count": 0
            }
        ]
    }
}