{
    "total": [
        {
            "id": "61556130847993",
            "count": 0
        },
        {
            "id": "100093629946128",
            "count": 0
        },
        {
            "id": "100025928587011",
            "count": 0
        },
        {
            "id": "61558490602950",
            "count": 77
        },
        {
            "id": "100009801367183",
            "count": 587
        },
        {
            "id": "100086181447032",
            "count": 0
        },
        {
            "id": "100082611379977",
            "count": 0
        },
        {
            "id": "100059968770491",
            "count": 1
        },
        {
            "id": "61553643156660",
            "count": 0
        },
        {
            "id": "61553578030636",
            "count": 284
        },
        {
            "id": "100063511596412",
            "count": 10
        },
        {
            "id": "61556828266600",
            "count": 0
        },
        {
            "id": "100021050304460",
            "count": 18
        },
        {
            "id": "100091738788586",
            "count": 77
        },
        {
            "id": "61560000762800",
            "count": 0
        },
        {
            "id": "61552161478075",
            "count": 0
        },
        {
            "id": "100085073240621",
            "count": 847
        },
        {
            "id": "61550024175305",
            "count": 0
        },
        {
            "id": "61561145224385",
            "count": 0
        },
        {
            "id": "100071932610243",
            "count": 0
        },
        {
            "id": "100089033040313",
            "count": 0
        },
        {
            "id": "61560695497242",
            "count": 0
        },
        {
            "id": "100088662078441",
            "count": 0
        },
        {
            "id": "61553673876286",
            "count": 0
        },
        {
            "id": "100090698420702",
            "count": 0
        },
        {
            "id": "61562848389977",
            "count": 0
        },
        {
            "id": "61555877896247",
            "count": 0
        },
        {
            "id": "100001015776071",
            "count": 0
        },
        {
            "id": "100060164381723",
            "count": 0
        },
        {
            "id": "61560204112546",
            "count": 5
        },
        {
            "id": "61564433031028",
            "count": 0
        },
        {
            "id": "61551236043794",
            "count": 0
        },
        {
            "id": "61554805957250",
            "count": 0
        },
        {
            "id": "100004752336149",
            "count": 11
        },
        {
            "id": "61556666968083",
            "count": 0
        },
        {
            "id": "100027187763993",
            "count": 56
        },
        {
            "id": "100081249007797",
            "count": 0
        },
        {
            "id": "100081044409615",
            "count": 0
        },
        {
            "id": "61553392607991",
            "count": 8
        },
        {
            "id": "61565670656953",
            "count": 0
        },
        {
            "id": "61554387913255",
            "count": 8
        },
        {
            "id": "100041369492342",
            "count": 0
        },
        {
            "id": "100077026869574",
            "count": 3
        },
        {
            "id": "61556894156849",
            "count": 0
        },
        {
            "id": "100059567628295",
            "count": 0
        },
        {
            "id": "61561530282324",
            "count": 143
        },
        {
            "id": "100001113278043",
            "count": 54
        },
        {
            "id": "100002896167413",
            "count": 6
        },
        {
            "id": "61564884756626",
            "count": 16
        }
    ],
    "week": [
        {
            "id": "61556130847993",
            "count": 0,
            "name": "Nguyễn Lê Hoài My"
        },
        {
            "id": "100093629946128",
            "count": 0,
            "name": "Nguyễn Thanh Tuấn"
        },
        {
            "id": "100025928587011",
            "count": 0,
            "name": "Nguyễn Gia Huy"
        },
        {
            "id": "61558490602950",
            "count": 35,
            "name": "Hà Tượng"
        },
        {
            "id": "100009801367183",
            "count": 182,
            "name": "Quyết Hoàng"
        },
        {
            "id": "100086181447032",
            "count": 0,
            "name": "Huy Phát"
        },
        {
            "id": "100082611379977",
            "count": 0,
            "name": "Nguyen Anh Tuan"
        },
        {
            "id": "100059968770491",
            "count": 0,
            "name": "Phạm Thị Trang"
        },
        {
            "id": "61553643156660",
            "count": 0,
            "name": "Nguyễn Hoàng"
        },
        {
            "id": "61553578030636",
            "count": 78,
            "name": "Nguyễn Trãi"
        },
        {
            "id": "100063511596412",
            "count": 0,
            "name": "Nguyễn Huy"
        },
        {
            "id": "61556828266600",
            "count": 0,
            "name": "Sát Nhân Họ Từ"
        },
        {
            "id": "100021050304460",
            "count": 1,
            "name": "Bùi Hải"
        },
        {
            "id": "100091738788586",
            "count": 69,
            "name": "Procoder Nguyễn Nhi"
        },
        {
            "id": "61560000762800",
            "count": 0,
            "name": "Nhi Linh"
        },
        {
            "id": "61552161478075",
            "count": 0,
            "name": "Nguyễn Chí Cường"
        },
        {
            "id": "100085073240621",
            "count": 109,
            "name": "Dang Gia Khanh"
        },
        {
            "id": "61550024175305",
            "count": 0,
            "name": "Dạ Hoành"
        },
        {
            "id": "61561145224385",
            "count": 0,
            "name": "Nakano Nino"
        },
        {
            "id": "100071932610243",
            "count": 0,
            "name": "Đức Hải"
        },
        {
            "id": "100089033040313",
            "count": 0,
            "name": "Người dùng Facebook"
        },
        {
            "id": "61560695497242",
            "count": 0,
            "name": "Nakano Nino"
        },
        {
            "id": "100088662078441",
            "count": 0,
            "name": "Châm Châm"
        },
        {
            "id": "61553673876286",
            "count": 0,
            "name": "Ngọc Vy"
        },
        {
            "id": "100090698420702",
            "count": 0,
            "name": "Đặng Hồng Thương Nè"
        },
        {
            "id": "61562848389977",
            "count": 0,
            "name": "Trang Nè"
        },
        {
            "id": "61555877896247",
            "count": 0,
            "name": "Dangg Khánh"
        },
        {
            "id": "100001015776071",
            "count": 0,
            "name": "Dang Gia Khanh"
        },
        {
            "id": "100060164381723",
            "count": 0,
            "name": "Nguyễn Dũng"
        },
        {
            "id": "61560204112546",
            "count": 5,
            "name": "Nguyễn Hải Nam"
        },
        {
            "id": "61564433031028",
            "count": 0,
            "name": "Người dùng Facebook"
        },
        {
            "id": "61551236043794",
            "count": 0,
            "name": "Jerry Thə'w"
        },
        {
            "id": "61554805957250",
            "count": 0,
            "name": "Bố Là Khánh "
        },
        {
            "id": "100004752336149",
            "count": 0,
            "name": "Người dùng Facebook"
        },
        {
            "id": "61556666968083",
            "count": 0,
            "name": "Người dùng Facebook"
        },
        {
            "id": "100027187763993",
            "count": 8,
            "name": "Vũ Thành Trung"
        },
        {
            "id": "100081249007797",
            "count": 0,
            "name": "Người dùng Facebook"
        },
        {
            "id": "100081044409615",
            "count": 0,
            "name": "Khe'e Bé'ee"
        },
        {
            "id": "61553392607991",
            "count": 8,
            "name": "Phạm Vy"
        },
        {
            "id": "61565670656953",
            "count": 0,
            "name": "Người dùng Facebook"
        },
        {
            "id": "61554387913255",
            "count": 0,
            "name": "Hương Quỳnh"
        },
        {
            "id": "100041369492342",
            "count": 0,
            "name": "Người dùng Facebook"
        },
        {
            "id": "100077026869574",
            "count": 0,
            "name": "Người dùng Facebook"
        },
        {
            "id": "61556894156849",
            "count": 0,
            "name": "Em dạo này ổn không Còn đi làm ở công ty cũ Còn đi sớm về hôm nhưng mà đồng lương vẫn không khi đủ Đồng nghiệp của em thế nào trong thang máy có chào với nhau "
        },
        {
            "id": "100059567628295",
            "count": 0,
            "name": "Hon Hoan"
        },
        {
            "id": "61561530282324",
            "count": 64,
            "name": "Roronoa Xoro"
        },
        {
            "id": "100001113278043",
            "count": 1,
            "name": "Phương Huyền"
        },
        {
            "id": "100002896167413",
            "count": 0,
            "name": "Hạnh　Phúc　Có　Thể　Bỏ　Rơi　Anh　 Nhưng Anh　Không　Bao　Giờ　Bỏ　Rơi　Em"
        },
        {
            "id": "61564884756626",
            "count": 12,
            "name": "Đình Vũ"
        }
    ],
    "day": [
        {
            "id": "61556130847993",
            "count": 0,
            "name": "Nguyễn Lê Hoài My"
        },
        {
            "id": "100093629946128",
            "count": 0,
            "name": "Nguyễn Thanh Tuấn"
        },
        {
            "id": "100025928587011",
            "count": 0,
            "name": "Nguyễn Gia Huy"
        },
        {
            "id": "61558490602950",
            "count": 0,
            "name": "Hà Tượng"
        },
        {
            "id": "100009801367183",
            "count": 2,
            "name": "Quyết Hoàng"
        },
        {
            "id": "100086181447032",
            "count": 0,
            "name": "Huy Phát"
        },
        {
            "id": "100082611379977",
            "count": 0,
            "name": "Nguyen Anh Tuan"
        },
        {
            "id": "100059968770491",
            "count": 0,
            "name": "Phạm Thị Trang"
        },
        {
            "id": "61553643156660",
            "count": 0,
            "name": "Nguyễn Hoàng"
        },
        {
            "id": "61553578030636",
            "count": 1,
            "name": "Nguyễn Trãi"
        },
        {
            "id": "100063511596412",
            "count": 0,
            "name": "Nguyễn Huy"
        },
        {
            "id": "61556828266600",
            "count": 0,
            "name": "Sát Nhân Họ Từ"
        },
        {
            "id": "100021050304460",
            "count": 0,
            "name": "Bùi Hải"
        },
        {
            "id": "100091738788586",
            "count": 0,
            "name": "Nguyễn Ngọc Nhi"
        },
        {
            "id": "61560000762800",
            "count": 0,
            "name": "Nhi Linh"
        },
        {
            "id": "61552161478075",
            "count": 0,
            "name": "Nguyễn Chí Cường"
        },
        {
            "id": "100085073240621",
            "count": 0,
            "name": "Dang Gia Khanh"
        },
        {
            "id": "61550024175305",
            "count": 0,
            "name": "Dạ Hoành"
        },
        {
            "id": "61561145224385",
            "count": 0,
            "name": "Nakano Nino"
        },
        {
            "id": "100071932610243",
            "count": 0,
            "name": "Đức Hải"
        },
        {
            "id": "100089033040313",
            "count": 0,
            "name": "Nguyễn Đức Toàn"
        },
        {
            "id": "61560695497242",
            "count": 0,
            "name": "Người dùng Facebook"
        },
        {
            "id": "100088662078441",
            "count": 0,
            "name": "Châm Châm"
        },
        {
            "id": "61553673876286",
            "count": 0,
            "name": "Ngọc Vy"
        },
        {
            "id": "100090698420702",
            "count": 0,
            "name": "Đặng Hồng Thương Nè"
        },
        {
            "id": "61562848389977",
            "count": 0,
            "name": "Trang Nè"
        },
        {
            "id": "61555877896247",
            "count": 0,
            "name": "Dangg Khánh"
        },
        {
            "id": "100001015776071",
            "count": 0,
            "name": "Dang Gia Khanh"
        },
        {
            "id": "100060164381723",
            "count": 0,
            "name": "Nguyễn Dũng"
        },
        {
            "id": "61560204112546",
            "count": 0,
            "name": "Nguyễn Hải Nam"
        },
        {
            "id": "61564433031028",
            "count": 0,
            "name": "Người dùng Facebook"
        },
        {
            "id": "61551236043794",
            "count": 0,
            "name": "Jerry Thə'w"
        },
        {
            "id": "61554805957250",
            "count": 0,
            "name": "Bố Là Khánh "
        },
        {
            "id": "100004752336149",
            "count": 0,
            "name": "Người dùng Facebook"
        },
        {
            "id": "61556666968083",
            "count": 0,
            "name": "Người dùng Facebook"
        },
        {
            "id": "100027187763993",
            "count": 0,
            "name": "Vũ Thành Trung"
        },
        {
            "id": "100081249007797",
            "count": 0,
            "name": "Người dùng Facebook"
        },
        {
            "id": "100081044409615",
            "count": 0,
            "name": "Khe'e Bé'ee"
        },
        {
            "id": "61553392607991",
            "count": 0,
            "name": "Phạm Vy"
        },
        {
            "id": "61565670656953",
            "count": 0,
            "name": "Người dùng Facebook"
        },
        {
            "id": "61554387913255",
            "count": 0,
            "name": "Hương Quỳnh"
        },
        {
            "id": "100041369492342",
            "count": 0,
            "name": "Người dùng Facebook"
        },
        {
            "id": "100077026869574",
            "count": 0,
            "name": "Người dùng Facebook"
        },
        {
            "id": "61556894156849",
            "count": 0,
            "name": "Em dạo này ổn không Còn đi làm ở công ty cũ Còn đi sớm về hôm nhưng mà đồng lương vẫn không khi đủ Đồng nghiệp của em thế nào trong thang máy có chào với nhau "
        },
        {
            "id": "100059567628295",
            "count": 0,
            "name": "Hon Hoan"
        },
        {
            "id": "61561530282324",
            "count": 1,
            "name": "Roronoa Xoro"
        },
        {
            "id": "100001113278043",
            "count": 0,
            "name": "Phương Huyền"
        },
        {
            "id": "100002896167413",
            "count": 0,
            "name": "Hạnh　Phúc　Có　Thể　Bỏ　Rơi　Anh　 Nhưng Anh　Không　Bao　Giờ　Bỏ　Rơi　Em"
        },
        {
            "id": "61564884756626",
            "count": 0,
            "name": "Người dùng Facebook"
        }
    ],
    "time": 6,
    "last": {
        "time": 2,
        "day": [
            {
                "id": "61556130847993",
                "count": 0
            },
            {
                "id": "100093629946128",
                "count": 0
            },
            {
                "id": "100025928587011",
                "count": 0
            },
            {
                "id": "61558490602950",
                "count": 0
            },
            {
                "id": "100009801367183",
                "count": 0
            },
            {
                "id": "100034370250574",
                "count": 0
            },
            {
                "id": "100086181447032",
                "count": 0
            },
            {
                "id": "100082611379977",
                "count": 0
            },
            {
                "id": "100059968770491",
                "count": 0
            },
            {
                "id": "61553643156660",
                "count": 0
            },
            {
                "id": "61553578030636",
                "count": 0
            },
            {
                "id": "100063511596412",
                "count": 0
            },
            {
                "id": "61556828266600",
                "count": 0
            },
            {
                "id": "100021050304460",
                "count": 0
            },
            {
                "id": "100074842449578",
                "count": 0
            },
            {
                "id": "100091738788586",
                "count": 0
            },
            {
                "id": "61560000762800",
                "count": 0
            },
            {
                "id": "61552161478075",
                "count": 0
            },
            {
                "id": "100085073240621",
                "count": 0
            },
            {
                "id": "61550024175305",
                "count": 0
            },
            {
                "id": "61561145224385",
                "count": 0
            },
            {
                "id": "100071932610243",
                "count": 0
            },
            {
                "id": "100089033040313",
                "count": 0
            },
            {
                "id": "61560695497242",
                "count": 0
            },
            {
                "id": "61559557873212",
                "count": 0
            },
            {
                "id": "100088662078441",
                "count": 0
            },
            {
                "id": "61553673876286",
                "count": 0
            },
            {
                "id": "100090698420702",
                "count": 0
            },
            {
                "id": "61562848389977",
                "count": 0
            },
            {
                "id": "61555877896247",
                "count": 0
            },
            {
                "id": "100001015776071",
                "count": 0
            },
            {
                "id": "100060164381723",
                "count": 0
            },
            {
                "id": "61560204112546",
                "count": 0
            },
            {
                "id": "61564433031028",
                "count": 0
            },
            {
                "id": "61551236043794",
                "count": 0
            },
            {
                "id": "100010834002446",
                "count": 0
            },
            {
                "id": "61554805957250",
                "count": 0
            },
            {
                "id": "100001113278043",
                "count": 0
            },
            {
                "id": "100004752336149",
                "count": 0
            },
            {
                "id": "61556666968083",
                "count": 0
            },
            {
                "id": "100027187763993",
                "count": 0
            },
            {
                "id": "100081249007797",
                "count": 0
            },
            {
                "id": "100081044409615",
                "count": 0
            },
            {
                "id": "61553392607991",
                "count": 0
            },
            {
                "id": "61565670656953",
                "count": 0
            },
            {
                "id": "61554387913255",
                "count": 0
            },
            {
                "id": "100041369492342",
                "count": 0
            },
            {
                "id": "100077026869574",
                "count": 0
            },
            {
                "id": "61556894156849",
                "count": 0
            },
            {
                "id": "100059567628295",
                "count": 0
            },
            {
                "id": "61561530282324",
                "count": 0
            },
            {
                "id": "100002896167413",
                "count": 0
            },
            {
                "id": "61564884756626",
                "count": 0
            }
        ],
        "week": [
            {
                "id": "61556130847993",
                "count": 0
            },
            {
                "id": "100093629946128",
                "count": 0
            },
            {
                "id": "100025928587011",
                "count": 0
            },
            {
                "id": "61558490602950",
                "count": 0
            },
            {
                "id": "100009801367183",
                "count": 0
            },
            {
                "id": "100034370250574",
                "count": 0
            },
            {
                "id": "100086181447032",
                "count": 0
            },
            {
                "id": "100082611379977",
                "count": 0
            },
            {
                "id": "100059968770491",
                "count": 0
            },
            {
                "id": "61553643156660",
                "count": 0
            },
            {
                "id": "61553578030636",
                "count": 0
            },
            {
                "id": "100063511596412",
                "count": 0
            },
            {
                "id": "61556828266600",
                "count": 0
            },
            {
                "id": "100021050304460",
                "count": 0
            },
            {
                "id": "100074842449578",
                "count": 0
            },
            {
                "id": "100091738788586",
                "count": 0
            },
            {
                "id": "61560000762800",
                "count": 0
            },
            {
                "id": "61552161478075",
                "count": 0
            },
            {
                "id": "100085073240621",
                "count": 0
            },
            {
                "id": "61550024175305",
                "count": 0
            },
            {
                "id": "61561145224385",
                "count": 0
            },
            {
                "id": "100071932610243",
                "count": 0
            },
            {
                "id": "100089033040313",
                "count": 0
            },
            {
                "id": "61560695497242",
                "count": 0
            },
            {
                "id": "61559557873212",
                "count": 0
            },
            {
                "id": "100088662078441",
                "count": 0
            },
            {
                "id": "61553673876286",
                "count": 0
            },
            {
                "id": "100090698420702",
                "count": 0
            },
            {
                "id": "61562848389977",
                "count": 0
            },
            {
                "id": "61555877896247",
                "count": 0
            },
            {
                "id": "100001015776071",
                "count": 0
            },
            {
                "id": "100060164381723",
                "count": 0
            },
            {
                "id": "61560204112546",
                "count": 0
            },
            {
                "id": "61564433031028",
                "count": 0
            },
            {
                "id": "61551236043794",
                "count": 0
            },
            {
                "id": "100010834002446",
                "count": 0
            },
            {
                "id": "61554805957250",
                "count": 0
            },
            {
                "id": "100001113278043",
                "count": 0
            },
            {
                "id": "100004752336149",
                "count": 0
            },
            {
                "id": "61556666968083",
                "count": 0
            },
            {
                "id": "100027187763993",
                "count": 0
            },
            {
                "id": "100081249007797",
                "count": 0
            },
            {
                "id": "100081044409615",
                "count": 0
            },
            {
                "id": "61553392607991",
                "count": 0
            },
            {
                "id": "61565670656953",
                "count": 0
            },
            {
                "id": "61554387913255",
                "count": 0
            },
            {
                "id": "100041369492342",
                "count": 0
            },
            {
                "id": "100077026869574",
                "count": 0
            },
            {
                "id": "61556894156849",
                "count": 0
            },
            {
                "id": "100059567628295",
                "count": 0
            },
            {
                "id": "61561530282324",
                "count": 0
            },
            {
                "id": "100002896167413",
                "count": 0
            },
            {
                "id": "61564884756626",
                "count": 0
            }
        ]
    }
}