{
    "total": [
        {
            "id": "100087128565622",
            "count": 2
        },
        {
            "id": "100077018405888",
            "count": 0
        },
        {
            "id": "100080922802311",
            "count": 0
        },
        {
            "id": "61553203100073",
            "count": 0
        },
        {
            "id": "61558117404405",
            "count": 0
        },
        {
            "id": "61566431324194",
            "count": 0
        },
        {
            "id": "61567375086993",
            "count": 0
        },
        {
            "id": "61566507296411",
            "count": 0
        },
        {
            "id": "100080937364676",
            "count": 0
        }
    ],
    "week": [
        {
            "id": "100087128565622",
            "count": 0,
            "name": "Tiềncóthểmất Còn Emthìkhông"
        },
        {
            "id": "100077018405888",
            "count": 0,
            "name": "Người dùng Facebook"
        },
        {
            "id": "100080922802311",
            "count": 0,
            "name": "Mai Đình Tú"
        },
        {
            "id": "61553203100073",
            "count": 0,
            "name": "Mai Tấn"
        },
        {
            "id": "61558117404405",
            "count": 0,
            "name": "Vu Dinh"
        },
        {
            "id": "61566431324194",
            "count": 0,
            "name": "メ Kiên"
        },
        {
            "id": "61567375086993",
            "count": 0,
            "name": "Van Nguyen Hottreo"
        },
        {
            "id": "61566507296411",
            "count": 0,
            "name": "Trai Dp Nam Ki"
        },
        {
            "id": "100080937364676",
            "count": 0,
            "name": "Aryana ぁ"
        }
    ],
    "day": [
        {
            "id": "100087128565622",
            "count": 0,
            "name": "Tiềncóthểmất Còn Emthìkhông"
        },
        {
            "id": "100077018405888",
            "count": 0,
            "name": "Cậu Ba"
        },
        {
            "id": "100080922802311",
            "count": 0,
            "name": "Mai Đình Tú"
        },
        {
            "id": "61553203100073",
            "count": 0,
            "name": "Mai Tấn"
        },
        {
            "id": "61558117404405",
            "count": 0,
            "name": "Vu Dinh"
        },
        {
            "id": "61566431324194",
            "count": 0,
            "name": "メ Kiên"
        },
        {
            "id": "61567375086993",
            "count": 0,
            "name": "Van Nguyen Hottreo"
        },
        {
            "id": "61566507296411",
            "count": 0,
            "name": "Trai Dp Nam Ki"
        },
        {
            "id": "100080937364676",
            "count": 0,
            "name": "Aryana ぁ"
        }
    ],
    "time": 6,
    "last": {
        "time": 5,
        "day": [
            {
                "id": "100087128565622",
                "count": 0
            },
            {
                "id": "100077018405888",
                "count": 0
            },
            {
                "id": "100080922802311",
                "count": 0
            },
            {
                "id": "61553203100073",
                "count": 0
            },
            {
                "id": "61558117404405",
                "count": 0
            },
            {
                "id": "61566431324194",
                "count": 0
            },
            {
                "id": "61567375086993",
                "count": 0
            },
            {
                "id": "61566507296411",
                "count": 0
            },
            {
                "id": "100080937364676",
                "count": 0
            }
        ],
        "week": [
            {
                "id": "100087128565622",
                "count": 0
            },
            {
                "id": "100077018405888",
                "count": 0
            },
            {
                "id": "100080922802311",
                "count": 0
            },
            {
                "id": "61553203100073",
                "count": 0
            },
            {
                "id": "61558117404405",
                "count": 0
            },
            {
                "id": "61566431324194",
                "count": 0
            },
            {
                "id": "61567375086993",
                "count": 0
            },
            {
                "id": "61566507296411",
                "count": 0
            },
            {
                "id": "100080937364676",
                "count": 0
            }
        ]
    }
}