{
    "total": [
        {
            "id": "100054895389251",
            "count": 0
        },
        {
            "id": "61553920748803",
            "count": 56
        },
        {
            "id": "100034817206907",
            "count": 4
        },
        {
            "id": "100038949934558",
            "count": 69
        },
        {
            "id": "100041992714333",
            "count": 2
        },
        {
            "id": "100042665105471",
            "count": 0
        },
        {
            "id": "100069224978917",
            "count": 0
        },
        {
            "id": "100086778286794",
            "count": 0
        },
        {
            "id": "100046649709168",
            "count": 0
        },
        {
            "id": "100069412510996",
            "count": 0
        },
        {
            "id": "100073718977333",
            "count": 2
        },
        {
            "id": "100086021866875",
            "count": 0
        },
        {
            "id": "100009466914937",
            "count": 0
        },
        {
            "id": "100023414983892",
            "count": 0
        },
        {
            "id": "100035074541492",
            "count": 0
        },
        {
            "id": "100073720928422",
            "count": 4
        },
        {
            "id": "61555900652651",
            "count": 0
        },
        {
            "id": "100009977596280",
            "count": 0
        },
        {
            "id": "100038174045796",
            "count": 0
        },
        {
            "id": "100073148176305",
            "count": 0
        },
        {
            "id": "100021632922262",
            "count": 0
        },
        {
            "id": "100004862252001",
            "count": 0
        },
        {
            "id": "100075338058020",
            "count": 0
        },
        {
            "id": "100051837690899",
            "count": 0
        },
        {
            "id": "100057708802562",
            "count": 0
        },
        {
            "id": "61566334538613",
            "count": 0
        },
        {
            "id": "100000617694848",
            "count": 0
        },
        {
            "id": "100068320464939",
            "count": 0
        },
        {
            "id": "100034056630673",
            "count": 0
        },
        {
            "id": "100019784766653",
            "count": 0
        },
        {
            "id": "100086756952121",
            "count": 0
        },
        {
            "id": "100018764972987",
            "count": 3
        },
        {
            "id": "100073851363916",
            "count": 0
        },
        {
            "id": "100075499122951",
            "count": 0
        },
        {
            "id": "100081149723141",
            "count": 0
        },
        {
            "id": "100030562952671",
            "count": 0
        },
        {
            "id": "100006140610283",
            "count": 0
        },
        {
            "id": "100093193801767",
            "count": 0
        },
        {
            "id": "100047690061718",
            "count": 0
        },
        {
            "id": "100090338239122",
            "count": 0
        },
        {
            "id": "100090463464027",
            "count": 0
        },
        {
            "id": "100077733097893",
            "count": 0
        },
        {
            "id": "100063907862032",
            "count": 0
        },
        {
            "id": "100072909257558",
            "count": 0
        },
        {
            "id": "100073682359420",
            "count": 0
        },
        {
            "id": "100047253100572",
            "count": 0
        },
        {
            "id": "100084237711493",
            "count": 0
        },
        {
            "id": "100019103284906",
            "count": 0
        },
        {
            "id": "100064724373001",
            "count": 0
        },
        {
            "id": "61559232324845",
            "count": 0
        },
        {
            "id": "100005304880119",
            "count": 0
        },
        {
            "id": "100020878699997",
            "count": 0
        },
        {
            "id": "100078923513348",
            "count": 0
        },
        {
            "id": "100054072870557",
            "count": 0
        },
        {
            "id": "100087490407904",
            "count": 0
        },
        {
            "id": "100044408970330",
            "count": 0
        },
        {
            "id": "100042553420140",
            "count": 0
        },
        {
            "id": "100037444004771",
            "count": 0
        },
        {
            "id": "61553801356450",
            "count": 0
        },
        {
            "id": "100052716827152",
            "count": 0
        },
        {
            "id": "100088373449042",
            "count": 3
        },
        {
            "id": "100017470634178",
            "count": 0
        },
        {
            "id": "100034961407022",
            "count": 0
        },
        {
            "id": "100047777336871",
            "count": 10
        },
        {
            "id": "100048321180085",
            "count": 0
        },
        {
            "id": "100073917630752",
            "count": 10
        },
        {
            "id": "100041480987934",
            "count": 0
        },
        {
            "id": "100067088077735",
            "count": 0
        },
        {
            "id": "100019206381207",
            "count": 0
        },
        {
            "id": "100014434231117",
            "count": 0
        },
        {
            "id": "100064549996343",
            "count": 0
        },
        {
            "id": "100067816881290",
            "count": 2
        },
        {
            "id": "100084044474639",
            "count": 0
        },
        {
            "id": "100032874932186",
            "count": 0
        },
        {
            "id": "100046152720274",
            "count": 0
        },
        {
            "id": "100039979032129",
            "count": 0
        },
        {
            "id": "61564810967817",
            "count": 0
        },
        {
            "id": "100053155520121",
            "count": 0
        },
        {
            "id": "100055828396794",
            "count": 0
        },
        {
            "id": "100049353588849",
            "count": 9
        },
        {
            "id": "100039146474451",
            "count": 0
        },
        {
            "id": "100025611611055",
            "count": 0
        },
        {
            "id": "100079283800042",
            "count": 0
        },
        {
            "id": "100071407526422",
            "count": 0
        },
        {
            "id": "61559079650241",
            "count": 58
        },
        {
            "id": "61550343162256",
            "count": 0
        },
        {
            "id": "61561530282324",
            "count": 0
        }
    ],
    "week": [
        {
            "id": "100054895389251",
            "count": 0,
            "name": "Thiên Long"
        },
        {
            "id": "61553920748803",
            "count": 0,
            "name": "Tran Van Anh"
        },
        {
            "id": "100034817206907",
            "count": 0,
            "name": "Lê Nguyên"
        },
        {
            "id": "100038949934558",
            "count": 0,
            "name": "Trương Huỳnh Mỹ Ngân"
        },
        {
            "id": "100041992714333",
            "count": 0,
            "name": "Uyen Nhi"
        },
        {
            "id": "100042665105471",
            "count": 0,
            "name": "Nguyễn Phúc"
        },
        {
            "id": "100069224978917",
            "count": 0,
            "name": "Bình Nguyễn"
        },
        {
            "id": "100086778286794",
            "count": 0,
            "name": "Trần Đăng Khoa"
        },
        {
            "id": "100046649709168",
            "count": 0,
            "name": "Thai Binhh"
        },
        {
            "id": "100069412510996",
            "count": 0,
            "name": "Minh Trường"
        },
        {
            "id": "100073718977333",
            "count": 0,
            "name": "Thanh Huy"
        },
        {
            "id": "100086021866875",
            "count": 0,
            "name": "Ngọc Sơn"
        },
        {
            "id": "100009466914937",
            "count": 0,
            "name": "Nguyễn Ngọc Lâm"
        },
        {
            "id": "100023414983892",
            "count": 0,
            "name": "Văn An"
        },
        {
            "id": "100035074541492",
            "count": 0,
            "name": "Nhật Nguyễn"
        },
        {
            "id": "100073720928422",
            "count": 0,
            "name": "Ng Huu Nghi"
        },
        {
            "id": "61555900652651",
            "count": 0,
            "name": "Nguyễn Văn Chiến"
        },
        {
            "id": "100009977596280",
            "count": 0,
            "name": "Nguyễn Nguyễn"
        },
        {
            "id": "100038174045796",
            "count": 0,
            "name": "Nguyễn Thảo"
        },
        {
            "id": "100073148176305",
            "count": 0,
            "name": "Ng Thị Thuý Ni"
        },
        {
            "id": "100021632922262",
            "count": 0,
            "name": "Tuyển Bạch Dương"
        },
        {
            "id": "100004862252001",
            "count": 0,
            "name": "Nguyễn Đăng Khoa"
        },
        {
            "id": "100075338058020",
            "count": 0,
            "name": "Lưu Minh Vũ"
        },
        {
            "id": "100051837690899",
            "count": 0,
            "name": "Minh Quân"
        },
        {
            "id": "100057708802562",
            "count": 0,
            "name": "Nhật Duy"
        },
        {
            "id": "61566334538613",
            "count": 0,
            "name": "Nguyễn Hiếu"
        },
        {
            "id": "100000617694848",
            "count": 0,
            "name": "Ngô Lê Minh Hiếu"
        },
        {
            "id": "100068320464939",
            "count": 0,
            "name": "Trần Văn"
        },
        {
            "id": "100034056630673",
            "count": 0,
            "name": "Văn Phúc"
        },
        {
            "id": "100019784766653",
            "count": 0,
            "name": "Nguyễn Hiệp"
        },
        {
            "id": "100086756952121",
            "count": 0,
            "name": "Ebe Theanh"
        },
        {
            "id": "100018764972987",
            "count": 0,
            "name": "Tuấn Khanh"
        },
        {
            "id": "100073851363916",
            "count": 0,
            "name": "NgDang Tiến"
        },
        {
            "id": "100075499122951",
            "count": 0,
            "name": "Nguyễn Hiếu"
        },
        {
            "id": "100081149723141",
            "count": 0,
            "name": "Trọng Vững"
        },
        {
            "id": "100030562952671",
            "count": 0,
            "name": "Trung Bui"
        },
        {
            "id": "100006140610283",
            "count": 0,
            "name": "Thành Nguyễn"
        },
        {
            "id": "100093193801767",
            "count": 0,
            "name": "Trần Dũng"
        },
        {
            "id": "100047690061718",
            "count": 0,
            "name": "Trần Hưng"
        },
        {
            "id": "100090338239122",
            "count": 0,
            "name": "Lê Trung"
        },
        {
            "id": "100090463464027",
            "count": 0,
            "name": "Hòa Trần"
        },
        {
            "id": "100077733097893",
            "count": 0,
            "name": "Phạm Minh"
        },
        {
            "id": "100063907862032",
            "count": 0,
            "name": "Quoc Dat"
        },
        {
            "id": "100072909257558",
            "count": 0,
            "name": "Thảo Huỳnh"
        },
        {
            "id": "100073682359420",
            "count": 0,
            "name": "Khánh Ngọc"
        },
        {
            "id": "100047253100572",
            "count": 0,
            "name": "Phan Truongg"
        },
        {
            "id": "100084237711493",
            "count": 0,
            "name": "Văn Khang"
        },
        {
            "id": "100019103284906",
            "count": 0,
            "name": "Nguyễn Bảo"
        },
        {
            "id": "100064724373001",
            "count": 0,
            "name": "Khôi Nguyên"
        },
        {
            "id": "61559232324845",
            "count": 0,
            "name": "Quý Lê"
        },
        {
            "id": "100005304880119",
            "count": 0,
            "name": "Hoàng Chung"
        },
        {
            "id": "100020878699997",
            "count": 0,
            "name": "Đang Qui"
        },
        {
            "id": "100078923513348",
            "count": 0,
            "name": "Thanh Ha"
        },
        {
            "id": "100054072870557",
            "count": 0,
            "name": "Trương Thái Yến Nhi"
        },
        {
            "id": "100087490407904",
            "count": 0,
            "name": "Gia Bao"
        },
        {
            "id": "100044408970330",
            "count": 0,
            "name": "Ngô NhậtAnh"
        },
        {
            "id": "100042553420140",
            "count": 0,
            "name": "Trần Lượng"
        },
        {
            "id": "100037444004771",
            "count": 0,
            "name": "Nguyễn Quốc Việt"
        },
        {
            "id": "61553801356450",
            "count": 0,
            "name": "Ngô Văn Đạt"
        },
        {
            "id": "100052716827152",
            "count": 0,
            "name": "Chu Huy"
        },
        {
            "id": "100088373449042",
            "count": 0,
            "name": "Khánh Huy"
        },
        {
            "id": "100017470634178",
            "count": 0,
            "name": "Nam Pham"
        },
        {
            "id": "100034961407022",
            "count": 0,
            "name": "Nei Nei"
        },
        {
            "id": "100047777336871",
            "count": 0,
            "name": "Lê Văn Đức"
        },
        {
            "id": "100048321180085",
            "count": 0,
            "name": "An Phạm"
        },
        {
            "id": "100073917630752",
            "count": 0,
            "name": "Ngô Đức Tỉnh"
        },
        {
            "id": "100041480987934",
            "count": 0,
            "name": "Nguyễn Tuấn Anh"
        },
        {
            "id": "100067088077735",
            "count": 0,
            "name": "Truong Uchiha"
        },
        {
            "id": "100019206381207",
            "count": 0,
            "name": "Quốc Nguyễn Mậm"
        },
        {
            "id": "100014434231117",
            "count": 0,
            "name": "Nguyễn Phước Long"
        },
        {
            "id": "100064549996343",
            "count": 0,
            "name": "Hải Đăng"
        },
        {
            "id": "100067816881290",
            "count": 0,
            "name": "Đ.Q Đại"
        },
        {
            "id": "100084044474639",
            "count": 0,
            "name": "Thiệnn Tom"
        },
        {
            "id": "100032874932186",
            "count": 0,
            "name": "Nhat Long"
        },
        {
            "id": "100046152720274",
            "count": 0,
            "name": "Hoàng Bảo"
        },
        {
            "id": "100039979032129",
            "count": 0,
            "name": "Dat Cao"
        },
        {
            "id": "61564810967817",
            "count": 0,
            "name": "Baoo Hoang"
        },
        {
            "id": "100053155520121",
            "count": 0,
            "name": "Mạnh Hùng"
        },
        {
            "id": "100055828396794",
            "count": 0,
            "name": "Nguyen Thanh"
        },
        {
            "id": "100049353588849",
            "count": 0,
            "name": "Nguyễn Phước Lộc 🫶🏻"
        },
        {
            "id": "100039146474451",
            "count": 0,
            "name": "Đặng Văn Đông"
        },
        {
            "id": "100025611611055",
            "count": 0,
            "name": "Nguyễn Thị Hải Yến"
        },
        {
            "id": "100079283800042",
            "count": 0,
            "name": "Thúy Diễm"
        },
        {
            "id": "100071407526422",
            "count": 0,
            "name": "Trần Văn Hậu"
        },
        {
            "id": "61559079650241",
            "count": 0,
            "name": "Nguyễn Thanh Tùng"
        },
        {
            "id": "61550343162256",
            "count": 0,
            "name": "Dang Gia Khanh"
        },
        {
            "id": "61561530282324",
            "count": 0,
            "name": "Roronoa Xoro"
        }
    ],
    "day": [
        {
            "id": "100054895389251",
            "count": 0,
            "name": "Thiên Long"
        },
        {
            "id": "61553920748803",
            "count": 0,
            "name": "Tran Van Anh"
        },
        {
            "id": "100034817206907",
            "count": 0,
            "name": "Lê Nguyên"
        },
        {
            "id": "100038949934558",
            "count": 0,
            "name": "Trương Huỳnh Mỹ Ngân"
        },
        {
            "id": "100041992714333",
            "count": 0,
            "name": "Uyen Nhi"
        },
        {
            "id": "100042665105471",
            "count": 0,
            "name": "Nguyễn Phúc"
        },
        {
            "id": "100069224978917",
            "count": 0,
            "name": "Bình Nguyễn"
        },
        {
            "id": "100086778286794",
            "count": 0,
            "name": "Trần Đăng Khoa"
        },
        {
            "id": "100046649709168",
            "count": 0,
            "name": "Thai Binhh"
        },
        {
            "id": "100069412510996",
            "count": 0,
            "name": "Minh Trường"
        },
        {
            "id": "100073718977333",
            "count": 0,
            "name": "Thanh Huy"
        },
        {
            "id": "100086021866875",
            "count": 0,
            "name": "Ngọc Sơn"
        },
        {
            "id": "100009466914937",
            "count": 0,
            "name": "Nguyễn Ngọc Lâm"
        },
        {
            "id": "100023414983892",
            "count": 0,
            "name": "Văn An"
        },
        {
            "id": "100035074541492",
            "count": 0,
            "name": "Nhật Nguyễn"
        },
        {
            "id": "100073720928422",
            "count": 0,
            "name": "Ng Huu Nghi"
        },
        {
            "id": "61555900652651",
            "count": 0,
            "name": "Nguyễn Văn Chiến"
        },
        {
            "id": "100009977596280",
            "count": 0,
            "name": "Nguyễn Nguyễn"
        },
        {
            "id": "100038174045796",
            "count": 0,
            "name": "Nguyễn Thảo"
        },
        {
            "id": "100073148176305",
            "count": 0,
            "name": "Ng Thị Thuý Ni"
        },
        {
            "id": "100021632922262",
            "count": 0,
            "name": "Tuyển Bạch Dương"
        },
        {
            "id": "100004862252001",
            "count": 0,
            "name": "Nguyễn Đăng Khoa"
        },
        {
            "id": "100075338058020",
            "count": 0,
            "name": "Lưu Minh Vũ"
        },
        {
            "id": "100051837690899",
            "count": 0,
            "name": "Minh Quân"
        },
        {
            "id": "100057708802562",
            "count": 0,
            "name": "Nhật Duy"
        },
        {
            "id": "61566334538613",
            "count": 0,
            "name": "Nguyễn Hiếu"
        },
        {
            "id": "100000617694848",
            "count": 0,
            "name": "Ngô Lê Minh Hiếu"
        },
        {
            "id": "100068320464939",
            "count": 0,
            "name": "Trần Văn"
        },
        {
            "id": "100034056630673",
            "count": 0,
            "name": "Văn Phúc"
        },
        {
            "id": "100019784766653",
            "count": 0,
            "name": "Nguyễn Hiệp"
        },
        {
            "id": "100086756952121",
            "count": 0,
            "name": "Ebe Theanh"
        },
        {
            "id": "100018764972987",
            "count": 0,
            "name": "Tuấn Khanh"
        },
        {
            "id": "100073851363916",
            "count": 0,
            "name": "NgDang Tiến"
        },
        {
            "id": "100075499122951",
            "count": 0,
            "name": "Nguyễn Hiếu"
        },
        {
            "id": "100081149723141",
            "count": 0,
            "name": "Trọng Vững"
        },
        {
            "id": "100030562952671",
            "count": 0,
            "name": "Trung Bui"
        },
        {
            "id": "100006140610283",
            "count": 0,
            "name": "Thành Nguyễn"
        },
        {
            "id": "100093193801767",
            "count": 0,
            "name": "Trần Dũng"
        },
        {
            "id": "100047690061718",
            "count": 0,
            "name": "Trần Hưng"
        },
        {
            "id": "100090338239122",
            "count": 0,
            "name": "Lê Trung"
        },
        {
            "id": "100090463464027",
            "count": 0,
            "name": "Hòa Trần"
        },
        {
            "id": "100077733097893",
            "count": 0,
            "name": "Phạm Minh"
        },
        {
            "id": "100063907862032",
            "count": 0,
            "name": "Quoc Dat"
        },
        {
            "id": "100072909257558",
            "count": 0,
            "name": "Thảo Huỳnh"
        },
        {
            "id": "100073682359420",
            "count": 0,
            "name": "Khánh Ngọc"
        },
        {
            "id": "100047253100572",
            "count": 0,
            "name": "Phan Truongg"
        },
        {
            "id": "100084237711493",
            "count": 0,
            "name": "Văn Khang"
        },
        {
            "id": "100019103284906",
            "count": 0,
            "name": "Nguyễn Bảo"
        },
        {
            "id": "100064724373001",
            "count": 0,
            "name": "Khôi Nguyên"
        },
        {
            "id": "61559232324845",
            "count": 0,
            "name": "Quý Lê"
        },
        {
            "id": "100005304880119",
            "count": 0,
            "name": "Hoàng Chung"
        },
        {
            "id": "100020878699997",
            "count": 0,
            "name": "Đang Qui"
        },
        {
            "id": "100078923513348",
            "count": 0,
            "name": "Thanh Ha"
        },
        {
            "id": "100054072870557",
            "count": 0,
            "name": "Trương Thái Yến Nhi"
        },
        {
            "id": "100087490407904",
            "count": 0,
            "name": "Gia Bao"
        },
        {
            "id": "100044408970330",
            "count": 0,
            "name": "Ngô NhậtAnh"
        },
        {
            "id": "100042553420140",
            "count": 0,
            "name": "Trần Lượng"
        },
        {
            "id": "100037444004771",
            "count": 0,
            "name": "Nguyễn Quốc Việt"
        },
        {
            "id": "61553801356450",
            "count": 0,
            "name": "Ngô Văn Đạt"
        },
        {
            "id": "100052716827152",
            "count": 0,
            "name": "Chu Huy"
        },
        {
            "id": "100088373449042",
            "count": 0,
            "name": "Khánh Huy"
        },
        {
            "id": "100017470634178",
            "count": 0,
            "name": "Nam Pham"
        },
        {
            "id": "100034961407022",
            "count": 0,
            "name": "Nei Nei"
        },
        {
            "id": "100047777336871",
            "count": 0,
            "name": "Lê Văn Đức"
        },
        {
            "id": "100048321180085",
            "count": 0,
            "name": "An Phạm"
        },
        {
            "id": "100073917630752",
            "count": 0,
            "name": "Ngô Đức Tỉnh"
        },
        {
            "id": "100041480987934",
            "count": 0,
            "name": "Nguyễn Tuấn Anh"
        },
        {
            "id": "100067088077735",
            "count": 0,
            "name": "Truong Uchiha"
        },
        {
            "id": "100019206381207",
            "count": 0,
            "name": "Quốc Nguyễn Mậm"
        },
        {
            "id": "100014434231117",
            "count": 0,
            "name": "Nguyễn Phước Long"
        },
        {
            "id": "100064549996343",
            "count": 0,
            "name": "Hải Đăng"
        },
        {
            "id": "100067816881290",
            "count": 0,
            "name": "Đ.Q Đại"
        },
        {
            "id": "100084044474639",
            "count": 0,
            "name": "Thiệnn Tom"
        },
        {
            "id": "100032874932186",
            "count": 0,
            "name": "Nhat Long"
        },
        {
            "id": "100046152720274",
            "count": 0,
            "name": "Hoàng Bảo"
        },
        {
            "id": "100039979032129",
            "count": 0,
            "name": "Dat Cao"
        },
        {
            "id": "61564810967817",
            "count": 0,
            "name": "Baoo Hoang"
        },
        {
            "id": "100053155520121",
            "count": 0,
            "name": "Mạnh Hùng"
        },
        {
            "id": "100055828396794",
            "count": 0,
            "name": "Nguyen Thanh"
        },
        {
            "id": "100049353588849",
            "count": 0,
            "name": "Nguyễn Phước Lộc 🫶🏻"
        },
        {
            "id": "100039146474451",
            "count": 0,
            "name": "Đặng Văn Đông"
        },
        {
            "id": "100025611611055",
            "count": 0,
            "name": "Nguyễn Thị Hải Yến"
        },
        {
            "id": "100079283800042",
            "count": 0,
            "name": "Thúy Diễm"
        },
        {
            "id": "100071407526422",
            "count": 0,
            "name": "Trần Văn Hậu"
        },
        {
            "id": "61559079650241",
            "count": 0,
            "name": "Nguyễn Thanh Tùng"
        },
        {
            "id": "61550343162256",
            "count": 0,
            "name": "Dang Gia Khanh"
        },
        {
            "id": "61561530282324",
            "count": 0,
            "name": "Roronoa Xoro"
        }
    ],
    "time": 6,
    "last": {
        "time": 5,
        "day": [
            {
                "id": "100054895389251",
                "count": 0
            },
            {
                "id": "61553920748803",
                "count": 0
            },
            {
                "id": "100034817206907",
                "count": 0
            },
            {
                "id": "100038949934558",
                "count": 0
            },
            {
                "id": "100041992714333",
                "count": 0
            },
            {
                "id": "100042665105471",
                "count": 0
            },
            {
                "id": "100069224978917",
                "count": 0
            },
            {
                "id": "100086778286794",
                "count": 0
            },
            {
                "id": "100046649709168",
                "count": 0
            },
            {
                "id": "100069412510996",
                "count": 0
            },
            {
                "id": "100073718977333",
                "count": 0
            },
            {
                "id": "100086021866875",
                "count": 0
            },
            {
                "id": "100009466914937",
                "count": 0
            },
            {
                "id": "100023414983892",
                "count": 0
            },
            {
                "id": "100035074541492",
                "count": 0
            },
            {
                "id": "100073720928422",
                "count": 0
            },
            {
                "id": "61555900652651",
                "count": 0
            },
            {
                "id": "100009977596280",
                "count": 0
            },
            {
                "id": "61564550804572",
                "count": 0
            },
            {
                "id": "100038174045796",
                "count": 0
            },
            {
                "id": "100073148176305",
                "count": 0
            },
            {
                "id": "100021632922262",
                "count": 0
            },
            {
                "id": "100004862252001",
                "count": 0
            },
            {
                "id": "100075338058020",
                "count": 0
            },
            {
                "id": "100051837690899",
                "count": 0
            },
            {
                "id": "100057708802562",
                "count": 0
            },
            {
                "id": "61566334538613",
                "count": 0
            },
            {
                "id": "100000617694848",
                "count": 0
            },
            {
                "id": "100068320464939",
                "count": 0
            },
            {
                "id": "100034056630673",
                "count": 0
            },
            {
                "id": "100019784766653",
                "count": 0
            },
            {
                "id": "100086756952121",
                "count": 0
            },
            {
                "id": "100018764972987",
                "count": 0
            },
            {
                "id": "100073851363916",
                "count": 0
            },
            {
                "id": "100075499122951",
                "count": 0
            },
            {
                "id": "100081149723141",
                "count": 0
            },
            {
                "id": "100030562952671",
                "count": 0
            },
            {
                "id": "100006140610283",
                "count": 0
            },
            {
                "id": "100093193801767",
                "count": 0
            },
            {
                "id": "100047690061718",
                "count": 0
            },
            {
                "id": "100090338239122",
                "count": 0
            },
            {
                "id": "100090463464027",
                "count": 0
            },
            {
                "id": "100077733097893",
                "count": 0
            },
            {
                "id": "100063907862032",
                "count": 0
            },
            {
                "id": "100072909257558",
                "count": 0
            },
            {
                "id": "100073682359420",
                "count": 0
            },
            {
                "id": "100047253100572",
                "count": 0
            },
            {
                "id": "100084237711493",
                "count": 0
            },
            {
                "id": "100019103284906",
                "count": 0
            },
            {
                "id": "100064724373001",
                "count": 0
            },
            {
                "id": "61559232324845",
                "count": 0
            },
            {
                "id": "100005304880119",
                "count": 0
            },
            {
                "id": "100020878699997",
                "count": 0
            },
            {
                "id": "100078923513348",
                "count": 0
            },
            {
                "id": "100054072870557",
                "count": 0
            },
            {
                "id": "100087490407904",
                "count": 0
            },
            {
                "id": "100044408970330",
                "count": 0
            },
            {
                "id": "100042553420140",
                "count": 0
            },
            {
                "id": "100037444004771",
                "count": 0
            },
            {
                "id": "61553801356450",
                "count": 0
            },
            {
                "id": "100052716827152",
                "count": 0
            },
            {
                "id": "100088373449042",
                "count": 0
            },
            {
                "id": "100017470634178",
                "count": 0
            },
            {
                "id": "100034961407022",
                "count": 0
            },
            {
                "id": "100047777336871",
                "count": 0
            },
            {
                "id": "100048321180085",
                "count": 0
            },
            {
                "id": "100073917630752",
                "count": 0
            },
            {
                "id": "100068262355899",
                "count": 0
            },
            {
                "id": "100041480987934",
                "count": 0
            },
            {
                "id": "100067088077735",
                "count": 0
            },
            {
                "id": "100019206381207",
                "count": 0
            },
            {
                "id": "100014434231117",
                "count": 0
            },
            {
                "id": "100064549996343",
                "count": 0
            },
            {
                "id": "100067816881290",
                "count": 0
            },
            {
                "id": "100084044474639",
                "count": 0
            },
            {
                "id": "100032874932186",
                "count": 0
            },
            {
                "id": "100046152720274",
                "count": 0
            },
            {
                "id": "100039979032129",
                "count": 0
            },
            {
                "id": "61564810967817",
                "count": 0
            },
            {
                "id": "100053155520121",
                "count": 0
            },
            {
                "id": "100055828396794",
                "count": 0
            },
            {
                "id": "100049353588849",
                "count": 0
            },
            {
                "id": "100039146474451",
                "count": 0
            },
            {
                "id": "100025611611055",
                "count": 0
            },
            {
                "id": "100079283800042",
                "count": 0
            },
            {
                "id": "100071407526422",
                "count": 0
            },
            {
                "id": "61559079650241",
                "count": 0
            },
            {
                "id": "61550343162256",
                "count": 0
            },
            {
                "id": "61561530282324",
                "count": 0
            }
        ],
        "week": [
            {
                "id": "100054895389251",
                "count": 0
            },
            {
                "id": "61553920748803",
                "count": 0
            },
            {
                "id": "100034817206907",
                "count": 0
            },
            {
                "id": "100038949934558",
                "count": 0
            },
            {
                "id": "100041992714333",
                "count": 0
            },
            {
                "id": "100042665105471",
                "count": 0
            },
            {
                "id": "100069224978917",
                "count": 0
            },
            {
                "id": "100086778286794",
                "count": 0
            },
            {
                "id": "100046649709168",
                "count": 0
            },
            {
                "id": "100069412510996",
                "count": 0
            },
            {
                "id": "100073718977333",
                "count": 0
            },
            {
                "id": "100086021866875",
                "count": 0
            },
            {
                "id": "100009466914937",
                "count": 0
            },
            {
                "id": "100023414983892",
                "count": 0
            },
            {
                "id": "100035074541492",
                "count": 0
            },
            {
                "id": "100073720928422",
                "count": 0
            },
            {
                "id": "61555900652651",
                "count": 0
            },
            {
                "id": "100009977596280",
                "count": 0
            },
            {
                "id": "61564550804572",
                "count": 0
            },
            {
                "id": "100038174045796",
                "count": 0
            },
            {
                "id": "100073148176305",
                "count": 0
            },
            {
                "id": "100021632922262",
                "count": 0
            },
            {
                "id": "100004862252001",
                "count": 0
            },
            {
                "id": "100075338058020",
                "count": 0
            },
            {
                "id": "100051837690899",
                "count": 0
            },
            {
                "id": "100057708802562",
                "count": 0
            },
            {
                "id": "61566334538613",
                "count": 0
            },
            {
                "id": "100000617694848",
                "count": 0
            },
            {
                "id": "100068320464939",
                "count": 0
            },
            {
                "id": "100034056630673",
                "count": 0
            },
            {
                "id": "100019784766653",
                "count": 0
            },
            {
                "id": "100086756952121",
                "count": 0
            },
            {
                "id": "100018764972987",
                "count": 0
            },
            {
                "id": "100073851363916",
                "count": 0
            },
            {
                "id": "100075499122951",
                "count": 0
            },
            {
                "id": "100081149723141",
                "count": 0
            },
            {
                "id": "100030562952671",
                "count": 0
            },
            {
                "id": "100006140610283",
                "count": 0
            },
            {
                "id": "100093193801767",
                "count": 0
            },
            {
                "id": "100047690061718",
                "count": 0
            },
            {
                "id": "100090338239122",
                "count": 0
            },
            {
                "id": "100090463464027",
                "count": 0
            },
            {
                "id": "100077733097893",
                "count": 0
            },
            {
                "id": "100063907862032",
                "count": 0
            },
            {
                "id": "100072909257558",
                "count": 0
            },
            {
                "id": "100073682359420",
                "count": 0
            },
            {
                "id": "100047253100572",
                "count": 0
            },
            {
                "id": "100084237711493",
                "count": 0
            },
            {
                "id": "100019103284906",
                "count": 0
            },
            {
                "id": "100064724373001",
                "count": 0
            },
            {
                "id": "61559232324845",
                "count": 0
            },
            {
                "id": "100005304880119",
                "count": 0
            },
            {
                "id": "100020878699997",
                "count": 0
            },
            {
                "id": "100078923513348",
                "count": 0
            },
            {
                "id": "100054072870557",
                "count": 0
            },
            {
                "id": "100087490407904",
                "count": 0
            },
            {
                "id": "100044408970330",
                "count": 0
            },
            {
                "id": "100042553420140",
                "count": 0
            },
            {
                "id": "100037444004771",
                "count": 0
            },
            {
                "id": "61553801356450",
                "count": 0
            },
            {
                "id": "100052716827152",
                "count": 0
            },
            {
                "id": "100088373449042",
                "count": 0
            },
            {
                "id": "100017470634178",
                "count": 0
            },
            {
                "id": "100034961407022",
                "count": 0
            },
            {
                "id": "100047777336871",
                "count": 0
            },
            {
                "id": "100048321180085",
                "count": 0
            },
            {
                "id": "100073917630752",
                "count": 0
            },
            {
                "id": "100068262355899",
                "count": 0
            },
            {
                "id": "100041480987934",
                "count": 0
            },
            {
                "id": "100067088077735",
                "count": 0
            },
            {
                "id": "100019206381207",
                "count": 0
            },
            {
                "id": "100014434231117",
                "count": 0
            },
            {
                "id": "100064549996343",
                "count": 0
            },
            {
                "id": "100067816881290",
                "count": 0
            },
            {
                "id": "100084044474639",
                "count": 0
            },
            {
                "id": "100032874932186",
                "count": 0
            },
            {
                "id": "100046152720274",
                "count": 0
            },
            {
                "id": "100039979032129",
                "count": 0
            },
            {
                "id": "61564810967817",
                "count": 0
            },
            {
                "id": "100053155520121",
                "count": 0
            },
            {
                "id": "100055828396794",
                "count": 0
            },
            {
                "id": "100049353588849",
                "count": 0
            },
            {
                "id": "100039146474451",
                "count": 0
            },
            {
                "id": "100025611611055",
                "count": 0
            },
            {
                "id": "100079283800042",
                "count": 0
            },
            {
                "id": "100071407526422",
                "count": 0
            },
            {
                "id": "61559079650241",
                "count": 0
            },
            {
                "id": "61550343162256",
                "count": 0
            },
            {
                "id": "61561530282324",
                "count": 0
            }
        ]
    }
}