{
    "total": [
        {
            "id": "100001113278043",
            "count": 4
        },
        {
            "id": "61559079650241",
            "count": 213
        },
        {
            "id": "61561530282324",
            "count": 26
        },
        {
            "id": "61566171441498",
            "count": 8
        }
    ],
    "week": [
        {
            "id": "100001113278043",
            "count": 0,
            "name": "Phương Huyền"
        },
        {
            "id": "61559079650241",
            "count": 3,
            "name": "Nguyễn Thanh Tùng"
        },
        {
            "id": "61561530282324",
            "count": 13,
            "name": "Roronoa Xoro"
        },
        {
            "id": "61566171441498",
            "count": 0,
            "name": "Tiên Khánh"
        }
    ],
    "day": [
        {
            "id": "100001113278043",
            "count": 0,
            "name": "Phương Huyền"
        },
        {
            "id": "61559079650241",
            "count": 0,
            "name": "Nguyễn Thanh Tùng"
        },
        {
            "id": "61561530282324",
            "count": 0,
            "name": "Roronoa Xoro"
        },
        {
            "id": "61566171441498",
            "count": 0,
            "name": "Tiên Khánh"
        }
    ],
    "time": 6,
    "last": {
        "time": 4,
        "day": [
            {
                "id": "100080457890514",
                "count": 0
            },
            {
                "id": "100001113278043",
                "count": 0
            },
            {
                "id": "61559079650241",
                "count": 0
            },
            {
                "id": "61561530282324",
                "count": 0
            },
            {
                "id": "61555631036372",
                "count": 0
            },
            {
                "id": "61566171441498",
                "count": 0
            },
            {
                "id": "61558117404405",
                "count": 0
            }
        ],
        "week": [
            {
                "id": "100080457890514",
                "count": 0
            },
            {
                "id": "100001113278043",
                "count": 0
            },
            {
                "id": "61559079650241",
                "count": 0
            },
            {
                "id": "61561530282324",
                "count": 0
            },
            {
                "id": "61555631036372",
                "count": 0
            },
            {
                "id": "61566171441498",
                "count": 0
            },
            {
                "id": "61558117404405",
                "count": 0
            }
        ]
    }
}