{
    "total": [
        {
            "id": "61561530282324",
            "count": 222
        },
        {
            "id": "61556478680260",
            "count": 12
        }
    ],
    "week": [
        {
            "id": "61561530282324",
            "count": 12,
            "name": "Roronoa Xoro"
        },
        {
            "id": "61556478680260",
            "count": 0,
            "name": "Giaa Huyy"
        }
    ],
    "day": [
        {
            "id": "61561530282324",
            "count": 1,
            "name": "Roronoa Xoro"
        },
        {
            "id": "61556478680260",
            "count": 0,
            "name": "Giaa Huyy"
        }
    ],
    "time": 6,
    "last": {
        "time": 2,
        "day": [
            {
                "id": "100085073240621",
                "count": 0
            },
            {
                "id": "100001113278043",
                "count": 0
            },
            {
                "id": "61561530282324",
                "count": 0
            },
            {
                "id": "100027187763993",
                "count": 0
            },
            {
                "id": "100087128565622",
                "count": 0
            },
            {
                "id": "100077018405888",
                "count": 0
            },
            {
                "id": "61558117404405",
                "count": 0
            },
            {
                "id": "61556478680260",
                "count": 0
            },
            {
                "id": "100092738419518",
                "count": 0
            }
        ],
        "week": [
            {
                "id": "100085073240621",
                "count": 0
            },
            {
                "id": "100001113278043",
                "count": 0
            },
            {
                "id": "61561530282324",
                "count": 0
            },
            {
                "id": "100027187763993",
                "count": 0
            },
            {
                "id": "100087128565622",
                "count": 0
            },
            {
                "id": "100077018405888",
                "count": 0
            },
            {
                "id": "61558117404405",
                "count": 0
            },
            {
                "id": "61556478680260",
                "count": 0
            },
            {
                "id": "100092738419518",
                "count": 0
            }
        ]
    }
}