{
    "total": [
        {
            "id": "100087128565622",
            "count": 28
        },
        {
            "id": "100084513053653",
            "count": 0
        },
        {
            "id": "100041544993746",
            "count": 0
        },
        {
            "id": "100013219530674",
            "count": 0
        },
        {
            "id": "61563603598362",
            "count": 0
        },
        {
            "id": "100026542579416",
            "count": 0
        },
        {
            "id": "100066821161126",
            "count": 0
        },
        {
            "id": "61558117404405",
            "count": 0
        },
        {
            "id": "100002896167413",
            "count": 0
        },
        {
            "id": "100080922802311",
            "count": 0
        },
        {
            "id": "100077018405888",
            "count": 0
        }
    ],
    "week": [
        {
            "id": "100087128565622",
            "count": 0,
            "name": "Tiềncóthểmất Còn Emthìkhông"
        },
        {
            "id": "100084513053653",
            "count": 0,
            "name": "Quoc Bảoo"
        },
        {
            "id": "100041544993746",
            "count": 0,
            "name": "𑁍 Anh Là Hạ Chiến Trường 𓆣 Luật Giang Hồ Anh Chơi Bằng Mã Tấu Hắc Bay Ặc Những Đứa Nói Yêu Em 𓃰 Yêu Nhau Hai Chữ Thật Lòng Chia Tay Bốn Chữ Không Tìm Thấy Trang 𓆉 Lỡ Một Ngày Em Đi Theo Thằng Khác Anh Chỉ Buồn Nhưng Không Khóc Đâu Em 𓅇 Lòng Ngậm Ngùi Nhìn Wall Em Lần Cuối Rồi Mỉm Cười Lập Acc Khác Nha Em 𓉤︻̵̵͇̿̿̿̿       卍 卍 卍          ⁂"
        },
        {
            "id": "100013219530674",
            "count": 0,
            "name": "𝐇𝐚 𝐂𝐡𝐢𝐞𝐧 𝐓𝐫𝐮𝐨𝐧𝐠"
        },
        {
            "id": "61563603598362",
            "count": 0,
            "name": "Phamducsondzai Nhatthegioihadong"
        },
        {
            "id": "100026542579416",
            "count": 0,
            "name": "Trịnh Nghĩa"
        },
        {
            "id": "100066821161126",
            "count": 0,
            "name": "Minh Nguyệtt"
        },
        {
            "id": "61558117404405",
            "count": 0,
            "name": "Vu Dinh"
        },
        {
            "id": "100002896167413",
            "count": 0,
            "name": "Hạnh　Phúc　Có　Thể　Bỏ　Rơi　Anh　 Nhưng Anh　Không　Bao　Giờ　Bỏ　Rơi　Em"
        },
        {
            "id": "100080922802311",
            "count": 0,
            "name": "Mai Đình Tú"
        },
        {
            "id": "100077018405888",
            "count": 0,
            "name": "Người dùng Facebook"
        }
    ],
    "day": [
        {
            "id": "100087128565622",
            "count": 0,
            "name": "Tiềncóthểmất Còn Emthìkhông"
        },
        {
            "id": "100084513053653",
            "count": 0,
            "name": "Quoc Bảoo"
        },
        {
            "id": "100041544993746",
            "count": 0,
            "name": "𑁍 Anh Là Hạ Chiến Trường 𓆣 Luật Giang Hồ Anh Chơi Bằng Mã Tấu Hắc Bay Ặc Những Đứa Nói Yêu Em 𓃰 Yêu Nhau Hai Chữ Thật Lòng Chia Tay Bốn Chữ Không Tìm Thấy Trang 𓆉 Lỡ Một Ngày Em Đi Theo Thằng Khác Anh Chỉ Buồn Nhưng Không Khóc Đâu Em 𓅇 Lòng Ngậm Ngùi Nhìn Wall Em Lần Cuối Rồi Mỉm Cười Lập Acc Khác Nha Em 𓉤︻̵̵͇̿̿̿̿       卍 卍 卍          ⁂"
        },
        {
            "id": "100013219530674",
            "count": 0,
            "name": "𝐇𝐚 𝐂𝐡𝐢𝐞𝐧 𝐓𝐫𝐮𝐨𝐧𝐠"
        },
        {
            "id": "61563603598362",
            "count": 0,
            "name": "Phamducsondzai Nhatthegioihadong"
        },
        {
            "id": "100026542579416",
            "count": 0,
            "name": "Trịnh Nghĩa"
        },
        {
            "id": "100066821161126",
            "count": 0,
            "name": "Minh Nguyệtt"
        },
        {
            "id": "61558117404405",
            "count": 0,
            "name": "Vu Dinh"
        },
        {
            "id": "100002896167413",
            "count": 0,
            "name": "Hạnh　Phúc　Có　Thể　Bỏ　Rơi　Anh　 Nhưng Anh　Không　Bao　Giờ　Bỏ　Rơi　Em"
        },
        {
            "id": "100080922802311",
            "count": 0,
            "name": "Mai Đình Tú"
        },
        {
            "id": "100077018405888",
            "count": 0,
            "name": "Cậu Ba"
        }
    ],
    "time": 6,
    "last": {
        "time": 5,
        "day": [
            {
                "id": "100087128565622",
                "count": 0
            },
            {
                "id": "100084513053653",
                "count": 0
            },
            {
                "id": "100041544993746",
                "count": 0
            },
            {
                "id": "100013219530674",
                "count": 0
            },
            {
                "id": "61563603598362",
                "count": 0
            },
            {
                "id": "100026542579416",
                "count": 0
            },
            {
                "id": "100066821161126",
                "count": 0
            },
            {
                "id": "61558117404405",
                "count": 0
            },
            {
                "id": "100002896167413",
                "count": 0
            },
            {
                "id": "100080922802311",
                "count": 0
            },
            {
                "id": "100077018405888",
                "count": 0
            }
        ],
        "week": [
            {
                "id": "100087128565622",
                "count": 0
            },
            {
                "id": "100084513053653",
                "count": 0
            },
            {
                "id": "100041544993746",
                "count": 0
            },
            {
                "id": "100013219530674",
                "count": 0
            },
            {
                "id": "61563603598362",
                "count": 0
            },
            {
                "id": "100026542579416",
                "count": 0
            },
            {
                "id": "100066821161126",
                "count": 0
            },
            {
                "id": "61558117404405",
                "count": 0
            },
            {
                "id": "100002896167413",
                "count": 0
            },
            {
                "id": "100080922802311",
                "count": 0
            },
            {
                "id": "100077018405888",
                "count": 0
            }
        ]
    }
}