{
    "total": [
        {
            "id": "61552556703089",
            "count": 0
        },
        {
            "id": "100074392909474",
            "count": 0
        },
        {
            "id": "100081957279553",
            "count": 0
        },
        {
            "id": "100075242769816",
            "count": 0
        },
        {
            "id": "100048500084522",
            "count": 0
        },
        {
            "id": "100089441290181",
            "count": 0
        },
        {
            "id": "100051610569851",
            "count": 3
        },
        {
            "id": "61551992072661",
            "count": 0
        },
        {
            "id": "100093125060579",
            "count": 0
        },
        {
            "id": "100080385212350",
            "count": 0
        },
        {
            "id": "100086449328376",
            "count": 0
        },
        {
            "id": "100088243874439",
            "count": 0
        },
        {
            "id": "100042161316930",
            "count": 0
        },
        {
            "id": "100089005271194",
            "count": 0
        },
        {
            "id": "100073933104445",
            "count": 0
        },
        {
            "id": "100083987015175",
            "count": 0
        },
        {
            "id": "100053425394885",
            "count": 0
        },
        {
            "id": "61560536510713",
            "count": 0
        },
        {
            "id": "100015407850790",
            "count": 0
        },
        {
            "id": "100056966298331",
            "count": 0
        },
        {
            "id": "100094315988144",
            "count": 0
        },
        {
            "id": "61556804361097",
            "count": 1
        },
        {
            "id": "100093457726402",
            "count": 0
        },
        {
            "id": "100024059252355",
            "count": 0
        },
        {
            "id": "100070125471177",
            "count": 0
        },
        {
            "id": "100073669545523",
            "count": 0
        },
        {
            "id": "100093980943637",
            "count": 0
        },
        {
            "id": "61554180436540",
            "count": 0
        },
        {
            "id": "61559668371307",
            "count": 0
        },
        {
            "id": "100070510131465",
            "count": 0
        },
        {
            "id": "100024710273576",
            "count": 0
        },
        {
            "id": "100066601013712",
            "count": 0
        },
        {
            "id": "100080659790274",
            "count": 0
        },
        {
            "id": "100042692722071",
            "count": 1
        },
        {
            "id": "100057969236139",
            "count": 0
        },
        {
            "id": "100089773960004",
            "count": 0
        },
        {
            "id": "100092866153831",
            "count": 0
        },
        {
            "id": "100092847241589",
            "count": 0
        },
        {
            "id": "100090442144044",
            "count": 0
        },
        {
            "id": "100047931136517",
            "count": 0
        },
        {
            "id": "61564728104378",
            "count": 0
        },
        {
            "id": "61554389242171",
            "count": 0
        },
        {
            "id": "61565914014080",
            "count": 0
        },
        {
            "id": "100083904625176",
            "count": 0
        },
        {
            "id": "100081575093912",
            "count": 0
        },
        {
            "id": "100089978268595",
            "count": 0
        },
        {
            "id": "100048042410425",
            "count": 0
        },
        {
            "id": "61554998052079",
            "count": 0
        },
        {
            "id": "100035200203714",
            "count": 0
        },
        {
            "id": "100025154850337",
            "count": 0
        },
        {
            "id": "100010919689005",
            "count": 0
        },
        {
            "id": "100029227354949",
            "count": 0
        },
        {
            "id": "100077983241214",
            "count": 0
        },
        {
            "id": "100016990576118",
            "count": 0
        },
        {
            "id": "61556481058187",
            "count": 0
        },
        {
            "id": "100089229744312",
            "count": 0
        },
        {
            "id": "100084026364018",
            "count": 0
        },
        {
            "id": "61558117404405",
            "count": 0
        },
        {
            "id": "100094565803959",
            "count": 0
        },
        {
            "id": "100077018405888",
            "count": 0
        },
        {
            "id": "61565620945956",
            "count": 0
        },
        {
            "id": "100081778688981",
            "count": 0
        },
        {
            "id": "100080394669987",
            "count": 0
        },
        {
            "id": "100027768580144",
            "count": 0
        },
        {
            "id": "100088240059661",
            "count": 0
        },
        {
            "id": "100048339459805",
            "count": 0
        },
        {
            "id": "100076541752924",
            "count": 0
        },
        {
            "id": "100087128565622",
            "count": 2
        },
        {
            "id": "100033452295665",
            "count": 0
        },
        {
            "id": "100088850898000",
            "count": 0
        },
        {
            "id": "100084132683901",
            "count": 0
        },
        {
            "id": "100082505712056",
            "count": 0
        },
        {
            "id": "61557528907053",
            "count": 0
        },
        {
            "id": "100083373048758",
            "count": 0
        },
        {
            "id": "61551375358654",
            "count": 0
        },
        {
            "id": "61557749425209",
            "count": 0
        },
        {
            "id": "100094619921183",
            "count": 0
        },
        {
            "id": "100090364364277",
            "count": 0
        },
        {
            "id": "100085624031542",
            "count": 0
        },
        {
            "id": "100073491678834",
            "count": 0
        },
        {
            "id": "100077103529572",
            "count": 0
        },
        {
            "id": "100084450965181",
            "count": 0
        },
        {
            "id": "61566621248153",
            "count": 0
        },
        {
            "id": "100082113848576",
            "count": 0
        },
        {
            "id": "100071320504807",
            "count": 0
        },
        {
            "id": "100092607631901",
            "count": 0
        },
        {
            "id": "61553617704763",
            "count": 2
        }
    ],
    "week": [
        {
            "id": "61552556703089",
            "count": 0,
            "name": "Thu Phương"
        },
        {
            "id": "100074392909474",
            "count": 0,
            "name": "Haruki KaiJe"
        },
        {
            "id": "100081957279553",
            "count": 0,
            "name": "Thùy Linh"
        },
        {
            "id": "100075242769816",
            "count": 0,
            "name": "Trần Trinh"
        },
        {
            "id": "100048500084522",
            "count": 0,
            "name": "Phạm Hoàng"
        },
        {
            "id": "100089441290181",
            "count": 0,
            "name": "Phuongg Anhh"
        },
        {
            "id": "100051610569851",
            "count": 0,
            "name": "Thế Dii"
        },
        {
            "id": "61551992072661",
            "count": 0,
            "name": "Ngo Ynhi"
        },
        {
            "id": "100093125060579",
            "count": 0,
            "name": "TrMinh Hằng"
        },
        {
            "id": "100080385212350",
            "count": 0,
            "name": "Dao Nhy"
        },
        {
            "id": "100086449328376",
            "count": 0,
            "name": "Ng Bao Chau"
        },
        {
            "id": "100088243874439",
            "count": 0,
            "name": "Nguyễn Hữu Nam"
        },
        {
            "id": "100042161316930",
            "count": 0,
            "name": "Nhi Yen"
        },
        {
            "id": "100089005271194",
            "count": 0,
            "name": "Tuyet Ly"
        },
        {
            "id": "100073933104445",
            "count": 0,
            "name": "Tấn Hưng"
        },
        {
            "id": "100083987015175",
            "count": 0,
            "name": "Mai Thảo Linh"
        },
        {
            "id": "100053425394885",
            "count": 0,
            "name": "Phạm Quân"
        },
        {
            "id": "61560536510713",
            "count": 0,
            "name": "Phạm Hoàng"
        },
        {
            "id": "100015407850790",
            "count": 0,
            "name": "Mỹ Uyên"
        },
        {
            "id": "100056966298331",
            "count": 0,
            "name": "Huy Quách"
        },
        {
            "id": "100094315988144",
            "count": 0,
            "name": "Datus Vũ"
        },
        {
            "id": "61556804361097",
            "count": 0,
            "name": "Bảo Như"
        },
        {
            "id": "100093457726402",
            "count": 0,
            "name": "Phú Quý"
        },
        {
            "id": "100024059252355",
            "count": 0,
            "name": "Hắc'z Hàn'z Thiên'z Ken'z"
        },
        {
            "id": "100070125471177",
            "count": 0,
            "name": "Khương Senju"
        },
        {
            "id": "100073669545523",
            "count": 0,
            "name": "Cẩm Tú"
        },
        {
            "id": "100093980943637",
            "count": 0,
            "name": "Ng Meo"
        },
        {
            "id": "61554180436540",
            "count": 0,
            "name": "Nguyễn Mai Phương"
        },
        {
            "id": "61559668371307",
            "count": 0,
            "name": "Ng Ngoc Kien"
        },
        {
            "id": "100070510131465",
            "count": 0,
            "name": "Minh Tiến"
        },
        {
            "id": "100024710273576",
            "count": 0,
            "name": "Anh Duy"
        },
        {
            "id": "100066601013712",
            "count": 0,
            "name": "Ng Quoc Duy"
        },
        {
            "id": "100080659790274",
            "count": 0,
            "name": "Huy Nguyen"
        },
        {
            "id": "100042692722071",
            "count": 0,
            "name": "Quân Trần"
        },
        {
            "id": "100057969236139",
            "count": 0,
            "name": "Nguyễn Xuân"
        },
        {
            "id": "100089773960004",
            "count": 0,
            "name": "Nông Đức Phương"
        },
        {
            "id": "100092866153831",
            "count": 0,
            "name": "Hoang Anh"
        },
        {
            "id": "100092847241589",
            "count": 0,
            "name": "Lan Hương"
        },
        {
            "id": "100090442144044",
            "count": 0,
            "name": "Lươn Long"
        },
        {
            "id": "100047931136517",
            "count": 0,
            "name": "Nguyễn Uyên"
        },
        {
            "id": "61564728104378",
            "count": 0,
            "name": "Nguyễn Duy Khang"
        },
        {
            "id": "61554389242171",
            "count": 0,
            "name": "Mei Mei"
        },
        {
            "id": "61565914014080",
            "count": 0,
            "name": "Đỗ Chương"
        },
        {
            "id": "100083904625176",
            "count": 0,
            "name": "Vũ Tấn Sang"
        },
        {
            "id": "100081575093912",
            "count": 0,
            "name": "Tiến Dũng"
        },
        {
            "id": "100089978268595",
            "count": 0,
            "name": "Kỳ Võ"
        },
        {
            "id": "100048042410425",
            "count": 0,
            "name": "Sang Đâyy"
        },
        {
            "id": "61554998052079",
            "count": 0,
            "name": "The Anh"
        },
        {
            "id": "100035200203714",
            "count": 0,
            "name": "Nguyễn Kiệt"
        },
        {
            "id": "100025154850337",
            "count": 0,
            "name": "Huỳnh Fasp"
        },
        {
            "id": "100010919689005",
            "count": 0,
            "name": "Huỳnh Thị Ngọc Hân"
        },
        {
            "id": "100029227354949",
            "count": 0,
            "name": "Ngân Hà"
        },
        {
            "id": "100077983241214",
            "count": 0,
            "name": "Lê Trung Kiên"
        },
        {
            "id": "100016990576118",
            "count": 0,
            "name": "Nguyễn Tấn Tài"
        },
        {
            "id": "61556481058187",
            "count": 0,
            "name": "Lọ Vương"
        },
        {
            "id": "100089229744312",
            "count": 0,
            "name": "Hoàng Gia Hưng"
        },
        {
            "id": "100084026364018",
            "count": 0,
            "name": "Gia Linh"
        },
        {
            "id": "61558117404405",
            "count": 0,
            "name": "Vu Dinh"
        },
        {
            "id": "100094565803959",
            "count": 0,
            "name": "Ng Minhh Huyy"
        },
        {
            "id": "100077018405888",
            "count": 0,
            "name": "Người dùng Facebook"
        },
        {
            "id": "61565620945956",
            "count": 0,
            "name": "Oggy Ham Chơi"
        },
        {
            "id": "100081778688981",
            "count": 0,
            "name": "Meo Meo"
        },
        {
            "id": "100080394669987",
            "count": 0,
            "name": "Dương Phạm Hồng Minh"
        },
        {
            "id": "100027768580144",
            "count": 0,
            "name": "Ngô Bá Hoàng"
        },
        {
            "id": "100088240059661",
            "count": 0,
            "name": "Thủy Tiên"
        },
        {
            "id": "100048339459805",
            "count": 0,
            "name": "Thế Quang"
        },
        {
            "id": "100076541752924",
            "count": 0,
            "name": "Trương Nhật Hạ"
        },
        {
            "id": "100087128565622",
            "count": 0,
            "name": "Tiềncóthểmất Còn Emthìkhông"
        },
        {
            "id": "100033452295665",
            "count": 0,
            "name": "Dũng Master"
        },
        {
            "id": "100088850898000",
            "count": 0,
            "name": "Thanh Hà"
        },
        {
            "id": "100084132683901",
            "count": 0,
            "name": "Hồ Nguyễn Quỳnh Như"
        },
        {
            "id": "100082505712056",
            "count": 0,
            "name": "Nguyễn Phước Vĩnh"
        },
        {
            "id": "61557528907053",
            "count": 0,
            "name": "Gia Linh"
        },
        {
            "id": "100083373048758",
            "count": 0,
            "name": "Nguyễn Dũng"
        },
        {
            "id": "61551375358654",
            "count": 0,
            "name": "Trí Vui Vẻ"
        },
        {
            "id": "61557749425209",
            "count": 0,
            "name": "Khánh Đăng"
        },
        {
            "id": "100094619921183",
            "count": 0,
            "name": "Ngyn Tthor"
        },
        {
            "id": "100090364364277",
            "count": 0,
            "name": "Đào Hải."
        },
        {
            "id": "100085624031542",
            "count": 0,
            "name": "Nguyễn Hiếu"
        },
        {
            "id": "100073491678834",
            "count": 0,
            "name": "Nờ Vờ Tờ"
        },
        {
            "id": "100077103529572",
            "count": 0,
            "name": "Cơm Nắm"
        },
        {
            "id": "100084450965181",
            "count": 0,
            "name": "Võ Trần Ly Na"
        },
        {
            "id": "61566621248153",
            "count": 0,
            "name": "Nhã Chii"
        },
        {
            "id": "100082113848576",
            "count": 0,
            "name": "Tran Thai Nguyen"
        },
        {
            "id": "100071320504807",
            "count": 0,
            "name": "Long Nguyễn"
        },
        {
            "id": "100092607631901",
            "count": 0,
            "name": "Trần Mạnh Tùng"
        },
        {
            "id": "61553617704763",
            "count": 0,
            "name": "Hoàng Đặng"
        }
    ],
    "day": [
        {
            "id": "61552556703089",
            "count": 0,
            "name": "Thu Phương"
        },
        {
            "id": "100074392909474",
            "count": 0,
            "name": "Haruki KaiJe"
        },
        {
            "id": "100081957279553",
            "count": 0,
            "name": "Thùy Linh"
        },
        {
            "id": "100075242769816",
            "count": 0,
            "name": "Trần Trinh"
        },
        {
            "id": "100048500084522",
            "count": 0,
            "name": "Phạm Hoàng"
        },
        {
            "id": "100089441290181",
            "count": 0,
            "name": "Phuongg Anhh"
        },
        {
            "id": "100051610569851",
            "count": 0,
            "name": "Thế Dii"
        },
        {
            "id": "61551992072661",
            "count": 0,
            "name": "Ngo Ynhi"
        },
        {
            "id": "100093125060579",
            "count": 0,
            "name": "TrMinh Hằng"
        },
        {
            "id": "100080385212350",
            "count": 0,
            "name": "Dao Nhy"
        },
        {
            "id": "100086449328376",
            "count": 0,
            "name": "Ng Bao Chau"
        },
        {
            "id": "100088243874439",
            "count": 0,
            "name": "Nguyễn Hữu Nam"
        },
        {
            "id": "100042161316930",
            "count": 0,
            "name": "Nhi Yen"
        },
        {
            "id": "100089005271194",
            "count": 0,
            "name": "Tuyet Ly"
        },
        {
            "id": "100073933104445",
            "count": 0,
            "name": "Tấn Hưng"
        },
        {
            "id": "100083987015175",
            "count": 0,
            "name": "Mai Thảo Linh"
        },
        {
            "id": "100053425394885",
            "count": 0,
            "name": "Phạm Quân"
        },
        {
            "id": "61560536510713",
            "count": 0,
            "name": "Phạm Hoàng"
        },
        {
            "id": "100015407850790",
            "count": 0,
            "name": "Mỹ Uyên"
        },
        {
            "id": "100056966298331",
            "count": 0,
            "name": "Huy Quách"
        },
        {
            "id": "100094315988144",
            "count": 0,
            "name": "Datus Vũ"
        },
        {
            "id": "61556804361097",
            "count": 0,
            "name": "Bảo Như"
        },
        {
            "id": "100093457726402",
            "count": 0,
            "name": "Phú Quý"
        },
        {
            "id": "100024059252355",
            "count": 0,
            "name": "Hắc'z Hàn'z Thiên'z Ken'z"
        },
        {
            "id": "100070125471177",
            "count": 0,
            "name": "Khương Senju"
        },
        {
            "id": "100073669545523",
            "count": 0,
            "name": "Cẩm Tú"
        },
        {
            "id": "100093980943637",
            "count": 0,
            "name": "Ng Meo"
        },
        {
            "id": "61554180436540",
            "count": 0,
            "name": "Nguyễn Mai Phương"
        },
        {
            "id": "61559668371307",
            "count": 0,
            "name": "Ng Ngoc Kien"
        },
        {
            "id": "100070510131465",
            "count": 0,
            "name": "Minh Tiến"
        },
        {
            "id": "100024710273576",
            "count": 0,
            "name": "Anh Duy"
        },
        {
            "id": "100066601013712",
            "count": 0,
            "name": "Ng Quoc Duy"
        },
        {
            "id": "100080659790274",
            "count": 0,
            "name": "Huy Nguyen"
        },
        {
            "id": "100042692722071",
            "count": 0,
            "name": "Quân Trần"
        },
        {
            "id": "100057969236139",
            "count": 0,
            "name": "Nguyễn Xuân"
        },
        {
            "id": "100089773960004",
            "count": 0,
            "name": "Nông Đức Phương"
        },
        {
            "id": "100092866153831",
            "count": 0,
            "name": "Hoang Anh"
        },
        {
            "id": "100092847241589",
            "count": 0,
            "name": "Lan Hương"
        },
        {
            "id": "100090442144044",
            "count": 0,
            "name": "Lươn Long"
        },
        {
            "id": "100047931136517",
            "count": 0,
            "name": "Nguyễn Uyên"
        },
        {
            "id": "61564728104378",
            "count": 0,
            "name": "Nguyễn Duy Khang"
        },
        {
            "id": "61554389242171",
            "count": 0,
            "name": "Mei Mei"
        },
        {
            "id": "61565914014080",
            "count": 0,
            "name": "Đỗ Chương"
        },
        {
            "id": "100083904625176",
            "count": 0,
            "name": "Vũ Tấn Sang"
        },
        {
            "id": "100081575093912",
            "count": 0,
            "name": "Tiến Dũng"
        },
        {
            "id": "100089978268595",
            "count": 0,
            "name": "Kỳ Võ"
        },
        {
            "id": "100048042410425",
            "count": 0,
            "name": "Sang Đâyy"
        },
        {
            "id": "61554998052079",
            "count": 0,
            "name": "The Anh"
        },
        {
            "id": "100035200203714",
            "count": 0,
            "name": "Nguyễn Kiệt"
        },
        {
            "id": "100025154850337",
            "count": 0,
            "name": "Huỳnh Fasp"
        },
        {
            "id": "100010919689005",
            "count": 0,
            "name": "Huỳnh Thị Ngọc Hân"
        },
        {
            "id": "100029227354949",
            "count": 0,
            "name": "Ngân Hà"
        },
        {
            "id": "100077983241214",
            "count": 0,
            "name": "Lê Trung Kiên"
        },
        {
            "id": "100016990576118",
            "count": 0,
            "name": "Nguyễn Tấn Tài"
        },
        {
            "id": "61556481058187",
            "count": 0,
            "name": "Lọ Vương"
        },
        {
            "id": "100089229744312",
            "count": 0,
            "name": "Hoàng Gia Hưng"
        },
        {
            "id": "100084026364018",
            "count": 0,
            "name": "Gia Linh"
        },
        {
            "id": "61558117404405",
            "count": 0,
            "name": "Vu Dinh"
        },
        {
            "id": "100094565803959",
            "count": 0,
            "name": "Ng Minhh Huyy"
        },
        {
            "id": "100077018405888",
            "count": 0,
            "name": "Cậu Ba"
        },
        {
            "id": "61565620945956",
            "count": 0,
            "name": "Oggy Ham Chơi"
        },
        {
            "id": "100081778688981",
            "count": 0,
            "name": "Meo Meo"
        },
        {
            "id": "100080394669987",
            "count": 0,
            "name": "Dương Phạm Hồng Minh"
        },
        {
            "id": "100027768580144",
            "count": 0,
            "name": "Ngô Bá Hoàng"
        },
        {
            "id": "100088240059661",
            "count": 0,
            "name": "Thủy Tiên"
        },
        {
            "id": "100048339459805",
            "count": 0,
            "name": "Thế Quang"
        },
        {
            "id": "100076541752924",
            "count": 0,
            "name": "Trương Nhật Hạ"
        },
        {
            "id": "100087128565622",
            "count": 0,
            "name": "Tiềncóthểmất Còn Emthìkhông"
        },
        {
            "id": "100033452295665",
            "count": 0,
            "name": "Dũng Master"
        },
        {
            "id": "100088850898000",
            "count": 0,
            "name": "Thanh Hà"
        },
        {
            "id": "100084132683901",
            "count": 0,
            "name": "Hồ Nguyễn Quỳnh Như"
        },
        {
            "id": "100082505712056",
            "count": 0,
            "name": "Nguyễn Phước Vĩnh"
        },
        {
            "id": "61557528907053",
            "count": 0,
            "name": "Gia Linh"
        },
        {
            "id": "100083373048758",
            "count": 0,
            "name": "Nguyễn Dũng"
        },
        {
            "id": "61551375358654",
            "count": 0,
            "name": "Trí Vui Vẻ"
        },
        {
            "id": "61557749425209",
            "count": 0,
            "name": "Khánh Đăng"
        },
        {
            "id": "100094619921183",
            "count": 0,
            "name": "Ngyn Tthor"
        },
        {
            "id": "100090364364277",
            "count": 0,
            "name": "Đào Hải."
        },
        {
            "id": "100085624031542",
            "count": 0,
            "name": "Nguyễn Hiếu"
        },
        {
            "id": "100073491678834",
            "count": 0,
            "name": "Nờ Vờ Tờ"
        },
        {
            "id": "100077103529572",
            "count": 0,
            "name": "Cơm Nắm"
        },
        {
            "id": "100084450965181",
            "count": 0,
            "name": "Võ Trần Ly Na"
        },
        {
            "id": "61566621248153",
            "count": 0,
            "name": "Nhã Chii"
        },
        {
            "id": "100082113848576",
            "count": 0,
            "name": "Tran Thai Nguyen"
        },
        {
            "id": "100071320504807",
            "count": 0,
            "name": "Long Nguyễn"
        },
        {
            "id": "100092607631901",
            "count": 0,
            "name": "Trần Mạnh Tùng"
        },
        {
            "id": "61553617704763",
            "count": 0,
            "name": "Hoàng Đặng"
        }
    ],
    "time": 6,
    "last": {
        "time": 5,
        "day": [
            {
                "id": "61552556703089",
                "count": 0
            },
            {
                "id": "100074392909474",
                "count": 0
            },
            {
                "id": "100081957279553",
                "count": 0
            },
            {
                "id": "100075242769816",
                "count": 0
            },
            {
                "id": "100048500084522",
                "count": 0
            },
            {
                "id": "100089441290181",
                "count": 0
            },
            {
                "id": "100051610569851",
                "count": 0
            },
            {
                "id": "61551992072661",
                "count": 0
            },
            {
                "id": "100093125060579",
                "count": 0
            },
            {
                "id": "100080385212350",
                "count": 0
            },
            {
                "id": "100086449328376",
                "count": 0
            },
            {
                "id": "100088243874439",
                "count": 0
            },
            {
                "id": "100042161316930",
                "count": 0
            },
            {
                "id": "100089005271194",
                "count": 0
            },
            {
                "id": "100073933104445",
                "count": 0
            },
            {
                "id": "100083987015175",
                "count": 0
            },
            {
                "id": "100053425394885",
                "count": 0
            },
            {
                "id": "61560536510713",
                "count": 0
            },
            {
                "id": "100015407850790",
                "count": 0
            },
            {
                "id": "100056966298331",
                "count": 0
            },
            {
                "id": "100094315988144",
                "count": 0
            },
            {
                "id": "61556804361097",
                "count": 0
            },
            {
                "id": "100093457726402",
                "count": 0
            },
            {
                "id": "100024059252355",
                "count": 0
            },
            {
                "id": "100070125471177",
                "count": 0
            },
            {
                "id": "100073669545523",
                "count": 0
            },
            {
                "id": "100093980943637",
                "count": 0
            },
            {
                "id": "61554180436540",
                "count": 0
            },
            {
                "id": "61559668371307",
                "count": 0
            },
            {
                "id": "100070510131465",
                "count": 0
            },
            {
                "id": "100024710273576",
                "count": 0
            },
            {
                "id": "100066601013712",
                "count": 0
            },
            {
                "id": "100080659790274",
                "count": 0
            },
            {
                "id": "100042692722071",
                "count": 0
            },
            {
                "id": "100057969236139",
                "count": 0
            },
            {
                "id": "100089773960004",
                "count": 0
            },
            {
                "id": "100092866153831",
                "count": 0
            },
            {
                "id": "100092847241589",
                "count": 0
            },
            {
                "id": "100090442144044",
                "count": 0
            },
            {
                "id": "100047931136517",
                "count": 0
            },
            {
                "id": "61564728104378",
                "count": 0
            },
            {
                "id": "61554389242171",
                "count": 0
            },
            {
                "id": "61565914014080",
                "count": 0
            },
            {
                "id": "100083904625176",
                "count": 0
            },
            {
                "id": "100081575093912",
                "count": 0
            },
            {
                "id": "100089978268595",
                "count": 0
            },
            {
                "id": "100048042410425",
                "count": 0
            },
            {
                "id": "61554998052079",
                "count": 0
            },
            {
                "id": "100035200203714",
                "count": 0
            },
            {
                "id": "100025154850337",
                "count": 0
            },
            {
                "id": "100010919689005",
                "count": 0
            },
            {
                "id": "100029227354949",
                "count": 0
            },
            {
                "id": "100077983241214",
                "count": 0
            },
            {
                "id": "100016990576118",
                "count": 0
            },
            {
                "id": "61556481058187",
                "count": 0
            },
            {
                "id": "100089229744312",
                "count": 0
            },
            {
                "id": "100084026364018",
                "count": 0
            },
            {
                "id": "61558117404405",
                "count": 0
            },
            {
                "id": "100094565803959",
                "count": 0
            },
            {
                "id": "100077018405888",
                "count": 0
            },
            {
                "id": "61565620945956",
                "count": 0
            },
            {
                "id": "100081778688981",
                "count": 0
            },
            {
                "id": "100080394669987",
                "count": 0
            },
            {
                "id": "100027768580144",
                "count": 0
            },
            {
                "id": "100088240059661",
                "count": 0
            },
            {
                "id": "100048339459805",
                "count": 0
            },
            {
                "id": "100076541752924",
                "count": 0
            },
            {
                "id": "100087128565622",
                "count": 0
            },
            {
                "id": "100033452295665",
                "count": 0
            },
            {
                "id": "100088850898000",
                "count": 0
            },
            {
                "id": "100084132683901",
                "count": 0
            },
            {
                "id": "100082505712056",
                "count": 0
            },
            {
                "id": "61557528907053",
                "count": 0
            },
            {
                "id": "100083373048758",
                "count": 0
            },
            {
                "id": "61551375358654",
                "count": 0
            },
            {
                "id": "61557749425209",
                "count": 0
            },
            {
                "id": "100094619921183",
                "count": 0
            },
            {
                "id": "100090364364277",
                "count": 0
            },
            {
                "id": "100085624031542",
                "count": 0
            },
            {
                "id": "100073491678834",
                "count": 0
            },
            {
                "id": "100077103529572",
                "count": 0
            },
            {
                "id": "100084450965181",
                "count": 0
            },
            {
                "id": "61566621248153",
                "count": 0
            },
            {
                "id": "100082113848576",
                "count": 0
            },
            {
                "id": "100071320504807",
                "count": 0
            },
            {
                "id": "100092607631901",
                "count": 0
            },
            {
                "id": "61553617704763",
                "count": 0
            }
        ],
        "week": [
            {
                "id": "61552556703089",
                "count": 0
            },
            {
                "id": "100074392909474",
                "count": 0
            },
            {
                "id": "100081957279553",
                "count": 0
            },
            {
                "id": "100075242769816",
                "count": 0
            },
            {
                "id": "100048500084522",
                "count": 0
            },
            {
                "id": "100089441290181",
                "count": 0
            },
            {
                "id": "100051610569851",
                "count": 0
            },
            {
                "id": "61551992072661",
                "count": 0
            },
            {
                "id": "100093125060579",
                "count": 0
            },
            {
                "id": "100080385212350",
                "count": 0
            },
            {
                "id": "100086449328376",
                "count": 0
            },
            {
                "id": "100088243874439",
                "count": 0
            },
            {
                "id": "100042161316930",
                "count": 0
            },
            {
                "id": "100089005271194",
                "count": 0
            },
            {
                "id": "100073933104445",
                "count": 0
            },
            {
                "id": "100083987015175",
                "count": 0
            },
            {
                "id": "100053425394885",
                "count": 0
            },
            {
                "id": "61560536510713",
                "count": 0
            },
            {
                "id": "100015407850790",
                "count": 0
            },
            {
                "id": "100056966298331",
                "count": 0
            },
            {
                "id": "100094315988144",
                "count": 0
            },
            {
                "id": "61556804361097",
                "count": 0
            },
            {
                "id": "100093457726402",
                "count": 0
            },
            {
                "id": "100024059252355",
                "count": 0
            },
            {
                "id": "100070125471177",
                "count": 0
            },
            {
                "id": "100073669545523",
                "count": 0
            },
            {
                "id": "100093980943637",
                "count": 0
            },
            {
                "id": "61554180436540",
                "count": 0
            },
            {
                "id": "61559668371307",
                "count": 0
            },
            {
                "id": "100070510131465",
                "count": 0
            },
            {
                "id": "100024710273576",
                "count": 0
            },
            {
                "id": "100066601013712",
                "count": 0
            },
            {
                "id": "100080659790274",
                "count": 0
            },
            {
                "id": "100042692722071",
                "count": 0
            },
            {
                "id": "100057969236139",
                "count": 0
            },
            {
                "id": "100089773960004",
                "count": 0
            },
            {
                "id": "100092866153831",
                "count": 0
            },
            {
                "id": "100092847241589",
                "count": 0
            },
            {
                "id": "100090442144044",
                "count": 0
            },
            {
                "id": "100047931136517",
                "count": 0
            },
            {
                "id": "61564728104378",
                "count": 0
            },
            {
                "id": "61554389242171",
                "count": 0
            },
            {
                "id": "61565914014080",
                "count": 0
            },
            {
                "id": "100083904625176",
                "count": 0
            },
            {
                "id": "100081575093912",
                "count": 0
            },
            {
                "id": "100089978268595",
                "count": 0
            },
            {
                "id": "100048042410425",
                "count": 0
            },
            {
                "id": "61554998052079",
                "count": 0
            },
            {
                "id": "100035200203714",
                "count": 0
            },
            {
                "id": "100025154850337",
                "count": 0
            },
            {
                "id": "100010919689005",
                "count": 0
            },
            {
                "id": "100029227354949",
                "count": 0
            },
            {
                "id": "100077983241214",
                "count": 0
            },
            {
                "id": "100016990576118",
                "count": 0
            },
            {
                "id": "61556481058187",
                "count": 0
            },
            {
                "id": "100089229744312",
                "count": 0
            },
            {
                "id": "100084026364018",
                "count": 0
            },
            {
                "id": "61558117404405",
                "count": 0
            },
            {
                "id": "100094565803959",
                "count": 0
            },
            {
                "id": "100077018405888",
                "count": 0
            },
            {
                "id": "61565620945956",
                "count": 0
            },
            {
                "id": "100081778688981",
                "count": 0
            },
            {
                "id": "100080394669987",
                "count": 0
            },
            {
                "id": "100027768580144",
                "count": 0
            },
            {
                "id": "100088240059661",
                "count": 0
            },
            {
                "id": "100048339459805",
                "count": 0
            },
            {
                "id": "100076541752924",
                "count": 0
            },
            {
                "id": "100087128565622",
                "count": 0
            },
            {
                "id": "100033452295665",
                "count": 0
            },
            {
                "id": "100088850898000",
                "count": 0
            },
            {
                "id": "100084132683901",
                "count": 0
            },
            {
                "id": "100082505712056",
                "count": 0
            },
            {
                "id": "61557528907053",
                "count": 0
            },
            {
                "id": "100083373048758",
                "count": 0
            },
            {
                "id": "61551375358654",
                "count": 0
            },
            {
                "id": "61557749425209",
                "count": 0
            },
            {
                "id": "100094619921183",
                "count": 0
            },
            {
                "id": "100090364364277",
                "count": 0
            },
            {
                "id": "100085624031542",
                "count": 0
            },
            {
                "id": "100073491678834",
                "count": 0
            },
            {
                "id": "100077103529572",
                "count": 0
            },
            {
                "id": "100084450965181",
                "count": 0
            },
            {
                "id": "61566621248153",
                "count": 0
            },
            {
                "id": "100082113848576",
                "count": 0
            },
            {
                "id": "100071320504807",
                "count": 0
            },
            {
                "id": "100092607631901",
                "count": 0
            },
            {
                "id": "61553617704763",
                "count": 0
            }
        ]
    }
}