{
    "total": [
        {
            "id": "100090661027311",
            "count": 0
        },
        {
            "id": "100088075717081",
            "count": 0
        },
        {
            "id": "61559913942247",
            "count": 0
        },
        {
            "id": "61559481644265",
            "count": 0
        },
        {
            "id": "61551115466726",
            "count": 0
        },
        {
            "id": "100068310322922",
            "count": 0
        },
        {
            "id": "61558206354825",
            "count": 0
        },
        {
            "id": "100090290920260",
            "count": 0
        },
        {
            "id": "61557515199523",
            "count": 54
        },
        {
            "id": "61556679083116",
            "count": 0
        },
        {
            "id": "100081800184423",
            "count": 0
        },
        {
            "id": "100086311992194",
            "count": 0
        },
        {
            "id": "61556890000064",
            "count": 0
        },
        {
            "id": "100094758110916",
            "count": 0
        },
        {
            "id": "100090150005796",
            "count": 5
        },
        {
            "id": "100063997624101",
            "count": 0
        },
        {
            "id": "100038407339535",
            "count": 0
        },
        {
            "id": "100088829590365",
            "count": 0
        },
        {
            "id": "61560808146073",
            "count": 1
        },
        {
            "id": "100076150328323",
            "count": 0
        },
        {
            "id": "61553895372040",
            "count": 0
        },
        {
            "id": "100072996883620",
            "count": 0
        },
        {
            "id": "100044133309734",
            "count": 0
        },
        {
            "id": "100093651019644",
            "count": 0
        },
        {
            "id": "100092377123077",
            "count": 6
        },
        {
            "id": "100088706172019",
            "count": 0
        },
        {
            "id": "100075537618551",
            "count": 0
        },
        {
            "id": "61554458733009",
            "count": 0
        },
        {
            "id": "100089237418957",
            "count": 0
        },
        {
            "id": "100094057930793",
            "count": 0
        },
        {
            "id": "100089047200811",
            "count": 0
        },
        {
            "id": "61550253125751",
            "count": 0
        },
        {
            "id": "61554370333571",
            "count": 0
        },
        {
            "id": "100081426894026",
            "count": 19
        },
        {
            "id": "100050198660533",
            "count": 0
        },
        {
            "id": "100073720237931",
            "count": 0
        },
        {
            "id": "100068772337272",
            "count": 0
        },
        {
            "id": "61557680652839",
            "count": 0
        },
        {
            "id": "100095411376043",
            "count": 108
        },
        {
            "id": "61550902723344",
            "count": 9
        },
        {
            "id": "100094298684385",
            "count": 0
        },
        {
            "id": "61564261760977",
            "count": 1
        },
        {
            "id": "61566171307981",
            "count": 0
        },
        {
            "id": "61555270187698",
            "count": 19
        },
        {
            "id": "100090575630487",
            "count": 0
        },
        {
            "id": "61554831976962",
            "count": 0
        },
        {
            "id": "61562444370446",
            "count": 0
        },
        {
            "id": "61550913637411",
            "count": 0
        },
        {
            "id": "100092366358203",
            "count": 0
        },
        {
            "id": "61563787385133",
            "count": 0
        },
        {
            "id": "61563548404773",
            "count": 0
        },
        {
            "id": "100028703512349",
            "count": 0
        },
        {
            "id": "61550205552257",
            "count": 0
        },
        {
            "id": "61555293484612",
            "count": 0
        },
        {
            "id": "61566616525721",
            "count": 0
        },
        {
            "id": "61564174282181",
            "count": 0
        },
        {
            "id": "61563857201345",
            "count": 0
        },
        {
            "id": "61552927475749",
            "count": 0
        },
        {
            "id": "61551705401359",
            "count": 0
        },
        {
            "id": "61564671766669",
            "count": 0
        },
        {
            "id": "61557382722583",
            "count": 0
        },
        {
            "id": "61562091987629",
            "count": 0
        },
        {
            "id": "100090309608901",
            "count": 0
        },
        {
            "id": "100095417537298",
            "count": 0
        },
        {
            "id": "61550111159239",
            "count": 0
        },
        {
            "id": "61558920418877",
            "count": 0
        },
        {
            "id": "61551679126209",
            "count": 0
        },
        {
            "id": "61566412528773",
            "count": 0
        },
        {
            "id": "61558151791384",
            "count": 0
        },
        {
            "id": "61557374953220",
            "count": 0
        },
        {
            "id": "61554146550078",
            "count": 0
        },
        {
            "id": "100081632653695",
            "count": 0
        },
        {
            "id": "100037088704775",
            "count": 0
        },
        {
            "id": "100070070105600",
            "count": 0
        },
        {
            "id": "61554004115089",
            "count": 0
        },
        {
            "id": "61554489873365",
            "count": 0
        },
        {
            "id": "100073820229698",
            "count": 0
        },
        {
            "id": "100087875244467",
            "count": 0
        },
        {
            "id": "61561670416212",
            "count": 0
        },
        {
            "id": "61564531567600",
            "count": 0
        },
        {
            "id": "100077991220100",
            "count": 0
        },
        {
            "id": "100070267494202",
            "count": 0
        },
        {
            "id": "61551034473616",
            "count": 2
        },
        {
            "id": "100065331112398",
            "count": 1
        },
        {
            "id": "100088832431424",
            "count": 0
        },
        {
            "id": "100093996164003",
            "count": 0
        },
        {
            "id": "100089761170669",
            "count": 0
        },
        {
            "id": "100081617071495",
            "count": 0
        },
        {
            "id": "100049964985716",
            "count": 6
        },
        {
            "id": "100049938788341",
            "count": 0
        },
        {
            "id": "61566388316771",
            "count": 56
        },
        {
            "id": "100075732633607",
            "count": 39
        },
        {
            "id": "100092084245808",
            "count": 0
        },
        {
            "id": "100079228304113",
            "count": 9
        },
        {
            "id": "61555440697562",
            "count": 0
        },
        {
            "id": "61552484224004",
            "count": 0
        },
        {
            "id": "61550762293722",
            "count": 0
        },
        {
            "id": "61558632054643",
            "count": 0
        },
        {
            "id": "100054558266481",
            "count": 0
        },
        {
            "id": "61566095810237",
            "count": 0
        },
        {
            "id": "61556711284457",
            "count": 20
        },
        {
            "id": "100080452395696",
            "count": 0
        },
        {
            "id": "61559079650241",
            "count": 20
        },
        {
            "id": "61561530282324",
            "count": 0
        },
        {
            "id": "100077321891403",
            "count": 0
        },
        {
            "id": "100090188258087",
            "count": 0
        },
        {
            "id": "100088148457886",
            "count": 8
        }
    ],
    "week": [
        {
            "id": "100090661027311",
            "count": 0,
            "name": "Nguyễn Hoàng Ân"
        },
        {
            "id": "100088075717081",
            "count": 0,
            "name": "Pham Thuann"
        },
        {
            "id": "61559913942247",
            "count": 0,
            "name": "Lê Vương Duy"
        },
        {
            "id": "61559481644265",
            "count": 0,
            "name": "Uchiha Ma"
        },
        {
            "id": "61551115466726",
            "count": 0,
            "name": "Đỗ Num"
        },
        {
            "id": "100068310322922",
            "count": 0,
            "name": "Anh Duc"
        },
        {
            "id": "61558206354825",
            "count": 0,
            "name": "Võ Tấn Sang"
        },
        {
            "id": "100090290920260",
            "count": 0,
            "name": "Tung Lo"
        },
        {
            "id": "61557515199523",
            "count": 0,
            "name": "Ngu Ngu"
        },
        {
            "id": "61556679083116",
            "count": 0,
            "name": "Nguyễn Nhật Hạ"
        },
        {
            "id": "100081800184423",
            "count": 0,
            "name": "Ngôn Mẫn"
        },
        {
            "id": "100086311992194",
            "count": 0,
            "name": "Nhân Tố Bí Ẩn's"
        },
        {
            "id": "61556890000064",
            "count": 0,
            "name": "Trung Khải"
        },
        {
            "id": "100094758110916",
            "count": 0,
            "name": "Tăng Xuân Việt"
        },
        {
            "id": "100090150005796",
            "count": 0,
            "name": "Nguyễn Bảo Lâm"
        },
        {
            "id": "100063997624101",
            "count": 0,
            "name": "Quốc Thảo"
        },
        {
            "id": "100038407339535",
            "count": 0,
            "name": "Lubnd Yêu'x"
        },
        {
            "id": "100088829590365",
            "count": 0,
            "name": "Đức Dep Trai"
        },
        {
            "id": "61560808146073",
            "count": 0,
            "name": "Tui Tên Hthanh Nè"
        },
        {
            "id": "100076150328323",
            "count": 0,
            "name": "Hoang Anh"
        },
        {
            "id": "61553895372040",
            "count": 0,
            "name": "Lê Hồng Thiên"
        },
        {
            "id": "100072996883620",
            "count": 0,
            "name": "Khôi Nguyễn"
        },
        {
            "id": "100044133309734",
            "count": 0,
            "name": "Tên Không"
        },
        {
            "id": "100093651019644",
            "count": 0,
            "name": "Trần Đăng Hải"
        },
        {
            "id": "100092377123077",
            "count": 0,
            "name": "Soo Met Roi"
        },
        {
            "id": "100088706172019",
            "count": 0,
            "name": "Trung Nguyễn"
        },
        {
            "id": "100075537618551",
            "count": 0,
            "name": "Tu Huy Thai"
        },
        {
            "id": "61554458733009",
            "count": 0,
            "name": "Hoàng Nguyễn"
        },
        {
            "id": "100089237418957",
            "count": 0,
            "name": "Kemm Vani"
        },
        {
            "id": "100094057930793",
            "count": 0,
            "name": "Lam Le"
        },
        {
            "id": "100089047200811",
            "count": 0,
            "name": "Lê Vũ"
        },
        {
            "id": "61550253125751",
            "count": 0,
            "name": "Hoàng Đức"
        },
        {
            "id": "61554370333571",
            "count": 0,
            "name": "Lê Phát"
        },
        {
            "id": "100081426894026",
            "count": 0,
            "name": "TD Huy"
        },
        {
            "id": "100050198660533",
            "count": 0,
            "name": "Quang Khôi Nguyên"
        },
        {
            "id": "100073720237931",
            "count": 0,
            "name": "Pozz Chanh"
        },
        {
            "id": "100068772337272",
            "count": 0,
            "name": "Duy Nguyễn"
        },
        {
            "id": "61557680652839",
            "count": 0,
            "name": "Nguyễn Hoà"
        },
        {
            "id": "100095411376043",
            "count": 0,
            "name": "ユイ タン"
        },
        {
            "id": "61550902723344",
            "count": 0,
            "name": "Rui Nguyễn"
        },
        {
            "id": "100094298684385",
            "count": 0,
            "name": "Corn Cho"
        },
        {
            "id": "61564261760977",
            "count": 0,
            "name": "Hồ Kha"
        },
        {
            "id": "61566171307981",
            "count": 0,
            "name": "Huy Quang"
        },
        {
            "id": "61555270187698",
            "count": 0,
            "name": "Võ Tài"
        },
        {
            "id": "100090575630487",
            "count": 0,
            "name": "Lừa Đảo Cút"
        },
        {
            "id": "61554831976962",
            "count": 0,
            "name": "Nak Nek"
        },
        {
            "id": "61562444370446",
            "count": 0,
            "name": "Hai Erm"
        },
        {
            "id": "61550913637411",
            "count": 0,
            "name": "Huỳnh Nam"
        },
        {
            "id": "100092366358203",
            "count": 0,
            "name": "Wibu Muchiro"
        },
        {
            "id": "61563787385133",
            "count": 0,
            "name": "Phạm Ming"
        },
        {
            "id": "61563548404773",
            "count": 0,
            "name": "Huỳnh Nguyễn Trang Đài"
        },
        {
            "id": "100028703512349",
            "count": 0,
            "name": "Thiên Phú"
        },
        {
            "id": "61550205552257",
            "count": 0,
            "name": "Quang Hùng"
        },
        {
            "id": "61555293484612",
            "count": 0,
            "name": "Võ Nhật Huy"
        },
        {
            "id": "61566616525721",
            "count": 0,
            "name": "Hung Blox Hungkhanh"
        },
        {
            "id": "61564174282181",
            "count": 0,
            "name": "Phạm Minh Phúc"
        },
        {
            "id": "61563857201345",
            "count": 0,
            "name": "Khánh Duy"
        },
        {
            "id": "61552927475749",
            "count": 0,
            "name": "Hoàng Bảo"
        },
        {
            "id": "61551705401359",
            "count": 0,
            "name": "Trọng Saboiz"
        },
        {
            "id": "61564671766669",
            "count": 0,
            "name": "Ka Zu"
        },
        {
            "id": "61557382722583",
            "count": 0,
            "name": "Thân Hưng"
        },
        {
            "id": "61562091987629",
            "count": 0,
            "name": "Bevis Nguyen"
        },
        {
            "id": "100090309608901",
            "count": 0,
            "name": "Quốc Việt"
        },
        {
            "id": "100095417537298",
            "count": 0,
            "name": "Dũng Dương"
        },
        {
            "id": "61550111159239",
            "count": 0,
            "name": "Phạm Bảo"
        },
        {
            "id": "61558920418877",
            "count": 0,
            "name": "Minhh Nhựt"
        },
        {
            "id": "61551679126209",
            "count": 0,
            "name": "Phờ Mờ"
        },
        {
            "id": "61566412528773",
            "count": 0,
            "name": "Huy Vo"
        },
        {
            "id": "61558151791384",
            "count": 0,
            "name": "Đỗ Bảo"
        },
        {
            "id": "61557374953220",
            "count": 0,
            "name": "Hoàng Bảo"
        },
        {
            "id": "61554146550078",
            "count": 0,
            "name": "Lý Hữu Chí"
        },
        {
            "id": "100081632653695",
            "count": 0,
            "name": "Phúc Thịnh"
        },
        {
            "id": "100037088704775",
            "count": 0,
            "name": "Lộc Phan"
        },
        {
            "id": "100070070105600",
            "count": 0,
            "name": "He He He"
        },
        {
            "id": "61554004115089",
            "count": 0,
            "name": "Minh Tú"
        },
        {
            "id": "61554489873365",
            "count": 0,
            "name": "Nam Nam"
        },
        {
            "id": "100073820229698",
            "count": 0,
            "name": "Hiếu Viết Trọng Lê"
        },
        {
            "id": "100087875244467",
            "count": 0,
            "name": "Gà Rán"
        },
        {
            "id": "61561670416212",
            "count": 0,
            "name": "Đỗ Chí Hoài"
        },
        {
            "id": "61564531567600",
            "count": 0,
            "name": "Thanh Điền Quách"
        },
        {
            "id": "100077991220100",
            "count": 0,
            "name": "Đan Tất Thuận"
        },
        {
            "id": "100070267494202",
            "count": 0,
            "name": "Hứa Điệp"
        },
        {
            "id": "61551034473616",
            "count": 0,
            "name": "Nhật Huy"
        },
        {
            "id": "100065331112398",
            "count": 0,
            "name": "Genya Shinazugawa"
        },
        {
            "id": "100088832431424",
            "count": 0,
            "name": "Minh Vũ"
        },
        {
            "id": "100093996164003",
            "count": 0,
            "name": "Mạnh Cươngg"
        },
        {
            "id": "100089761170669",
            "count": 0,
            "name": "ZTrongz Phuoc"
        },
        {
            "id": "100081617071495",
            "count": 0,
            "name": "Thành Công"
        },
        {
            "id": "100049964985716",
            "count": 0,
            "name": "Trần Ngân"
        },
        {
            "id": "100049938788341",
            "count": 0,
            "name": "Hoàng Long"
        },
        {
            "id": "61566388316771",
            "count": 0,
            "name": "Nguyễn Gia Khang"
        },
        {
            "id": "100075732633607",
            "count": 0,
            "name": "Duy Hảo"
        },
        {
            "id": "100092084245808",
            "count": 0,
            "name": "Long Note"
        },
        {
            "id": "100079228304113",
            "count": 0,
            "name": "Trần Quang Cư"
        },
        {
            "id": "61555440697562",
            "count": 0,
            "name": "Le Gia Bach"
        },
        {
            "id": "61552484224004",
            "count": 0,
            "name": "Thanh Hoà"
        },
        {
            "id": "61550762293722",
            "count": 0,
            "name": "Đào Nhật Minh"
        },
        {
            "id": "61558632054643",
            "count": 0,
            "name": "Đào Minh"
        },
        {
            "id": "100054558266481",
            "count": 0,
            "name": "Duy Phong"
        },
        {
            "id": "61566095810237",
            "count": 0,
            "name": "Phạm Huy"
        },
        {
            "id": "61556711284457",
            "count": 0,
            "name": "Trung Nguyễn"
        },
        {
            "id": "100080452395696",
            "count": 0,
            "name": "Hồ Gia Bảo"
        },
        {
            "id": "61559079650241",
            "count": 0,
            "name": "Nguyễn Thanh Tùng"
        },
        {
            "id": "61561530282324",
            "count": 0,
            "name": "Roronoa Xoro"
        },
        {
            "id": "100077321891403",
            "count": 0,
            "name": "Nguyễn Mun"
        },
        {
            "id": "100090188258087",
            "count": 0,
            "name": "Bao An"
        },
        {
            "id": "100088148457886",
            "count": 0,
            "name": "Hữu Quyết"
        }
    ],
    "day": [
        {
            "id": "100090661027311",
            "count": 0,
            "name": "Nguyễn Hoàng Ân"
        },
        {
            "id": "100088075717081",
            "count": 0,
            "name": "Pham Thuann"
        },
        {
            "id": "61559913942247",
            "count": 0,
            "name": "Lê Vương Duy"
        },
        {
            "id": "61559481644265",
            "count": 0,
            "name": "Uchiha Ma"
        },
        {
            "id": "61551115466726",
            "count": 0,
            "name": "Đỗ Num"
        },
        {
            "id": "100068310322922",
            "count": 0,
            "name": "Anh Duc"
        },
        {
            "id": "61558206354825",
            "count": 0,
            "name": "Võ Tấn Sang"
        },
        {
            "id": "100090290920260",
            "count": 0,
            "name": "Tung Lo"
        },
        {
            "id": "61557515199523",
            "count": 0,
            "name": "Ngu Ngu"
        },
        {
            "id": "61556679083116",
            "count": 0,
            "name": "Nguyễn Nhật Hạ"
        },
        {
            "id": "100081800184423",
            "count": 0,
            "name": "Ngôn Mẫn"
        },
        {
            "id": "100086311992194",
            "count": 0,
            "name": "Nhân Tố Bí Ẩn's"
        },
        {
            "id": "61556890000064",
            "count": 0,
            "name": "Trung Khải"
        },
        {
            "id": "100094758110916",
            "count": 0,
            "name": "Tăng Xuân Việt"
        },
        {
            "id": "100090150005796",
            "count": 0,
            "name": "Nguyễn Bảo Lâm"
        },
        {
            "id": "100063997624101",
            "count": 0,
            "name": "Quốc Thảo"
        },
        {
            "id": "100038407339535",
            "count": 0,
            "name": "Lubnd Yêu'x"
        },
        {
            "id": "100088829590365",
            "count": 0,
            "name": "Đức Dep Trai"
        },
        {
            "id": "61560808146073",
            "count": 0,
            "name": "Tui Tên Hthanh Nè"
        },
        {
            "id": "100076150328323",
            "count": 0,
            "name": "Hoang Anh"
        },
        {
            "id": "61553895372040",
            "count": 0,
            "name": "Lê Hồng Thiên"
        },
        {
            "id": "100072996883620",
            "count": 0,
            "name": "Khôi Nguyễn"
        },
        {
            "id": "100044133309734",
            "count": 0,
            "name": "Tên Không"
        },
        {
            "id": "100093651019644",
            "count": 0,
            "name": "Trần Đăng Hải"
        },
        {
            "id": "100092377123077",
            "count": 0,
            "name": "Soo Met Roi"
        },
        {
            "id": "100088706172019",
            "count": 0,
            "name": "Trung Nguyễn"
        },
        {
            "id": "100075537618551",
            "count": 0,
            "name": "Tu Huy Thai"
        },
        {
            "id": "61554458733009",
            "count": 0,
            "name": "Hoàng Nguyễn"
        },
        {
            "id": "100089237418957",
            "count": 0,
            "name": "Kemm Vani"
        },
        {
            "id": "100094057930793",
            "count": 0,
            "name": "Lam Le"
        },
        {
            "id": "100089047200811",
            "count": 0,
            "name": "Lê Vũ"
        },
        {
            "id": "61550253125751",
            "count": 0,
            "name": "Hoàng Đức"
        },
        {
            "id": "61554370333571",
            "count": 0,
            "name": "Lê Phát"
        },
        {
            "id": "100081426894026",
            "count": 0,
            "name": "TD Huy"
        },
        {
            "id": "100050198660533",
            "count": 0,
            "name": "Quang Khôi Nguyên"
        },
        {
            "id": "100073720237931",
            "count": 0,
            "name": "Pozz Chanh"
        },
        {
            "id": "100068772337272",
            "count": 0,
            "name": "Duy Nguyễn"
        },
        {
            "id": "61557680652839",
            "count": 0,
            "name": "Nguyễn Hoà"
        },
        {
            "id": "100095411376043",
            "count": 0,
            "name": "ユイ タン"
        },
        {
            "id": "61550902723344",
            "count": 0,
            "name": "Rui Nguyễn"
        },
        {
            "id": "100094298684385",
            "count": 0,
            "name": "Corn Cho"
        },
        {
            "id": "61564261760977",
            "count": 0,
            "name": "Hồ Kha"
        },
        {
            "id": "61566171307981",
            "count": 0,
            "name": "Huy Quang"
        },
        {
            "id": "61555270187698",
            "count": 0,
            "name": "Võ Tài"
        },
        {
            "id": "100090575630487",
            "count": 0,
            "name": "Lừa Đảo Cút"
        },
        {
            "id": "61554831976962",
            "count": 0,
            "name": "Nak Nek"
        },
        {
            "id": "61562444370446",
            "count": 0,
            "name": "Hai Erm"
        },
        {
            "id": "61550913637411",
            "count": 0,
            "name": "Huỳnh Nam"
        },
        {
            "id": "100092366358203",
            "count": 0,
            "name": "Wibu Muchiro"
        },
        {
            "id": "61563787385133",
            "count": 0,
            "name": "Phạm Ming"
        },
        {
            "id": "61563548404773",
            "count": 0,
            "name": "Huỳnh Nguyễn Trang Đài"
        },
        {
            "id": "100028703512349",
            "count": 0,
            "name": "Thiên Phú"
        },
        {
            "id": "61550205552257",
            "count": 0,
            "name": "Quang Hùng"
        },
        {
            "id": "61555293484612",
            "count": 0,
            "name": "Võ Nhật Huy"
        },
        {
            "id": "61566616525721",
            "count": 0,
            "name": "Hung Blox Hungkhanh"
        },
        {
            "id": "61564174282181",
            "count": 0,
            "name": "Phạm Minh Phúc"
        },
        {
            "id": "61563857201345",
            "count": 0,
            "name": "Khánh Duy"
        },
        {
            "id": "61552927475749",
            "count": 0,
            "name": "Hoàng Bảo"
        },
        {
            "id": "61551705401359",
            "count": 0,
            "name": "Trọng Saboiz"
        },
        {
            "id": "61564671766669",
            "count": 0,
            "name": "Ka Zu"
        },
        {
            "id": "61557382722583",
            "count": 0,
            "name": "Thân Hưng"
        },
        {
            "id": "61562091987629",
            "count": 0,
            "name": "Bevis Nguyen"
        },
        {
            "id": "100090309608901",
            "count": 0,
            "name": "Quốc Việt"
        },
        {
            "id": "100095417537298",
            "count": 0,
            "name": "Dũng Dương"
        },
        {
            "id": "61550111159239",
            "count": 0,
            "name": "Phạm Bảo"
        },
        {
            "id": "61558920418877",
            "count": 0,
            "name": "Minhh Nhựt"
        },
        {
            "id": "61551679126209",
            "count": 0,
            "name": "Phờ Mờ"
        },
        {
            "id": "61566412528773",
            "count": 0,
            "name": "Huy Vo"
        },
        {
            "id": "61558151791384",
            "count": 0,
            "name": "Đỗ Bảo"
        },
        {
            "id": "61557374953220",
            "count": 0,
            "name": "Hoàng Bảo"
        },
        {
            "id": "61554146550078",
            "count": 0,
            "name": "Lý Hữu Chí"
        },
        {
            "id": "100081632653695",
            "count": 0,
            "name": "Phúc Thịnh"
        },
        {
            "id": "100037088704775",
            "count": 0,
            "name": "Lộc Phan"
        },
        {
            "id": "100070070105600",
            "count": 0,
            "name": "He He He"
        },
        {
            "id": "61554004115089",
            "count": 0,
            "name": "Minh Tú"
        },
        {
            "id": "61554489873365",
            "count": 0,
            "name": "Nam Nam"
        },
        {
            "id": "100073820229698",
            "count": 0,
            "name": "Hiếu Viết Trọng Lê"
        },
        {
            "id": "100087875244467",
            "count": 0,
            "name": "Gà Rán"
        },
        {
            "id": "61561670416212",
            "count": 0,
            "name": "Đỗ Chí Hoài"
        },
        {
            "id": "61564531567600",
            "count": 0,
            "name": "Thanh Điền Quách"
        },
        {
            "id": "100077991220100",
            "count": 0,
            "name": "Đan Tất Thuận"
        },
        {
            "id": "100070267494202",
            "count": 0,
            "name": "Hứa Điệp"
        },
        {
            "id": "61551034473616",
            "count": 0,
            "name": "Nhật Huy"
        },
        {
            "id": "100065331112398",
            "count": 0,
            "name": "Genya Shinazugawa"
        },
        {
            "id": "100088832431424",
            "count": 0,
            "name": "Minh Vũ"
        },
        {
            "id": "100093996164003",
            "count": 0,
            "name": "Mạnh Cươngg"
        },
        {
            "id": "100089761170669",
            "count": 0,
            "name": "ZTrongz Phuoc"
        },
        {
            "id": "100081617071495",
            "count": 0,
            "name": "Thành Công"
        },
        {
            "id": "100049964985716",
            "count": 0,
            "name": "Trần Ngân"
        },
        {
            "id": "100049938788341",
            "count": 0,
            "name": "Hoàng Long"
        },
        {
            "id": "61566388316771",
            "count": 0,
            "name": "Nguyễn Gia Khang"
        },
        {
            "id": "100075732633607",
            "count": 0,
            "name": "Duy Hảo"
        },
        {
            "id": "100092084245808",
            "count": 0,
            "name": "Long Note"
        },
        {
            "id": "100079228304113",
            "count": 0,
            "name": "Trần Quang Cư"
        },
        {
            "id": "61555440697562",
            "count": 0,
            "name": "Le Gia Bach"
        },
        {
            "id": "61552484224004",
            "count": 0,
            "name": "Thanh Hoà"
        },
        {
            "id": "61550762293722",
            "count": 0,
            "name": "Đào Nhật Minh"
        },
        {
            "id": "61558632054643",
            "count": 0,
            "name": "Đào Minh"
        },
        {
            "id": "100054558266481",
            "count": 0,
            "name": "Duy Phong"
        },
        {
            "id": "61566095810237",
            "count": 0,
            "name": "Phạm Huy"
        },
        {
            "id": "61556711284457",
            "count": 0,
            "name": "Trung Nguyễn"
        },
        {
            "id": "100080452395696",
            "count": 0,
            "name": "Hồ Gia Bảo"
        },
        {
            "id": "61559079650241",
            "count": 0,
            "name": "Nguyễn Thanh Tùng"
        },
        {
            "id": "61561530282324",
            "count": 0,
            "name": "Roronoa Xoro"
        },
        {
            "id": "100077321891403",
            "count": 0,
            "name": "Nguyễn Mun"
        },
        {
            "id": "100090188258087",
            "count": 0,
            "name": "Bao An"
        },
        {
            "id": "100088148457886",
            "count": 0,
            "name": "Hữu Quyết"
        }
    ],
    "time": 6,
    "last": {
        "time": 4,
        "day": [
            {
                "id": "100090661027311",
                "count": 0
            },
            {
                "id": "61552676705798",
                "count": 0
            },
            {
                "id": "100088075717081",
                "count": 0
            },
            {
                "id": "61559913942247",
                "count": 0
            },
            {
                "id": "61559481644265",
                "count": 0
            },
            {
                "id": "61551115466726",
                "count": 0
            },
            {
                "id": "100068310322922",
                "count": 0
            },
            {
                "id": "61558206354825",
                "count": 0
            },
            {
                "id": "100090290920260",
                "count": 0
            },
            {
                "id": "61557515199523",
                "count": 0
            },
            {
                "id": "61556679083116",
                "count": 0
            },
            {
                "id": "100081800184423",
                "count": 0
            },
            {
                "id": "100086311992194",
                "count": 0
            },
            {
                "id": "61556890000064",
                "count": 0
            },
            {
                "id": "100094758110916",
                "count": 0
            },
            {
                "id": "100090150005796",
                "count": 0
            },
            {
                "id": "100063997624101",
                "count": 0
            },
            {
                "id": "100038407339535",
                "count": 0
            },
            {
                "id": "100088829590365",
                "count": 0
            },
            {
                "id": "61560808146073",
                "count": 0
            },
            {
                "id": "100076150328323",
                "count": 0
            },
            {
                "id": "61553895372040",
                "count": 0
            },
            {
                "id": "100072996883620",
                "count": 0
            },
            {
                "id": "100044133309734",
                "count": 0
            },
            {
                "id": "100093651019644",
                "count": 0
            },
            {
                "id": "100092377123077",
                "count": 0
            },
            {
                "id": "100088706172019",
                "count": 0
            },
            {
                "id": "100075537618551",
                "count": 0
            },
            {
                "id": "61554458733009",
                "count": 0
            },
            {
                "id": "100089237418957",
                "count": 0
            },
            {
                "id": "100094057930793",
                "count": 0
            },
            {
                "id": "100089047200811",
                "count": 0
            },
            {
                "id": "61550253125751",
                "count": 0
            },
            {
                "id": "61554370333571",
                "count": 0
            },
            {
                "id": "100081426894026",
                "count": 0
            },
            {
                "id": "100050198660533",
                "count": 0
            },
            {
                "id": "100073720237931",
                "count": 0
            },
            {
                "id": "100068772337272",
                "count": 0
            },
            {
                "id": "61557680652839",
                "count": 0
            },
            {
                "id": "100095411376043",
                "count": 0
            },
            {
                "id": "61550902723344",
                "count": 0
            },
            {
                "id": "100094298684385",
                "count": 0
            },
            {
                "id": "61564261760977",
                "count": 0
            },
            {
                "id": "61566171307981",
                "count": 0
            },
            {
                "id": "61555270187698",
                "count": 0
            },
            {
                "id": "100090575630487",
                "count": 0
            },
            {
                "id": "61554831976962",
                "count": 0
            },
            {
                "id": "61562444370446",
                "count": 0
            },
            {
                "id": "61550913637411",
                "count": 0
            },
            {
                "id": "100092366358203",
                "count": 0
            },
            {
                "id": "61563787385133",
                "count": 0
            },
            {
                "id": "61563548404773",
                "count": 0
            },
            {
                "id": "100028703512349",
                "count": 0
            },
            {
                "id": "61550205552257",
                "count": 0
            },
            {
                "id": "61555293484612",
                "count": 0
            },
            {
                "id": "61566616525721",
                "count": 0
            },
            {
                "id": "61564174282181",
                "count": 0
            },
            {
                "id": "61563857201345",
                "count": 0
            },
            {
                "id": "61552927475749",
                "count": 0
            },
            {
                "id": "61551705401359",
                "count": 0
            },
            {
                "id": "61564671766669",
                "count": 0
            },
            {
                "id": "61557382722583",
                "count": 0
            },
            {
                "id": "61562091987629",
                "count": 0
            },
            {
                "id": "100090309608901",
                "count": 0
            },
            {
                "id": "100095417537298",
                "count": 0
            },
            {
                "id": "61550111159239",
                "count": 0
            },
            {
                "id": "61558920418877",
                "count": 0
            },
            {
                "id": "61551679126209",
                "count": 0
            },
            {
                "id": "61566412528773",
                "count": 0
            },
            {
                "id": "61558151791384",
                "count": 0
            },
            {
                "id": "61557374953220",
                "count": 0
            },
            {
                "id": "61554146550078",
                "count": 0
            },
            {
                "id": "100081632653695",
                "count": 0
            },
            {
                "id": "100037088704775",
                "count": 0
            },
            {
                "id": "100070070105600",
                "count": 0
            },
            {
                "id": "61554004115089",
                "count": 0
            },
            {
                "id": "61554489873365",
                "count": 0
            },
            {
                "id": "100073820229698",
                "count": 0
            },
            {
                "id": "100087875244467",
                "count": 0
            },
            {
                "id": "61561670416212",
                "count": 0
            },
            {
                "id": "61564531567600",
                "count": 0
            },
            {
                "id": "100077991220100",
                "count": 0
            },
            {
                "id": "100070267494202",
                "count": 0
            },
            {
                "id": "61551034473616",
                "count": 0
            },
            {
                "id": "100065331112398",
                "count": 0
            },
            {
                "id": "100088832431424",
                "count": 0
            },
            {
                "id": "100093996164003",
                "count": 0
            },
            {
                "id": "100089761170669",
                "count": 0
            },
            {
                "id": "100081617071495",
                "count": 0
            },
            {
                "id": "100049964985716",
                "count": 0
            },
            {
                "id": "100049938788341",
                "count": 0
            },
            {
                "id": "61566388316771",
                "count": 0
            },
            {
                "id": "100075732633607",
                "count": 0
            },
            {
                "id": "100092084245808",
                "count": 0
            },
            {
                "id": "100079228304113",
                "count": 0
            },
            {
                "id": "61555440697562",
                "count": 0
            },
            {
                "id": "61552484224004",
                "count": 0
            },
            {
                "id": "61550762293722",
                "count": 0
            },
            {
                "id": "61558632054643",
                "count": 0
            },
            {
                "id": "100054558266481",
                "count": 0
            },
            {
                "id": "61566095810237",
                "count": 0
            },
            {
                "id": "61556711284457",
                "count": 0
            },
            {
                "id": "100080452395696",
                "count": 0
            },
            {
                "id": "61559079650241",
                "count": 0
            },
            {
                "id": "61561530282324",
                "count": 0
            },
            {
                "id": "100077321891403",
                "count": 0
            },
            {
                "id": "100090188258087",
                "count": 0
            },
            {
                "id": "100088148457886",
                "count": 0
            }
        ],
        "week": [
            {
                "id": "100090661027311",
                "count": 0
            },
            {
                "id": "61552676705798",
                "count": 0
            },
            {
                "id": "100088075717081",
                "count": 0
            },
            {
                "id": "61559913942247",
                "count": 0
            },
            {
                "id": "61559481644265",
                "count": 0
            },
            {
                "id": "61551115466726",
                "count": 0
            },
            {
                "id": "100068310322922",
                "count": 0
            },
            {
                "id": "61558206354825",
                "count": 0
            },
            {
                "id": "100090290920260",
                "count": 0
            },
            {
                "id": "61557515199523",
                "count": 0
            },
            {
                "id": "61556679083116",
                "count": 0
            },
            {
                "id": "100081800184423",
                "count": 0
            },
            {
                "id": "100086311992194",
                "count": 0
            },
            {
                "id": "61556890000064",
                "count": 0
            },
            {
                "id": "100094758110916",
                "count": 0
            },
            {
                "id": "100090150005796",
                "count": 0
            },
            {
                "id": "100063997624101",
                "count": 0
            },
            {
                "id": "100038407339535",
                "count": 0
            },
            {
                "id": "100088829590365",
                "count": 0
            },
            {
                "id": "61560808146073",
                "count": 0
            },
            {
                "id": "100076150328323",
                "count": 0
            },
            {
                "id": "61553895372040",
                "count": 0
            },
            {
                "id": "100072996883620",
                "count": 0
            },
            {
                "id": "100044133309734",
                "count": 0
            },
            {
                "id": "100093651019644",
                "count": 0
            },
            {
                "id": "100092377123077",
                "count": 0
            },
            {
                "id": "100088706172019",
                "count": 0
            },
            {
                "id": "100075537618551",
                "count": 0
            },
            {
                "id": "61554458733009",
                "count": 0
            },
            {
                "id": "100089237418957",
                "count": 0
            },
            {
                "id": "100094057930793",
                "count": 0
            },
            {
                "id": "100089047200811",
                "count": 0
            },
            {
                "id": "61550253125751",
                "count": 0
            },
            {
                "id": "61554370333571",
                "count": 0
            },
            {
                "id": "100081426894026",
                "count": 0
            },
            {
                "id": "100050198660533",
                "count": 0
            },
            {
                "id": "100073720237931",
                "count": 0
            },
            {
                "id": "100068772337272",
                "count": 0
            },
            {
                "id": "61557680652839",
                "count": 0
            },
            {
                "id": "100095411376043",
                "count": 0
            },
            {
                "id": "61550902723344",
                "count": 0
            },
            {
                "id": "100094298684385",
                "count": 0
            },
            {
                "id": "61564261760977",
                "count": 0
            },
            {
                "id": "61566171307981",
                "count": 0
            },
            {
                "id": "61555270187698",
                "count": 0
            },
            {
                "id": "100090575630487",
                "count": 0
            },
            {
                "id": "61554831976962",
                "count": 0
            },
            {
                "id": "61562444370446",
                "count": 0
            },
            {
                "id": "61550913637411",
                "count": 0
            },
            {
                "id": "100092366358203",
                "count": 0
            },
            {
                "id": "61563787385133",
                "count": 0
            },
            {
                "id": "61563548404773",
                "count": 0
            },
            {
                "id": "100028703512349",
                "count": 0
            },
            {
                "id": "61550205552257",
                "count": 0
            },
            {
                "id": "61555293484612",
                "count": 0
            },
            {
                "id": "61566616525721",
                "count": 0
            },
            {
                "id": "61564174282181",
                "count": 0
            },
            {
                "id": "61563857201345",
                "count": 0
            },
            {
                "id": "61552927475749",
                "count": 0
            },
            {
                "id": "61551705401359",
                "count": 0
            },
            {
                "id": "61564671766669",
                "count": 0
            },
            {
                "id": "61557382722583",
                "count": 0
            },
            {
                "id": "61562091987629",
                "count": 0
            },
            {
                "id": "100090309608901",
                "count": 0
            },
            {
                "id": "100095417537298",
                "count": 0
            },
            {
                "id": "61550111159239",
                "count": 0
            },
            {
                "id": "61558920418877",
                "count": 0
            },
            {
                "id": "61551679126209",
                "count": 0
            },
            {
                "id": "61566412528773",
                "count": 0
            },
            {
                "id": "61558151791384",
                "count": 0
            },
            {
                "id": "61557374953220",
                "count": 0
            },
            {
                "id": "61554146550078",
                "count": 0
            },
            {
                "id": "100081632653695",
                "count": 0
            },
            {
                "id": "100037088704775",
                "count": 0
            },
            {
                "id": "100070070105600",
                "count": 0
            },
            {
                "id": "61554004115089",
                "count": 0
            },
            {
                "id": "61554489873365",
                "count": 0
            },
            {
                "id": "100073820229698",
                "count": 0
            },
            {
                "id": "100087875244467",
                "count": 0
            },
            {
                "id": "61561670416212",
                "count": 0
            },
            {
                "id": "61564531567600",
                "count": 0
            },
            {
                "id": "100077991220100",
                "count": 0
            },
            {
                "id": "100070267494202",
                "count": 0
            },
            {
                "id": "61551034473616",
                "count": 0
            },
            {
                "id": "100065331112398",
                "count": 0
            },
            {
                "id": "100088832431424",
                "count": 0
            },
            {
                "id": "100093996164003",
                "count": 0
            },
            {
                "id": "100089761170669",
                "count": 0
            },
            {
                "id": "100081617071495",
                "count": 0
            },
            {
                "id": "100049964985716",
                "count": 0
            },
            {
                "id": "100049938788341",
                "count": 0
            },
            {
                "id": "61566388316771",
                "count": 0
            },
            {
                "id": "100075732633607",
                "count": 0
            },
            {
                "id": "100092084245808",
                "count": 0
            },
            {
                "id": "100079228304113",
                "count": 0
            },
            {
                "id": "61555440697562",
                "count": 0
            },
            {
                "id": "61552484224004",
                "count": 0
            },
            {
                "id": "61550762293722",
                "count": 0
            },
            {
                "id": "61558632054643",
                "count": 0
            },
            {
                "id": "100054558266481",
                "count": 0
            },
            {
                "id": "61566095810237",
                "count": 0
            },
            {
                "id": "61556711284457",
                "count": 0
            },
            {
                "id": "100080452395696",
                "count": 0
            },
            {
                "id": "61559079650241",
                "count": 0
            },
            {
                "id": "61561530282324",
                "count": 0
            },
            {
                "id": "100077321891403",
                "count": 0
            },
            {
                "id": "100090188258087",
                "count": 0
            },
            {
                "id": "100088148457886",
                "count": 0
            }
        ]
    }
}