{
    "total": [
        {
            "id": "100084513053653",
            "count": 0
        },
        {
            "id": "100089033040313",
            "count": 0
        },
        {
            "id": "61561530282324",
            "count": 2
        },
        {
            "id": "100001065197104",
            "count": 0
        },
        {
            "id": "61554566525707",
            "count": 0
        },
        {
            "id": "61561734688323",
            "count": 0
        },
        {
            "id": "61563984641001",
            "count": 0
        },
        {
            "id": "100009801367183",
            "count": 0
        },
        {
            "id": "61556666968083",
            "count": 0
        },
        {
            "id": "61565477512352",
            "count": 0
        },
        {
            "id": "100066821161126",
            "count": 0
        },
        {
            "id": "61556894156849",
            "count": 0
        },
        {
            "id": "100026542579416",
            "count": 0
        },
        {
            "id": "100087128565622",
            "count": 0
        },
        {
            "id": "100001402069099",
            "count": 0
        },
        {
            "id": "100080922802311",
            "count": 0
        },
        {
            "id": "61553349840198",
            "count": 0
        },
        {
            "id": "61556104662797",
            "count": 0
        },
        {
            "id": "100004752336149",
            "count": 0
        },
        {
            "id": "100027187763993",
            "count": 0
        },
        {
            "id": "100077018405888",
            "count": 0
        },
        {
            "id": "100001015776071",
            "count": 0
        },
        {
            "id": "61554805957250",
            "count": 0
        },
        {
            "id": "61556478680260",
            "count": 2
        },
        {
            "id": "100093852656737",
            "count": 0
        },
        {
            "id": "61554387913255",
            "count": 0
        },
        {
            "id": "100041369492342",
            "count": 0
        },
        {
            "id": "61564433031028",
            "count": 0
        },
        {
            "id": "61551380366574",
            "count": 0
        },
        {
            "id": "61553392607991",
            "count": 0
        },
        {
            "id": "100002240840457",
            "count": 0
        },
        {
            "id": "61558117404405",
            "count": 2
        }
    ],
    "week": [
        {
            "id": "100084513053653",
            "count": 0,
            "name": "Quoc Bảoo"
        },
        {
            "id": "100089033040313",
            "count": 0,
            "name": "Người dùng Facebook"
        },
        {
            "id": "61561530282324",
            "count": 0,
            "name": "Roronoa Xoro"
        },
        {
            "id": "100001065197104",
            "count": 0,
            "name": "Yeuu Emm Thuu Haa FAYBUC　NHUNG　LUC　ANH　RANH　ANH　HOC　CACH　BAN　QUI　PHAI　MOT　NGAY　DEP　TROI　TRAI　TIM　EM　BI　KHOA　ANH　MO　ROI　NHUNG　DAP　BAY　HAI　BA　LOVE　LOVE　LOVE　LOVE　LOVE　LOVE　TRICKER　BAT　TU　YEUEM　O　MOI　VU　TRU　ANH　THE　CHI　MUON　YEU　MINH　EM　THOI　I　LOOVEE　YOUU　CHIUCHIU　TRICKER　TRUM　FIFAI　YEU　EM　KHONG　PHAI - X"
        },
        {
            "id": "61554566525707",
            "count": 0,
            "name": "ꘂꔷꔷꖴ⃕⃔⃝⃯⃮ꖴ ꘖ̳̿᪱ꓢ̳̿ᷤꓰ̳̿ꙴꓓ̳̿ͩꓰ̳̿ͦꓝ̳̿ͦꘖ̳̿᪱ ꖴ⃕⃔⃝⃯⃮ꖴꔷꔷꘂ"
        },
        {
            "id": "61561734688323",
            "count": 0,
            "name": "Pham Duc Son"
        },
        {
            "id": "61563984641001",
            "count": 0,
            "name": "Nguyễn Cẩm Tú"
        },
        {
            "id": "100009801367183",
            "count": 0,
            "name": "Quyết Hoàng"
        },
        {
            "id": "61556666968083",
            "count": 0,
            "name": "Người dùng Facebook"
        },
        {
            "id": "61565477512352",
            "count": 0,
            "name": "Người dùng Facebook"
        },
        {
            "id": "100066821161126",
            "count": 0,
            "name": "Minh Nguyệtt"
        },
        {
            "id": "61556894156849",
            "count": 0,
            "name": "Em dạo này ổn không Còn đi làm ở công ty cũ Còn đi sớm về hôm nhưng mà đồng lương vẫn không khi đủ Đồng nghiệp của em thế nào trong thang máy có chào với nhau "
        },
        {
            "id": "100026542579416",
            "count": 0,
            "name": "Trịnh Nghĩa"
        },
        {
            "id": "100087128565622",
            "count": 0,
            "name": "Tiềncóthểmất Còn Emthìkhông"
        },
        {
            "id": "100001402069099",
            "count": 0,
            "name": "Tôi Tên Là Hổ Nhưng Tôi Không Đủ Ranh Mãnh 𓄂 Ăn Uống Thì Thanh Cảnh Tính Chẳng Đủ Lưu Manh Còn Tôi Tên Là Thỏ Tôi Không Ở Xa Lắm 𓃹 Sống Ở Bên Kia Đồi Bên Kia Đồi Xanh Xanh Voi Con Ơi Bạn Tôi Sao Lại Trông Suy Thế 𓃰 Đi Theo Hội Mình Nào Mình Cùng Hội Chung Phe"
        },
        {
            "id": "100080922802311",
            "count": 0,
            "name": "Mai Đình Tú"
        },
        {
            "id": "61553349840198",
            "count": 0,
            "name": "Mai Quốc Danh"
        },
        {
            "id": "61556104662797",
            "count": 0,
            "name": "Người dùng Facebook"
        },
        {
            "id": "100004752336149",
            "count": 0,
            "name": "Người dùng Facebook"
        },
        {
            "id": "100027187763993",
            "count": 0,
            "name": "Vũ Thành Trung"
        },
        {
            "id": "100077018405888",
            "count": 0,
            "name": "Người dùng Facebook"
        },
        {
            "id": "100001015776071",
            "count": 0,
            "name": "Dang Gia Khanh"
        },
        {
            "id": "61554805957250",
            "count": 0,
            "name": "Bố Là Khánh "
        },
        {
            "id": "61556478680260",
            "count": 0,
            "name": "Giaa Huyy"
        },
        {
            "id": "100093852656737",
            "count": 0,
            "name": "Đỗ QuốcAnh"
        },
        {
            "id": "61554387913255",
            "count": 0,
            "name": "Hương Quỳnh"
        },
        {
            "id": "100041369492342",
            "count": 0,
            "name": "Người dùng Facebook"
        },
        {
            "id": "61564433031028",
            "count": 0,
            "name": "Người dùng Facebook"
        },
        {
            "id": "61551380366574",
            "count": 0,
            "name": "পার্ক জিমিন"
        },
        {
            "id": "61553392607991",
            "count": 0,
            "name": "Phạm Vy"
        },
        {
            "id": "100002240840457",
            "count": 0,
            "name": "Người dùng Facebook"
        },
        {
            "id": "61558117404405",
            "count": 0,
            "name": "Vu Dinh"
        }
    ],
    "day": [
        {
            "id": "100084513053653",
            "count": 0,
            "name": "Quoc Bảoo"
        },
        {
            "id": "100089033040313",
            "count": 0,
            "name": "Nguyễn Đức Toàn"
        },
        {
            "id": "61561530282324",
            "count": 0,
            "name": "Roronoa Xoro"
        },
        {
            "id": "100001065197104",
            "count": 0,
            "name": "Yeuu Emm Thuu Haa FAYBUC　NHUNG　LUC　ANH　RANH　ANH　HOC　CACH　BAN　QUI　PHAI　MOT　NGAY　DEP　TROI　TRAI　TIM　EM　BI　KHOA　ANH　MO　ROI　NHUNG　DAP　BAY　HAI　BA　LOVE　LOVE　LOVE　LOVE　LOVE　LOVE　TRICKER　BAT　TU　YEUEM　O　MOI　VU　TRU　ANH　THE　CHI　MUON　YEU　MINH　EM　THOI　I　LOOVEE　YOUU　CHIUCHIU　TRICKER　TRUM　FIFAI　YEU　EM　KHONG　PHAI - X"
        },
        {
            "id": "61554566525707",
            "count": 0,
            "name": "ꘂꔷꔷꖴ⃕⃔⃝⃯⃮ꖴ ꘖ̳̿᪱ꓢ̳̿ᷤꓰ̳̿ꙴꓓ̳̿ͩꓰ̳̿ͦꓝ̳̿ͦꘖ̳̿᪱ ꖴ⃕⃔⃝⃯⃮ꖴꔷꔷꘂ"
        },
        {
            "id": "61561734688323",
            "count": 0,
            "name": "Pham Duc Son"
        },
        {
            "id": "61563984641001",
            "count": 0,
            "name": "Võ Chí Công"
        },
        {
            "id": "100009801367183",
            "count": 0,
            "name": "Quyết Hoàng"
        },
        {
            "id": "61556666968083",
            "count": 0,
            "name": "Người dùng Facebook"
        },
        {
            "id": "61565477512352",
            "count": 0,
            "name": "Người dùng Facebook"
        },
        {
            "id": "100066821161126",
            "count": 0,
            "name": "Minh Nguyệtt"
        },
        {
            "id": "61556894156849",
            "count": 0,
            "name": "Em dạo này ổn không Còn đi làm ở công ty cũ Còn đi sớm về hôm nhưng mà đồng lương vẫn không khi đủ Đồng nghiệp của em thế nào trong thang máy có chào với nhau "
        },
        {
            "id": "100026542579416",
            "count": 0,
            "name": "Trịnh Nghĩa"
        },
        {
            "id": "100087128565622",
            "count": 0,
            "name": "Tiềncóthểmất Còn Emthìkhông"
        },
        {
            "id": "100001402069099",
            "count": 0,
            "name": "Tôi Tên Là Hổ Nhưng Tôi Không Đủ Ranh Mãnh 𓄂 Ăn Uống Thì Thanh Cảnh Tính Chẳng Đủ Lưu Manh Còn Tôi Tên Là Thỏ Tôi Không Ở Xa Lắm 𓃹 Sống Ở Bên Kia Đồi Bên Kia Đồi Xanh Xanh Voi Con Ơi Bạn Tôi Sao Lại Trông Suy Thế 𓃰 Đi Theo Hội Mình Nào Mình Cùng Hội Chung Phe"
        },
        {
            "id": "100080922802311",
            "count": 0,
            "name": "Mai Đình Tú"
        },
        {
            "id": "61553349840198",
            "count": 0,
            "name": "Mai Quốc Danh"
        },
        {
            "id": "61556104662797",
            "count": 0,
            "name": "Người dùng Facebook"
        },
        {
            "id": "100004752336149",
            "count": 0,
            "name": "Người dùng Facebook"
        },
        {
            "id": "100027187763993",
            "count": 0,
            "name": "Vũ Thành Trung"
        },
        {
            "id": "100077018405888",
            "count": 0,
            "name": "Cậu Ba"
        },
        {
            "id": "100001015776071",
            "count": 0,
            "name": "Dang Gia Khanh"
        },
        {
            "id": "61554805957250",
            "count": 0,
            "name": "Bố Là Khánh "
        },
        {
            "id": "61556478680260",
            "count": 0,
            "name": "Giaa Huyy"
        },
        {
            "id": "100093852656737",
            "count": 0,
            "name": "Đỗ QuốcAnh"
        },
        {
            "id": "61554387913255",
            "count": 0,
            "name": "Hương Quỳnh"
        },
        {
            "id": "100041369492342",
            "count": 0,
            "name": "Người dùng Facebook"
        },
        {
            "id": "61564433031028",
            "count": 0,
            "name": "Người dùng Facebook"
        },
        {
            "id": "61551380366574",
            "count": 0,
            "name": "পার্ক জিমিন"
        },
        {
            "id": "61553392607991",
            "count": 0,
            "name": "Phạm Vy"
        },
        {
            "id": "100002240840457",
            "count": 0,
            "name": "Người dùng Facebook"
        },
        {
            "id": "61558117404405",
            "count": 0,
            "name": "Vu Dinh"
        }
    ],
    "time": 6,
    "last": {
        "time": 2,
        "day": [
            {
                "id": "100084513053653",
                "count": 0
            },
            {
                "id": "100089033040313",
                "count": 0
            },
            {
                "id": "61561530282324",
                "count": 0
            },
            {
                "id": "100001065197104",
                "count": 0
            },
            {
                "id": "61554566525707",
                "count": 0
            },
            {
                "id": "61561734688323",
                "count": 0
            },
            {
                "id": "61563984641001",
                "count": 0
            },
            {
                "id": "100009801367183",
                "count": 0
            },
            {
                "id": "100001113278043",
                "count": 0
            },
            {
                "id": "61556666968083",
                "count": 0
            },
            {
                "id": "61565477512352",
                "count": 0
            },
            {
                "id": "100066821161126",
                "count": 0
            },
            {
                "id": "61556894156849",
                "count": 0
            },
            {
                "id": "100026542579416",
                "count": 0
            },
            {
                "id": "100087128565622",
                "count": 0
            },
            {
                "id": "100001402069099",
                "count": 0
            },
            {
                "id": "100080922802311",
                "count": 0
            },
            {
                "id": "61553349840198",
                "count": 0
            },
            {
                "id": "61556104662797",
                "count": 0
            },
            {
                "id": "100004752336149",
                "count": 0
            },
            {
                "id": "100027187763993",
                "count": 0
            },
            {
                "id": "100077018405888",
                "count": 0
            },
            {
                "id": "100001015776071",
                "count": 0
            },
            {
                "id": "61554805957250",
                "count": 0
            },
            {
                "id": "61556478680260",
                "count": 0
            },
            {
                "id": "100093852656737",
                "count": 0
            },
            {
                "id": "61554387913255",
                "count": 0
            },
            {
                "id": "100041369492342",
                "count": 0
            },
            {
                "id": "61564433031028",
                "count": 0
            },
            {
                "id": "61551380366574",
                "count": 0
            },
            {
                "id": "61553392607991",
                "count": 0
            },
            {
                "id": "100002240840457",
                "count": 0
            },
            {
                "id": "61558117404405",
                "count": 0
            }
        ],
        "week": [
            {
                "id": "100084513053653",
                "count": 0
            },
            {
                "id": "100089033040313",
                "count": 0
            },
            {
                "id": "61561530282324",
                "count": 0
            },
            {
                "id": "100001065197104",
                "count": 0
            },
            {
                "id": "61554566525707",
                "count": 0
            },
            {
                "id": "61561734688323",
                "count": 0
            },
            {
                "id": "61563984641001",
                "count": 0
            },
            {
                "id": "100009801367183",
                "count": 0
            },
            {
                "id": "100001113278043",
                "count": 0
            },
            {
                "id": "61556666968083",
                "count": 0
            },
            {
                "id": "61565477512352",
                "count": 0
            },
            {
                "id": "100066821161126",
                "count": 0
            },
            {
                "id": "61556894156849",
                "count": 0
            },
            {
                "id": "100026542579416",
                "count": 0
            },
            {
                "id": "100087128565622",
                "count": 0
            },
            {
                "id": "100001402069099",
                "count": 0
            },
            {
                "id": "100080922802311",
                "count": 0
            },
            {
                "id": "61553349840198",
                "count": 0
            },
            {
                "id": "61556104662797",
                "count": 0
            },
            {
                "id": "100004752336149",
                "count": 0
            },
            {
                "id": "100027187763993",
                "count": 0
            },
            {
                "id": "100077018405888",
                "count": 0
            },
            {
                "id": "100001015776071",
                "count": 0
            },
            {
                "id": "61554805957250",
                "count": 0
            },
            {
                "id": "61556478680260",
                "count": 0
            },
            {
                "id": "100093852656737",
                "count": 0
            },
            {
                "id": "61554387913255",
                "count": 0
            },
            {
                "id": "100041369492342",
                "count": 0
            },
            {
                "id": "61564433031028",
                "count": 0
            },
            {
                "id": "61551380366574",
                "count": 0
            },
            {
                "id": "61553392607991",
                "count": 0
            },
            {
                "id": "100002240840457",
                "count": 0
            },
            {
                "id": "61558117404405",
                "count": 0
            }
        ]
    }
}