{
    "total": [
        {
            "id": "100054488794505",
            "count": 56
        },
        {
            "id": "100095344965804",
            "count": 9
        },
        {
            "id": "100024021579652",
            "count": 806
        },
        {
            "id": "61559215053820",
            "count": 5
        },
        {
            "id": "100065340383515",
            "count": 371
        },
        {
            "id": "100077582861755",
            "count": 80
        },
        {
            "id": "61558462072911",
            "count": 3
        },
        {
            "id": "100074744247696",
            "count": 4
        },
        {
            "id": "100083372341907",
            "count": 4
        },
        {
            "id": "100066137491230",
            "count": 258
        },
        {
            "id": "100071356656846",
            "count": 37
        },
        {
            "id": "100035549594570",
            "count": 5
        },
        {
            "id": "61556587680778",
            "count": 0
        },
        {
            "id": "100014580815881",
            "count": 147
        },
        {
            "id": "100067118920750",
            "count": 152
        },
        {
            "id": "61551710932600",
            "count": 17
        },
        {
            "id": "100033334403927",
            "count": 0
        },
        {
            "id": "100070258227112",
            "count": 0
        },
        {
            "id": "100038302173553",
            "count": 7
        },
        {
            "id": "100010479340836",
            "count": 4
        },
        {
            "id": "100094181447485",
            "count": 33
        },
        {
            "id": "61555781655662",
            "count": 10
        },
        {
            "id": "61551629793174",
            "count": 15
        },
        {
            "id": "61563041127574",
            "count": 0
        },
        {
            "id": "100045627200992",
            "count": 0
        },
        {
            "id": "100052530003007",
            "count": 0
        },
        {
            "id": "100077032407982",
            "count": 0
        },
        {
            "id": "100051461151643",
            "count": 10
        },
        {
            "id": "100086096239185",
            "count": 26
        },
        {
            "id": "100065031262309",
            "count": 91
        },
        {
            "id": "100028257619342",
            "count": 3
        },
        {
            "id": "61554505697690",
            "count": 4
        },
        {
            "id": "61560070722741",
            "count": 8
        },
        {
            "id": "100074649072169",
            "count": 21
        },
        {
            "id": "100083583466754",
            "count": 1
        },
        {
            "id": "100072067866501",
            "count": 24
        },
        {
            "id": "61559780565167",
            "count": 0
        },
        {
            "id": "100012298262777",
            "count": 3
        },
        {
            "id": "100029714543004",
            "count": 0
        },
        {
            "id": "100078502954709",
            "count": 1
        },
        {
            "id": "61552763527674",
            "count": 8
        },
        {
            "id": "100021679941284",
            "count": 0
        },
        {
            "id": "61550877123908",
            "count": 1
        },
        {
            "id": "100006460218715",
            "count": 5
        },
        {
            "id": "100012954368182",
            "count": 2
        },
        {
            "id": "100049483759424",
            "count": 0
        },
        {
            "id": "100028909369752",
            "count": 11
        },
        {
            "id": "100007099066023",
            "count": 12
        },
        {
            "id": "100015092651487",
            "count": 0
        },
        {
            "id": "61553962150623",
            "count": 4
        },
        {
            "id": "100040007032857",
            "count": 0
        },
        {
            "id": "100030887537188",
            "count": 0
        },
        {
            "id": "100027622682911",
            "count": 0
        },
        {
            "id": "100089594574917",
            "count": 32
        },
        {
            "id": "100082021354664",
            "count": 41
        },
        {
            "id": "100041429932269",
            "count": 0
        },
        {
            "id": "100068129684788",
            "count": 2
        },
        {
            "id": "100041092967527",
            "count": 102
        },
        {
            "id": "100017744312019",
            "count": 1
        },
        {
            "id": "100027139493055",
            "count": 0
        },
        {
            "id": "100026247211524",
            "count": 10
        },
        {
            "id": "100055529637163",
            "count": 1
        },
        {
            "id": "100027782749286",
            "count": 197
        },
        {
            "id": "100053381322467",
            "count": 1
        },
        {
            "id": "100052477851972",
            "count": 68
        },
        {
            "id": "100075881125222",
            "count": 0
        },
        {
            "id": "61555851563155",
            "count": 24
        },
        {
            "id": "100038173389450",
            "count": 0
        },
        {
            "id": "100067072875983",
            "count": 0
        },
        {
            "id": "739982161",
            "count": 1
        },
        {
            "id": "100081454870549",
            "count": 0
        },
        {
            "id": "100027527825462",
            "count": 0
        },
        {
            "id": "100083668160580",
            "count": 2
        },
        {
            "id": "100062937731775",
            "count": 0
        },
        {
            "id": "100067759355652",
            "count": 46
        },
        {
            "id": "61550023250275",
            "count": 0
        },
        {
            "id": "100024559572161",
            "count": 0
        },
        {
            "id": "100041223364528",
            "count": 0
        },
        {
            "id": "100047256979817",
            "count": 22
        },
        {
            "id": "100018685625067",
            "count": 0
        },
        {
            "id": "61557852266604",
            "count": 3
        },
        {
            "id": "100095015642254",
            "count": 53
        },
        {
            "id": "100072827499399",
            "count": 0
        },
        {
            "id": "100066457962914",
            "count": 2
        },
        {
            "id": "100086993817917",
            "count": 9
        },
        {
            "id": "100074953418340",
            "count": 0
        },
        {
            "id": "100035269200948",
            "count": 0
        },
        {
            "id": "61558009967869",
            "count": 22
        },
        {
            "id": "100078314892920",
            "count": 203
        },
        {
            "id": "100074512407772",
            "count": 3
        },
        {
            "id": "100010153117912",
            "count": 0
        },
        {
            "id": "100046905079762",
            "count": 411
        },
        {
            "id": "100078750285225",
            "count": 4
        },
        {
            "id": "100044566930777",
            "count": 16
        },
        {
            "id": "100022857551013",
            "count": 10
        },
        {
            "id": "100078887725243",
            "count": 28
        },
        {
            "id": "100084260606796",
            "count": 0
        },
        {
            "id": "100090177954245",
            "count": 1
        },
        {
            "id": "100014753147541",
            "count": 3
        },
        {
            "id": "100080636685906",
            "count": 338
        },
        {
            "id": "61565583343015",
            "count": 0
        },
        {
            "id": "100091517074123",
            "count": 10
        },
        {
            "id": "61550786115612",
            "count": 40
        },
        {
            "id": "100035721702661",
            "count": 76
        },
        {
            "id": "100055193160393",
            "count": 0
        },
        {
            "id": "61562594651900",
            "count": 8
        },
        {
            "id": "100021838206875",
            "count": 85
        },
        {
            "id": "100053895346442",
            "count": 254
        },
        {
            "id": "100091347105067",
            "count": 42
        },
        {
            "id": "61555762781780",
            "count": 0
        },
        {
            "id": "100093421013310",
            "count": 7
        },
        {
            "id": "100073066028881",
            "count": 0
        },
        {
            "id": "100038044943750",
            "count": 125
        },
        {
            "id": "100029123315746",
            "count": 33
        },
        {
            "id": "100039773019203",
            "count": 6
        },
        {
            "id": "61557236371107",
            "count": 0
        },
        {
            "id": "100068908041520",
            "count": 0
        },
        {
            "id": "100083960711478",
            "count": 43
        },
        {
            "id": "100087174198434",
            "count": 3
        },
        {
            "id": "100086574893197",
            "count": 125
        },
        {
            "id": "61567530611311",
            "count": 0
        },
        {
            "id": "100078207016243",
            "count": 158
        },
        {
            "id": "100022791130160",
            "count": 9
        },
        {
            "id": "100095368415782",
            "count": 28
        },
        {
            "id": "100045549341286",
            "count": 15
        },
        {
            "id": "100080504067924",
            "count": 7
        },
        {
            "id": "61554209349819",
            "count": 15
        },
        {
            "id": "100068368638456",
            "count": 33
        },
        {
            "id": "61552270257197",
            "count": 28
        },
        {
            "id": "100085752259195",
            "count": 4
        },
        {
            "id": "100055828396794",
            "count": 44
        },
        {
            "id": "100042307953149",
            "count": 47
        },
        {
            "id": "61559079650241",
            "count": 225
        },
        {
            "id": "61561530282324",
            "count": 50
        },
        {
            "id": "100069905671627",
            "count": 0
        },
        {
            "id": "61566826751267",
            "count": 0
        },
        {
            "id": "61558117404405",
            "count": 66
        },
        {
            "id": "100077107837245",
            "count": 20
        },
        {
            "id": "61552562192578",
            "count": 55
        },
        {
            "id": "100050348137350",
            "count": 7
        },
        {
            "id": "100070651527144",
            "count": 2
        },
        {
            "id": "100049324508101",
            "count": 12
        },
        {
            "id": "100060318818488",
            "count": 102
        },
        {
            "id": "100071264010258",
            "count": 9
        }
    ],
    "week": [
        {
            "id": "100054488794505",
            "count": 40,
            "name": "Chi Day"
        },
        {
            "id": "100095344965804",
            "count": 0,
            "name": "Nguyễn Ngọc"
        },
        {
            "id": "100024021579652",
            "count": 175,
            "name": "Bọ Cạp"
        },
        {
            "id": "61559215053820",
            "count": 4,
            "name": "Nguyễn Trọng"
        },
        {
            "id": "100065340383515",
            "count": 155,
            "name": "Trịnh Thảo"
        },
        {
            "id": "100077582861755",
            "count": 8,
            "name": "AN Suy"
        },
        {
            "id": "61558462072911",
            "count": 3,
            "name": "OneBigo BigoOne"
        },
        {
            "id": "100074744247696",
            "count": 4,
            "name": "Chocopie Ngon Tuyệt"
        },
        {
            "id": "100083372341907",
            "count": 3,
            "name": "Văn Phong"
        },
        {
            "id": "100066137491230",
            "count": 180,
            "name": "Nguyễn Huy Long"
        },
        {
            "id": "100071356656846",
            "count": 17,
            "name": "Quang Trường"
        },
        {
            "id": "100035549594570",
            "count": 2,
            "name": "Lê Nguyễn Đức Huy"
        },
        {
            "id": "61556587680778",
            "count": 0,
            "name": "Phạm Thanh Bình"
        },
        {
            "id": "100014580815881",
            "count": 51,
            "name": "Huy Mai"
        },
        {
            "id": "100067118920750",
            "count": 42,
            "name": "Le Thảo"
        },
        {
            "id": "61551710932600",
            "count": 17,
            "name": "Golo Binh"
        },
        {
            "id": "100033334403927",
            "count": 0,
            "name": "Quang Hùng"
        },
        {
            "id": "100070258227112",
            "count": 0,
            "name": "Bùi Tấn Hùng"
        },
        {
            "id": "100038302173553",
            "count": 0,
            "name": "Hoàng Quang Nhã"
        },
        {
            "id": "100010479340836",
            "count": 3,
            "name": "Phan Văn Nam"
        },
        {
            "id": "100094181447485",
            "count": 9,
            "name": "Bé Heo"
        },
        {
            "id": "61555781655662",
            "count": 5,
            "name": "ʚTr Khánh Linhɞ"
        },
        {
            "id": "61551629793174",
            "count": 4,
            "name": "Hạ Vy"
        },
        {
            "id": "61563041127574",
            "count": 0,
            "name": "Phan Văn Bằng"
        },
        {
            "id": "100045627200992",
            "count": 0,
            "name": "Ng Đức Phú"
        },
        {
            "id": "100052530003007",
            "count": 0,
            "name": "Sơn Hậu"
        },
        {
            "id": "100077032407982",
            "count": 0,
            "name": "Vũ"
        },
        {
            "id": "100051461151643",
            "count": 10,
            "name": "Dat Nguyen Thanh"
        },
        {
            "id": "100086096239185",
            "count": 0,
            "name": "Hoàng Hưng"
        },
        {
            "id": "100065031262309",
            "count": 20,
            "name": "Nguyễn Thanh Trường"
        },
        {
            "id": "100028257619342",
            "count": 0,
            "name": "Vũ Đức Mạnh"
        },
        {
            "id": "61554505697690",
            "count": 0,
            "name": "Tom Tran"
        },
        {
            "id": "61560070722741",
            "count": 0,
            "name": "Phu Vinh"
        },
        {
            "id": "100074649072169",
            "count": 0,
            "name": "Phuong Lienn"
        },
        {
            "id": "100083583466754",
            "count": 0,
            "name": "Nguyễn Thảo Vy"
        },
        {
            "id": "100072067866501",
            "count": 6,
            "name": "Nguyễn Minh Kiên"
        },
        {
            "id": "61559780565167",
            "count": 0,
            "name": "Ly Ly"
        },
        {
            "id": "100012298262777",
            "count": 0,
            "name": "Phuoc Nguyen"
        },
        {
            "id": "100029714543004",
            "count": 0,
            "name": "Việt Cường"
        },
        {
            "id": "100078502954709",
            "count": 0,
            "name": "Quang Đạt"
        },
        {
            "id": "61552763527674",
            "count": 0,
            "name": "Quang Minh"
        },
        {
            "id": "100021679941284",
            "count": 0,
            "name": "Xuan Hong Pham"
        },
        {
            "id": "61550877123908",
            "count": 0,
            "name": "Nguyễn Văn Nhiên"
        },
        {
            "id": "100006460218715",
            "count": 5,
            "name": "Trung Thúy"
        },
        {
            "id": "100012954368182",
            "count": 0,
            "name": "Nguyễn Minh Trí"
        },
        {
            "id": "100049483759424",
            "count": 0,
            "name": "Ngô Thanh Sang"
        },
        {
            "id": "100028909369752",
            "count": 7,
            "name": "Thiên Hoàng"
        },
        {
            "id": "100007099066023",
            "count": 0,
            "name": "Thanh Minh"
        },
        {
            "id": "100015092651487",
            "count": 0,
            "name": "Võ Hồng Hân"
        },
        {
            "id": "61553962150623",
            "count": 0,
            "name": "Văn Đức"
        },
        {
            "id": "100040007032857",
            "count": 0,
            "name": "Huỳnh Thanh Duy"
        },
        {
            "id": "100030887537188",
            "count": 0,
            "name": "Tiêu Hoa Long"
        },
        {
            "id": "100027622682911",
            "count": 0,
            "name": "Lê Trung Hậu"
        },
        {
            "id": "100089594574917",
            "count": 19,
            "name": "Le Trung Dung"
        },
        {
            "id": "100082021354664",
            "count": 38,
            "name": "Kynn Meomeo"
        },
        {
            "id": "100041429932269",
            "count": 0,
            "name": "Người dùng Facebook"
        },
        {
            "id": "100068129684788",
            "count": 2,
            "name": "Minhh Quangg"
        },
        {
            "id": "100041092967527",
            "count": 30,
            "name": "Nguyễn Hải Đăng"
        },
        {
            "id": "100017744312019",
            "count": 0,
            "name": "Thành Ann"
        },
        {
            "id": "100027139493055",
            "count": 0,
            "name": "Nghĩa Đỗ"
        },
        {
            "id": "100026247211524",
            "count": 3,
            "name": "Tâm Hoàng"
        },
        {
            "id": "100055529637163",
            "count": 0,
            "name": "Duyên Trang"
        },
        {
            "id": "100027782749286",
            "count": 1,
            "name": "Trần Ngọc Ánh"
        },
        {
            "id": "100053381322467",
            "count": 0,
            "name": "Yến Phương"
        },
        {
            "id": "100052477851972",
            "count": 11,
            "name": "Maii Thị Kiều Duyên"
        },
        {
            "id": "100075881125222",
            "count": 0,
            "name": "Đàm Duy Huấn"
        },
        {
            "id": "61555851563155",
            "count": 0,
            "name": "Thu Huyền"
        },
        {
            "id": "100038173389450",
            "count": 0,
            "name": "Tiến Thành"
        },
        {
            "id": "100067072875983",
            "count": 0,
            "name": "Mon"
        },
        {
            "id": "739982161",
            "count": 0,
            "name": "PT Kim Anh"
        },
        {
            "id": "100081454870549",
            "count": 0,
            "name": "Đào Văn Đạt"
        },
        {
            "id": "100027527825462",
            "count": 0,
            "name": "Anhh Congg"
        },
        {
            "id": "100083668160580",
            "count": 0,
            "name": "Rin Rin"
        },
        {
            "id": "100062937731775",
            "count": 0,
            "name": "Thành Nhân"
        },
        {
            "id": "100067759355652",
            "count": 14,
            "name": "Trung"
        },
        {
            "id": "61550023250275",
            "count": 0,
            "name": "Phương Tây"
        },
        {
            "id": "100024559572161",
            "count": 0,
            "name": "Nguyễn Thiện Đăng"
        },
        {
            "id": "100041223364528",
            "count": 0,
            "name": "Trường ꪜ"
        },
        {
            "id": "100047256979817",
            "count": 22,
            "name": "Nguyễn Đức Duy"
        },
        {
            "id": "100018685625067",
            "count": 0,
            "name": "Nguyễn Hoàng Anh"
        },
        {
            "id": "61557852266604",
            "count": 1,
            "name": "Kha NT"
        },
        {
            "id": "100095015642254",
            "count": 40,
            "name": "Nguyễn Đức Trọng"
        },
        {
            "id": "100072827499399",
            "count": 0,
            "name": "Hoàng Thiên Khôi"
        },
        {
            "id": "100066457962914",
            "count": 0,
            "name": "Lê Xuân Giang"
        },
        {
            "id": "100086993817917",
            "count": 2,
            "name": "Duy Duy"
        },
        {
            "id": "100074953418340",
            "count": 0,
            "name": "Phạm Thị Thu Trang"
        },
        {
            "id": "100035269200948",
            "count": 0,
            "name": "Lê Nguyễn Thanh Triết"
        },
        {
            "id": "61558009967869",
            "count": 8,
            "name": "Le Giang"
        },
        {
            "id": "100078314892920",
            "count": 148,
            "name": "Vững Trần Văn"
        },
        {
            "id": "100074512407772",
            "count": 1,
            "name": "Chim Cánh Cụt"
        },
        {
            "id": "100010153117912",
            "count": 0,
            "name": "Hoàng Văn Duy"
        },
        {
            "id": "100046905079762",
            "count": 218,
            "name": "Bùi Đan Trường"
        },
        {
            "id": "100078750285225",
            "count": 4,
            "name": "Ngọc Châu"
        },
        {
            "id": "100044566930777",
            "count": 4,
            "name": "Đô Lê"
        },
        {
            "id": "100022857551013",
            "count": 0,
            "name": "Ng Quang Bảo"
        },
        {
            "id": "100078887725243",
            "count": 23,
            "name": "Trịnh Dương"
        },
        {
            "id": "100084260606796",
            "count": 0,
            "name": "Phan Hoàng Đức Anh"
        },
        {
            "id": "100090177954245",
            "count": 0,
            "name": "Từ Dương"
        },
        {
            "id": "100014753147541",
            "count": 3,
            "name": "Huỳnh Trần Thành Phát"
        },
        {
            "id": "100080636685906",
            "count": 101,
            "name": "Hoàng Kỷ"
        },
        {
            "id": "61565583343015",
            "count": 0,
            "name": "Trần Thu Thuỷ"
        },
        {
            "id": "100091517074123",
            "count": 8,
            "name": "Chagg Ngg"
        },
        {
            "id": "61550786115612",
            "count": 30,
            "name": "Thu Hằng"
        },
        {
            "id": "100035721702661",
            "count": 34,
            "name": "Văn Long Phạm"
        },
        {
            "id": "100055193160393",
            "count": 0,
            "name": "Tiểu Linh An"
        },
        {
            "id": "61562594651900",
            "count": 4,
            "name": "Quynh Anh"
        },
        {
            "id": "100021838206875",
            "count": 0,
            "name": "Thanh Huy"
        },
        {
            "id": "100053895346442",
            "count": 91,
            "name": "Hân Hân"
        },
        {
            "id": "100091347105067",
            "count": 32,
            "name": "Bình Boo"
        },
        {
            "id": "61555762781780",
            "count": 0,
            "name": "Thanh Nguyễn"
        },
        {
            "id": "100093421013310",
            "count": 6,
            "name": "Nhật Sinh"
        },
        {
            "id": "100073066028881",
            "count": 0,
            "name": "Tân Nguyễn"
        },
        {
            "id": "100038044943750",
            "count": 28,
            "name": "Hoàng Thanh Hải"
        },
        {
            "id": "100029123315746",
            "count": 12,
            "name": "P.NG Kiền"
        },
        {
            "id": "100039773019203",
            "count": 2,
            "name": "Nhân Nhân"
        },
        {
            "id": "61557236371107",
            "count": 0,
            "name": "Cường Cường"
        },
        {
            "id": "100068908041520",
            "count": 0,
            "name": "Nguyễn Văn Thắng"
        },
        {
            "id": "100083960711478",
            "count": 0,
            "name": "Trần Khánh Linh"
        },
        {
            "id": "100087174198434",
            "count": 3,
            "name": "Mạnh Tiến"
        },
        {
            "id": "100086574893197",
            "count": 71,
            "name": "Dũngg Lương"
        },
        {
            "id": "61567530611311",
            "count": 0,
            "name": "Heo Be"
        },
        {
            "id": "100078207016243",
            "count": 29,
            "name": "Phạm Hoàng Du"
        },
        {
            "id": "100022791130160",
            "count": 0,
            "name": "Hà Văn Nam"
        },
        {
            "id": "100095368415782",
            "count": 4,
            "name": "Việt Nèk"
        },
        {
            "id": "100045549341286",
            "count": 0,
            "name": "Nguyễn Trọng Lợi"
        },
        {
            "id": "100080504067924",
            "count": 7,
            "name": "Thành Linh"
        },
        {
            "id": "61554209349819",
            "count": 15,
            "name": "Hồ Quốc Huy"
        },
        {
            "id": "100068368638456",
            "count": 19,
            "name": "Đình Hiếu"
        },
        {
            "id": "61552270257197",
            "count": 5,
            "name": "Trần Nguyên"
        },
        {
            "id": "100085752259195",
            "count": 1,
            "name": "Huỳnh Phii"
        },
        {
            "id": "100055828396794",
            "count": 0,
            "name": "Nguyen Thanh"
        },
        {
            "id": "100042307953149",
            "count": 0,
            "name": "Kiên Hồ"
        },
        {
            "id": "61559079650241",
            "count": 66,
            "name": "Nguyễn Thanh Tùng"
        },
        {
            "id": "61561530282324",
            "count": 50,
            "name": "Roronoa Xoro"
        },
        {
            "id": "100069905671627",
            "count": 0,
            "name": "Hưng Con"
        },
        {
            "id": "61566826751267",
            "count": 0,
            "name": "Tùng Thanh"
        },
        {
            "id": "61558117404405",
            "count": 22,
            "name": "Vu Dinh"
        },
        {
            "id": "100077107837245",
            "count": 20,
            "name": "Quỳnh Châu"
        },
        {
            "id": "61552562192578",
            "count": 17,
            "name": "H. T. Quỳnh"
        },
        {
            "id": "100050348137350",
            "count": 6,
            "name": "Hoang Phu"
        },
        {
            "id": "100070651527144",
            "count": 2
        },
        {
            "id": "100049324508101",
            "count": 12
        },
        {
            "id": "100060318818488",
            "count": 102
        },
        {
            "id": "100071264010258",
            "count": 9
        }
    ],
    "day": [
        {
            "id": "100054488794505",
            "count": 0,
            "name": "Chi Day"
        },
        {
            "id": "100095344965804",
            "count": 0,
            "name": "Nguyễn Ngọc"
        },
        {
            "id": "100024021579652",
            "count": 0,
            "name": "Bọ Cạp"
        },
        {
            "id": "61559215053820",
            "count": 0,
            "name": "Nguyễn Trọng"
        },
        {
            "id": "100065340383515",
            "count": 0,
            "name": "Trịnh Thảo"
        },
        {
            "id": "100077582861755",
            "count": 0,
            "name": "AN Suy"
        },
        {
            "id": "61558462072911",
            "count": 0,
            "name": "OneBigo BigoOne"
        },
        {
            "id": "100074744247696",
            "count": 0,
            "name": "Chocopie Ngon Tuyệt"
        },
        {
            "id": "100083372341907",
            "count": 0,
            "name": "Văn Phong"
        },
        {
            "id": "100066137491230",
            "count": 0,
            "name": "Nguyễn Huy Long"
        },
        {
            "id": "100071356656846",
            "count": 0,
            "name": "Quang Trường"
        },
        {
            "id": "100035549594570",
            "count": 0,
            "name": "Lê Nguyễn Đức Huy"
        },
        {
            "id": "61556587680778",
            "count": 0,
            "name": "Phạm Thanh Bình"
        },
        {
            "id": "100014580815881",
            "count": 0,
            "name": "Huy Mai"
        },
        {
            "id": "100067118920750",
            "count": 0,
            "name": "Le Thảo"
        },
        {
            "id": "61551710932600",
            "count": 0,
            "name": "Golo Binh"
        },
        {
            "id": "100033334403927",
            "count": 0,
            "name": "Quang Hùng"
        },
        {
            "id": "100070258227112",
            "count": 0,
            "name": "Bùi Tấn Hùng"
        },
        {
            "id": "100038302173553",
            "count": 0,
            "name": "Hoàng Quang Nhã"
        },
        {
            "id": "100010479340836",
            "count": 0,
            "name": "Phan Văn Nam"
        },
        {
            "id": "100094181447485",
            "count": 0,
            "name": "Bé Heo"
        },
        {
            "id": "61555781655662",
            "count": 0,
            "name": "ʚTr Khánh Linhɞ"
        },
        {
            "id": "61551629793174",
            "count": 0,
            "name": "Hạ Vy"
        },
        {
            "id": "61563041127574",
            "count": 0,
            "name": "Phan Văn Bằng"
        },
        {
            "id": "100045627200992",
            "count": 0,
            "name": "Ng Đức Phú"
        },
        {
            "id": "100052530003007",
            "count": 0,
            "name": "Sơn Hậu"
        },
        {
            "id": "100077032407982",
            "count": 0,
            "name": "Vũ"
        },
        {
            "id": "100051461151643",
            "count": 0,
            "name": "Dat Nguyen Thanh"
        },
        {
            "id": "100086096239185",
            "count": 0,
            "name": "Hoàng Hưng"
        },
        {
            "id": "100065031262309",
            "count": 0,
            "name": "Nguyễn Thanh Trường"
        },
        {
            "id": "100028257619342",
            "count": 0,
            "name": "Vũ Đức Mạnh"
        },
        {
            "id": "61554505697690",
            "count": 0,
            "name": "Tom Tran"
        },
        {
            "id": "61560070722741",
            "count": 0,
            "name": "Phu Vinh"
        },
        {
            "id": "100074649072169",
            "count": 0,
            "name": "Phuong Lienn"
        },
        {
            "id": "100083583466754",
            "count": 0,
            "name": "Nguyễn Thảo Vy"
        },
        {
            "id": "100072067866501",
            "count": 0,
            "name": "Nguyễn Minh Kiên"
        },
        {
            "id": "61559780565167",
            "count": 0,
            "name": "Ly Ly"
        },
        {
            "id": "100012298262777",
            "count": 0,
            "name": "Phuoc Nguyen"
        },
        {
            "id": "100029714543004",
            "count": 0,
            "name": "Việt Cường"
        },
        {
            "id": "100078502954709",
            "count": 0,
            "name": "Quang Đạt"
        },
        {
            "id": "61552763527674",
            "count": 0,
            "name": "Quang Minh"
        },
        {
            "id": "100021679941284",
            "count": 0,
            "name": "Xuan Hong Pham"
        },
        {
            "id": "61550877123908",
            "count": 0,
            "name": "Nguyễn Văn Nhiên"
        },
        {
            "id": "100006460218715",
            "count": 0,
            "name": "Trung Thúy"
        },
        {
            "id": "100012954368182",
            "count": 0,
            "name": "Nguyễn Minh Trí"
        },
        {
            "id": "100049483759424",
            "count": 0,
            "name": "Ngô Thanh Sang"
        },
        {
            "id": "100028909369752",
            "count": 0,
            "name": "Thiên Hoàng"
        },
        {
            "id": "100007099066023",
            "count": 0,
            "name": "Thanh Minh"
        },
        {
            "id": "100015092651487",
            "count": 0,
            "name": "Võ Hồng Hân"
        },
        {
            "id": "61553962150623",
            "count": 0,
            "name": "Văn Đức"
        },
        {
            "id": "100040007032857",
            "count": 0,
            "name": "Huỳnh Thanh Duy"
        },
        {
            "id": "100030887537188",
            "count": 0,
            "name": "Tiêu Hoa Long"
        },
        {
            "id": "100027622682911",
            "count": 0,
            "name": "Lê Trung Hậu"
        },
        {
            "id": "100089594574917",
            "count": 0,
            "name": "Le Trung Dung"
        },
        {
            "id": "100082021354664",
            "count": 0,
            "name": "Kynn Meomeo"
        },
        {
            "id": "100041429932269",
            "count": 0,
            "name": "Người dùng Facebook"
        },
        {
            "id": "100068129684788",
            "count": 0,
            "name": "Minhh Quangg"
        },
        {
            "id": "100041092967527",
            "count": 0,
            "name": "Nguyễn Hải Đăng"
        },
        {
            "id": "100017744312019",
            "count": 0,
            "name": "Thành Ann"
        },
        {
            "id": "100027139493055",
            "count": 0,
            "name": "Nghĩa Đỗ"
        },
        {
            "id": "100026247211524",
            "count": 0,
            "name": "Tâm Hoàng"
        },
        {
            "id": "100055529637163",
            "count": 0,
            "name": "Duyên Trang"
        },
        {
            "id": "100027782749286",
            "count": 0,
            "name": "Trần Ngọc Ánh"
        },
        {
            "id": "100053381322467",
            "count": 0,
            "name": "Yến Phương"
        },
        {
            "id": "100052477851972",
            "count": 0,
            "name": "Maii Thị Kiều Duyên"
        },
        {
            "id": "100075881125222",
            "count": 0,
            "name": "Đàm Duy Huấn"
        },
        {
            "id": "61555851563155",
            "count": 0,
            "name": "Thu Huyền"
        },
        {
            "id": "100038173389450",
            "count": 0,
            "name": "Tiến Thành"
        },
        {
            "id": "100067072875983",
            "count": 0,
            "name": "Mon"
        },
        {
            "id": "739982161",
            "count": 0,
            "name": "PT Kim Anh"
        },
        {
            "id": "100081454870549",
            "count": 0,
            "name": "Đào Văn Đạt"
        },
        {
            "id": "100027527825462",
            "count": 0,
            "name": "Anhh Congg"
        },
        {
            "id": "100083668160580",
            "count": 0,
            "name": "Rin Rin"
        },
        {
            "id": "100062937731775",
            "count": 0,
            "name": "Thành Nhân"
        },
        {
            "id": "100067759355652",
            "count": 0,
            "name": "Trung"
        },
        {
            "id": "61550023250275",
            "count": 0,
            "name": "Phương Tây"
        },
        {
            "id": "100024559572161",
            "count": 0,
            "name": "Nguyễn Thiện Đăng"
        },
        {
            "id": "100041223364528",
            "count": 0,
            "name": "Trường ꪜ"
        },
        {
            "id": "100047256979817",
            "count": 0,
            "name": "Nguyễn Đức Duy"
        },
        {
            "id": "100018685625067",
            "count": 0,
            "name": "Nguyễn Hoàng Anh"
        },
        {
            "id": "61557852266604",
            "count": 0,
            "name": "Kha NT"
        },
        {
            "id": "100095015642254",
            "count": 0,
            "name": "Nguyễn Đức Trọng"
        },
        {
            "id": "100072827499399",
            "count": 0,
            "name": "Hoàng Thiên Khôi"
        },
        {
            "id": "100066457962914",
            "count": 0,
            "name": "Lê Xuân Giang"
        },
        {
            "id": "100086993817917",
            "count": 0,
            "name": "Duy Duy"
        },
        {
            "id": "100074953418340",
            "count": 0,
            "name": "Phạm Thị Thu Trang"
        },
        {
            "id": "100035269200948",
            "count": 0,
            "name": "Lê Nguyễn Thanh Triết"
        },
        {
            "id": "61558009967869",
            "count": 0,
            "name": "Le Giang"
        },
        {
            "id": "100078314892920",
            "count": 0,
            "name": "Vững Trần Văn"
        },
        {
            "id": "100074512407772",
            "count": 0,
            "name": "Chim Cánh Cụt"
        },
        {
            "id": "100010153117912",
            "count": 0,
            "name": "Hoàng Văn Duy"
        },
        {
            "id": "100046905079762",
            "count": 0,
            "name": "Bùi Đan Trường"
        },
        {
            "id": "100078750285225",
            "count": 0,
            "name": "Ngọc Châu"
        },
        {
            "id": "100044566930777",
            "count": 0,
            "name": "Đô Lê"
        },
        {
            "id": "100022857551013",
            "count": 0,
            "name": "Ng Quang Bảo"
        },
        {
            "id": "100078887725243",
            "count": 0,
            "name": "Trịnh Dương"
        },
        {
            "id": "100084260606796",
            "count": 0,
            "name": "Phan Hoàng Đức Anh"
        },
        {
            "id": "100090177954245",
            "count": 0,
            "name": "Từ Dương"
        },
        {
            "id": "100014753147541",
            "count": 0,
            "name": "Huỳnh Trần Thành Phát"
        },
        {
            "id": "100080636685906",
            "count": 0,
            "name": "Hoàng Kỷ"
        },
        {
            "id": "61565583343015",
            "count": 0,
            "name": "Trần Thu Thuỷ"
        },
        {
            "id": "100091517074123",
            "count": 0,
            "name": "Chagg Ngg"
        },
        {
            "id": "61550786115612",
            "count": 0,
            "name": "Thu Hằng"
        },
        {
            "id": "100035721702661",
            "count": 0,
            "name": "Văn Long Phạm"
        },
        {
            "id": "100055193160393",
            "count": 0,
            "name": "Tiểu Linh An"
        },
        {
            "id": "61562594651900",
            "count": 0,
            "name": "Quynh Anh"
        },
        {
            "id": "100021838206875",
            "count": 0,
            "name": "Thanh Huy"
        },
        {
            "id": "100053895346442",
            "count": 0,
            "name": "Hân Hân"
        },
        {
            "id": "100091347105067",
            "count": 0,
            "name": "Bình Boo"
        },
        {
            "id": "61555762781780",
            "count": 0,
            "name": "Thanh Nguyễn"
        },
        {
            "id": "100093421013310",
            "count": 0,
            "name": "Nhật Sinh"
        },
        {
            "id": "100073066028881",
            "count": 0,
            "name": "Tân Nguyễn"
        },
        {
            "id": "100038044943750",
            "count": 0,
            "name": "Hoàng Thanh Hải"
        },
        {
            "id": "100029123315746",
            "count": 0,
            "name": "P.NG Kiền"
        },
        {
            "id": "100039773019203",
            "count": 0,
            "name": "Nhân Nhân"
        },
        {
            "id": "61557236371107",
            "count": 0,
            "name": "Cường Cường"
        },
        {
            "id": "100068908041520",
            "count": 0,
            "name": "Nguyễn Văn Thắng"
        },
        {
            "id": "100083960711478",
            "count": 0,
            "name": "Trần Khánh Linh"
        },
        {
            "id": "100087174198434",
            "count": 0,
            "name": "Mạnh Tiến"
        },
        {
            "id": "100086574893197",
            "count": 0,
            "name": "Lương Ngọc Dũng"
        },
        {
            "id": "61567530611311",
            "count": 0,
            "name": "Heo Be"
        },
        {
            "id": "100078207016243",
            "count": 0,
            "name": "Phạm Hoàng Du"
        },
        {
            "id": "100022791130160",
            "count": 0,
            "name": "Hà Văn Nam"
        },
        {
            "id": "100095368415782",
            "count": 0,
            "name": "Việt Nèk"
        },
        {
            "id": "100045549341286",
            "count": 0,
            "name": "Nguyễn Trọng Lợi"
        },
        {
            "id": "100080504067924",
            "count": 0,
            "name": "Thành Linh"
        },
        {
            "id": "61554209349819",
            "count": 0,
            "name": "Hồ Quốc Huy"
        },
        {
            "id": "100068368638456",
            "count": 0,
            "name": "Đình Hiếu"
        },
        {
            "id": "61552270257197",
            "count": 0,
            "name": "Trần Nguyên"
        },
        {
            "id": "100085752259195",
            "count": 0,
            "name": "Huỳnh Phii"
        },
        {
            "id": "100055828396794",
            "count": 0,
            "name": "Nguyen Thanh"
        },
        {
            "id": "100042307953149",
            "count": 0,
            "name": "Kiên Hồ"
        },
        {
            "id": "61559079650241",
            "count": 0,
            "name": "Nguyễn Thanh Tùng"
        },
        {
            "id": "61561530282324",
            "count": 0,
            "name": "Roronoa Xoro"
        },
        {
            "id": "100069905671627",
            "count": 0,
            "name": "Hưng Con"
        },
        {
            "id": "61566826751267",
            "count": 0,
            "name": "Tùng Thanh"
        },
        {
            "id": "61558117404405",
            "count": 0,
            "name": "Vu Dinh"
        },
        {
            "id": "100077107837245",
            "count": 0,
            "name": "Quỳnh Châu"
        },
        {
            "id": "61552562192578",
            "count": 0,
            "name": "H. T. Quỳnh"
        },
        {
            "id": "100050348137350",
            "count": 0,
            "name": "Hoang Phu"
        },
        {
            "id": "100070651527144",
            "count": 0,
            "name": "Luong Quynh Anh"
        },
        {
            "id": "100049324508101",
            "count": 0,
            "name": "Huỳnh Trí Nguyên"
        },
        {
            "id": "100060318818488",
            "count": 0,
            "name": "Quang Minh"
        },
        {
            "id": "100071264010258",
            "count": 0,
            "name": "Hương Giang"
        }
    ],
    "time": 6,
    "last": {
        "time": 4,
        "day": [
            {
                "id": "100054488794505",
                "count": 0
            },
            {
                "id": "100095344965804",
                "count": 0
            },
            {
                "id": "100024021579652",
                "count": 0
            },
            {
                "id": "61559215053820",
                "count": 0
            },
            {
                "id": "100065340383515",
                "count": 0
            },
            {
                "id": "100077582861755",
                "count": 0
            },
            {
                "id": "100055755090421",
                "count": 0
            },
            {
                "id": "61558462072911",
                "count": 0
            },
            {
                "id": "100074744247696",
                "count": 0
            },
            {
                "id": "100083372341907",
                "count": 0
            },
            {
                "id": "100066137491230",
                "count": 0
            },
            {
                "id": "100071356656846",
                "count": 0
            },
            {
                "id": "100035549594570",
                "count": 0
            },
            {
                "id": "61556587680778",
                "count": 0
            },
            {
                "id": "100014580815881",
                "count": 0
            },
            {
                "id": "100067118920750",
                "count": 0
            },
            {
                "id": "61551710932600",
                "count": 0
            },
            {
                "id": "100033334403927",
                "count": 0
            },
            {
                "id": "100070258227112",
                "count": 0
            },
            {
                "id": "100038302173553",
                "count": 0
            },
            {
                "id": "100010479340836",
                "count": 0
            },
            {
                "id": "100094181447485",
                "count": 0
            },
            {
                "id": "61555781655662",
                "count": 0
            },
            {
                "id": "61551629793174",
                "count": 0
            },
            {
                "id": "100080768360537",
                "count": 0
            },
            {
                "id": "61563041127574",
                "count": 0
            },
            {
                "id": "61565397262958",
                "count": 0
            },
            {
                "id": "100045627200992",
                "count": 0
            },
            {
                "id": "100052530003007",
                "count": 0
            },
            {
                "id": "100077032407982",
                "count": 0
            },
            {
                "id": "100051461151643",
                "count": 0
            },
            {
                "id": "100086096239185",
                "count": 0
            },
            {
                "id": "100065031262309",
                "count": 0
            },
            {
                "id": "100028257619342",
                "count": 0
            },
            {
                "id": "61554505697690",
                "count": 0
            },
            {
                "id": "61560070722741",
                "count": 0
            },
            {
                "id": "100074649072169",
                "count": 0
            },
            {
                "id": "100083583466754",
                "count": 0
            },
            {
                "id": "100072067866501",
                "count": 0
            },
            {
                "id": "61559780565167",
                "count": 0
            },
            {
                "id": "100012298262777",
                "count": 0
            },
            {
                "id": "100029714543004",
                "count": 0
            },
            {
                "id": "100078502954709",
                "count": 0
            },
            {
                "id": "61552763527674",
                "count": 0
            },
            {
                "id": "100021679941284",
                "count": 0
            },
            {
                "id": "61550877123908",
                "count": 0
            },
            {
                "id": "100006460218715",
                "count": 0
            },
            {
                "id": "100012954368182",
                "count": 0
            },
            {
                "id": "100049483759424",
                "count": 0
            },
            {
                "id": "100028909369752",
                "count": 0
            },
            {
                "id": "100007099066023",
                "count": 0
            },
            {
                "id": "100015092651487",
                "count": 0
            },
            {
                "id": "61553962150623",
                "count": 0
            },
            {
                "id": "100040007032857",
                "count": 0
            },
            {
                "id": "100030887537188",
                "count": 0
            },
            {
                "id": "100027622682911",
                "count": 0
            },
            {
                "id": "100089594574917",
                "count": 0
            },
            {
                "id": "100082021354664",
                "count": 0
            },
            {
                "id": "100041429932269",
                "count": 0
            },
            {
                "id": "100094381937309",
                "count": 0
            },
            {
                "id": "100068129684788",
                "count": 0
            },
            {
                "id": "100041092967527",
                "count": 0
            },
            {
                "id": "100017744312019",
                "count": 0
            },
            {
                "id": "100027139493055",
                "count": 0
            },
            {
                "id": "100026247211524",
                "count": 0
            },
            {
                "id": "100055529637163",
                "count": 0
            },
            {
                "id": "100076784896983",
                "count": 0
            },
            {
                "id": "100027782749286",
                "count": 0
            },
            {
                "id": "100053381322467",
                "count": 0
            },
            {
                "id": "100052477851972",
                "count": 0
            },
            {
                "id": "100075881125222",
                "count": 0
            },
            {
                "id": "100015696420754",
                "count": 0
            },
            {
                "id": "61555851563155",
                "count": 0
            },
            {
                "id": "100038173389450",
                "count": 0
            },
            {
                "id": "100067072875983",
                "count": 0
            },
            {
                "id": "739982161",
                "count": 0
            },
            {
                "id": "100081454870549",
                "count": 0
            },
            {
                "id": "100027527825462",
                "count": 0
            },
            {
                "id": "100083668160580",
                "count": 0
            },
            {
                "id": "100062937731775",
                "count": 0
            },
            {
                "id": "100067759355652",
                "count": 0
            },
            {
                "id": "61550023250275",
                "count": 0
            },
            {
                "id": "100024559572161",
                "count": 0
            },
            {
                "id": "100041223364528",
                "count": 0
            },
            {
                "id": "100047256979817",
                "count": 0
            },
            {
                "id": "100022508392625",
                "count": 0
            },
            {
                "id": "100018685625067",
                "count": 0
            },
            {
                "id": "61557852266604",
                "count": 0
            },
            {
                "id": "100095015642254",
                "count": 0
            },
            {
                "id": "100072827499399",
                "count": 0
            },
            {
                "id": "100066457962914",
                "count": 0
            },
            {
                "id": "100086993817917",
                "count": 0
            },
            {
                "id": "100074953418340",
                "count": 0
            },
            {
                "id": "100035269200948",
                "count": 0
            },
            {
                "id": "61558009967869",
                "count": 0
            },
            {
                "id": "100078314892920",
                "count": 0
            },
            {
                "id": "100074512407772",
                "count": 0
            },
            {
                "id": "100010153117912",
                "count": 0
            },
            {
                "id": "100046905079762",
                "count": 0
            },
            {
                "id": "100090871991792",
                "count": 0
            },
            {
                "id": "100078750285225",
                "count": 0
            },
            {
                "id": "100006815417491",
                "count": 0
            },
            {
                "id": "100044566930777",
                "count": 0
            },
            {
                "id": "100022857551013",
                "count": 0
            },
            {
                "id": "100090752034894",
                "count": 0
            },
            {
                "id": "100078887725243",
                "count": 0
            },
            {
                "id": "100084260606796",
                "count": 0
            },
            {
                "id": "100090177954245",
                "count": 0
            },
            {
                "id": "100014753147541",
                "count": 0
            },
            {
                "id": "100080636685906",
                "count": 0
            },
            {
                "id": "61565583343015",
                "count": 0
            },
            {
                "id": "100091517074123",
                "count": 0
            },
            {
                "id": "61550786115612",
                "count": 0
            },
            {
                "id": "100035721702661",
                "count": 0
            },
            {
                "id": "100055193160393",
                "count": 0
            },
            {
                "id": "61562594651900",
                "count": 0
            },
            {
                "id": "100021838206875",
                "count": 0
            },
            {
                "id": "100053895346442",
                "count": 0
            },
            {
                "id": "100091347105067",
                "count": 0
            },
            {
                "id": "61555762781780",
                "count": 0
            },
            {
                "id": "100093421013310",
                "count": 0
            },
            {
                "id": "100073066028881",
                "count": 0
            },
            {
                "id": "100038044943750",
                "count": 0
            },
            {
                "id": "100029123315746",
                "count": 0
            },
            {
                "id": "100039773019203",
                "count": 0
            },
            {
                "id": "61557236371107",
                "count": 0
            },
            {
                "id": "100068908041520",
                "count": 0
            },
            {
                "id": "100083960711478",
                "count": 0
            },
            {
                "id": "100087174198434",
                "count": 0
            },
            {
                "id": "100086574893197",
                "count": 0
            },
            {
                "id": "61567530611311",
                "count": 0
            },
            {
                "id": "100078207016243",
                "count": 0
            },
            {
                "id": "100012253216361",
                "count": 0
            },
            {
                "id": "100022791130160",
                "count": 0
            },
            {
                "id": "100095368415782",
                "count": 0
            },
            {
                "id": "100045549341286",
                "count": 0
            },
            {
                "id": "100080504067924",
                "count": 0
            },
            {
                "id": "61554209349819",
                "count": 0
            },
            {
                "id": "100066478042070",
                "count": 0
            },
            {
                "id": "100024758760908",
                "count": 0
            },
            {
                "id": "100068368638456",
                "count": 0
            },
            {
                "id": "61552270257197",
                "count": 0
            },
            {
                "id": "100085752259195",
                "count": 0
            },
            {
                "id": "100011685840839",
                "count": 0
            },
            {
                "id": "100055828396794",
                "count": 0
            },
            {
                "id": "100042307953149",
                "count": 0
            },
            {
                "id": "100071690093912",
                "count": 0
            },
            {
                "id": "100071569899745",
                "count": 0
            },
            {
                "id": "61559079650241",
                "count": 0
            },
            {
                "id": "61561530282324",
                "count": 0
            },
            {
                "id": "100069905671627",
                "count": 0
            },
            {
                "id": "61566826751267",
                "count": 0
            },
            {
                "id": "61568078214519",
                "count": 0
            },
            {
                "id": "61558117404405",
                "count": 0
            },
            {
                "id": "100077107837245",
                "count": 0
            },
            {
                "id": "61552562192578",
                "count": 0
            },
            {
                "id": "100050348137350",
                "count": 0
            },
            {
                "id": "100085071066541",
                "count": 0
            },
            {
                "id": "100070651527144",
                "count": 0
            },
            {
                "id": "100049324508101",
                "count": 0
            },
            {
                "id": "100060318818488",
                "count": 0
            },
            {
                "id": "100071264010258",
                "count": 0
            }
        ],
        "week": [
            {
                "id": "100054488794505",
                "count": 0
            },
            {
                "id": "100095344965804",
                "count": 0
            },
            {
                "id": "100024021579652",
                "count": 0
            },
            {
                "id": "61559215053820",
                "count": 0
            },
            {
                "id": "100065340383515",
                "count": 0
            },
            {
                "id": "100077582861755",
                "count": 0
            },
            {
                "id": "100055755090421",
                "count": 0
            },
            {
                "id": "61558462072911",
                "count": 0
            },
            {
                "id": "100074744247696",
                "count": 0
            },
            {
                "id": "100083372341907",
                "count": 0
            },
            {
                "id": "100066137491230",
                "count": 0
            },
            {
                "id": "100071356656846",
                "count": 0
            },
            {
                "id": "100035549594570",
                "count": 0
            },
            {
                "id": "61556587680778",
                "count": 0
            },
            {
                "id": "100014580815881",
                "count": 0
            },
            {
                "id": "100067118920750",
                "count": 0
            },
            {
                "id": "61551710932600",
                "count": 0
            },
            {
                "id": "100033334403927",
                "count": 0
            },
            {
                "id": "100070258227112",
                "count": 0
            },
            {
                "id": "100038302173553",
                "count": 0
            },
            {
                "id": "100010479340836",
                "count": 0
            },
            {
                "id": "100094181447485",
                "count": 0
            },
            {
                "id": "61555781655662",
                "count": 0
            },
            {
                "id": "61551629793174",
                "count": 0
            },
            {
                "id": "100080768360537",
                "count": 0
            },
            {
                "id": "61563041127574",
                "count": 0
            },
            {
                "id": "61565397262958",
                "count": 0
            },
            {
                "id": "100045627200992",
                "count": 0
            },
            {
                "id": "100052530003007",
                "count": 0
            },
            {
                "id": "100077032407982",
                "count": 0
            },
            {
                "id": "100051461151643",
                "count": 0
            },
            {
                "id": "100086096239185",
                "count": 0
            },
            {
                "id": "100065031262309",
                "count": 0
            },
            {
                "id": "100028257619342",
                "count": 0
            },
            {
                "id": "61554505697690",
                "count": 0
            },
            {
                "id": "61560070722741",
                "count": 0
            },
            {
                "id": "100074649072169",
                "count": 0
            },
            {
                "id": "100083583466754",
                "count": 0
            },
            {
                "id": "100072067866501",
                "count": 0
            },
            {
                "id": "61559780565167",
                "count": 0
            },
            {
                "id": "100012298262777",
                "count": 0
            },
            {
                "id": "100029714543004",
                "count": 0
            },
            {
                "id": "100078502954709",
                "count": 0
            },
            {
                "id": "61552763527674",
                "count": 0
            },
            {
                "id": "100021679941284",
                "count": 0
            },
            {
                "id": "61550877123908",
                "count": 0
            },
            {
                "id": "100006460218715",
                "count": 0
            },
            {
                "id": "100012954368182",
                "count": 0
            },
            {
                "id": "100049483759424",
                "count": 0
            },
            {
                "id": "100028909369752",
                "count": 0
            },
            {
                "id": "100007099066023",
                "count": 0
            },
            {
                "id": "100015092651487",
                "count": 0
            },
            {
                "id": "61553962150623",
                "count": 0
            },
            {
                "id": "100040007032857",
                "count": 0
            },
            {
                "id": "100030887537188",
                "count": 0
            },
            {
                "id": "100027622682911",
                "count": 0
            },
            {
                "id": "100089594574917",
                "count": 0
            },
            {
                "id": "100082021354664",
                "count": 0
            },
            {
                "id": "100041429932269",
                "count": 0
            },
            {
                "id": "100094381937309",
                "count": 0
            },
            {
                "id": "100068129684788",
                "count": 0
            },
            {
                "id": "100041092967527",
                "count": 0
            },
            {
                "id": "100017744312019",
                "count": 0
            },
            {
                "id": "100027139493055",
                "count": 0
            },
            {
                "id": "100026247211524",
                "count": 0
            },
            {
                "id": "100055529637163",
                "count": 0
            },
            {
                "id": "100076784896983",
                "count": 0
            },
            {
                "id": "100027782749286",
                "count": 0
            },
            {
                "id": "100053381322467",
                "count": 0
            },
            {
                "id": "100052477851972",
                "count": 0
            },
            {
                "id": "100075881125222",
                "count": 0
            },
            {
                "id": "100015696420754",
                "count": 0
            },
            {
                "id": "61555851563155",
                "count": 0
            },
            {
                "id": "100038173389450",
                "count": 0
            },
            {
                "id": "100067072875983",
                "count": 0
            },
            {
                "id": "739982161",
                "count": 0
            },
            {
                "id": "100081454870549",
                "count": 0
            },
            {
                "id": "100027527825462",
                "count": 0
            },
            {
                "id": "100083668160580",
                "count": 0
            },
            {
                "id": "100062937731775",
                "count": 0
            },
            {
                "id": "100067759355652",
                "count": 0
            },
            {
                "id": "61550023250275",
                "count": 0
            },
            {
                "id": "100024559572161",
                "count": 0
            },
            {
                "id": "100041223364528",
                "count": 0
            },
            {
                "id": "100047256979817",
                "count": 0
            },
            {
                "id": "100022508392625",
                "count": 0
            },
            {
                "id": "100018685625067",
                "count": 0
            },
            {
                "id": "61557852266604",
                "count": 0
            },
            {
                "id": "100095015642254",
                "count": 0
            },
            {
                "id": "100072827499399",
                "count": 0
            },
            {
                "id": "100066457962914",
                "count": 0
            },
            {
                "id": "100086993817917",
                "count": 0
            },
            {
                "id": "100074953418340",
                "count": 0
            },
            {
                "id": "100035269200948",
                "count": 0
            },
            {
                "id": "61558009967869",
                "count": 0
            },
            {
                "id": "100078314892920",
                "count": 0
            },
            {
                "id": "100074512407772",
                "count": 0
            },
            {
                "id": "100010153117912",
                "count": 0
            },
            {
                "id": "100046905079762",
                "count": 0
            },
            {
                "id": "100090871991792",
                "count": 0
            },
            {
                "id": "100078750285225",
                "count": 0
            },
            {
                "id": "100006815417491",
                "count": 0
            },
            {
                "id": "100044566930777",
                "count": 0
            },
            {
                "id": "100022857551013",
                "count": 0
            },
            {
                "id": "100090752034894",
                "count": 0
            },
            {
                "id": "100078887725243",
                "count": 0
            },
            {
                "id": "100084260606796",
                "count": 0
            },
            {
                "id": "100090177954245",
                "count": 0
            },
            {
                "id": "100014753147541",
                "count": 0
            },
            {
                "id": "100080636685906",
                "count": 0
            },
            {
                "id": "61565583343015",
                "count": 0
            },
            {
                "id": "100091517074123",
                "count": 0
            },
            {
                "id": "61550786115612",
                "count": 0
            },
            {
                "id": "100035721702661",
                "count": 0
            },
            {
                "id": "100055193160393",
                "count": 0
            },
            {
                "id": "61562594651900",
                "count": 0
            },
            {
                "id": "100021838206875",
                "count": 0
            },
            {
                "id": "100053895346442",
                "count": 0
            },
            {
                "id": "100091347105067",
                "count": 0
            },
            {
                "id": "61555762781780",
                "count": 0
            },
            {
                "id": "100093421013310",
                "count": 0
            },
            {
                "id": "100073066028881",
                "count": 0
            },
            {
                "id": "100038044943750",
                "count": 0
            },
            {
                "id": "100029123315746",
                "count": 0
            },
            {
                "id": "100039773019203",
                "count": 0
            },
            {
                "id": "61557236371107",
                "count": 0
            },
            {
                "id": "100068908041520",
                "count": 0
            },
            {
                "id": "100083960711478",
                "count": 0
            },
            {
                "id": "100087174198434",
                "count": 0
            },
            {
                "id": "100086574893197",
                "count": 0
            },
            {
                "id": "61567530611311",
                "count": 0
            },
            {
                "id": "100078207016243",
                "count": 0
            },
            {
                "id": "100012253216361",
                "count": 0
            },
            {
                "id": "100022791130160",
                "count": 0
            },
            {
                "id": "100095368415782",
                "count": 0
            },
            {
                "id": "100045549341286",
                "count": 0
            },
            {
                "id": "100080504067924",
                "count": 0
            },
            {
                "id": "61554209349819",
                "count": 0
            },
            {
                "id": "100066478042070",
                "count": 0
            },
            {
                "id": "100024758760908",
                "count": 0
            },
            {
                "id": "100068368638456",
                "count": 0
            },
            {
                "id": "61552270257197",
                "count": 0
            },
            {
                "id": "100085752259195",
                "count": 0
            },
            {
                "id": "100011685840839",
                "count": 0
            },
            {
                "id": "100055828396794",
                "count": 0
            },
            {
                "id": "100042307953149",
                "count": 0
            },
            {
                "id": "100071690093912",
                "count": 0
            },
            {
                "id": "100071569899745",
                "count": 0
            },
            {
                "id": "61559079650241",
                "count": 0
            },
            {
                "id": "61561530282324",
                "count": 0
            },
            {
                "id": "100069905671627",
                "count": 0
            },
            {
                "id": "61566826751267",
                "count": 0
            },
            {
                "id": "61568078214519",
                "count": 0
            },
            {
                "id": "61558117404405",
                "count": 0
            },
            {
                "id": "100077107837245",
                "count": 0
            },
            {
                "id": "61552562192578",
                "count": 0
            },
            {
                "id": "100050348137350",
                "count": 0
            },
            {
                "id": "100085071066541",
                "count": 0
            },
            {
                "id": "100070651527144",
                "count": 0
            },
            {
                "id": "100049324508101",
                "count": 0
            },
            {
                "id": "100060318818488",
                "count": 0
            },
            {
                "id": "100071264010258",
                "count": 0
            }
        ]
    }
}