{
    "total": [
        {
            "id": "100095250406725",
            "count": 170
        },
        {
            "id": "100036613007378",
            "count": 4
        },
        {
            "id": "100033893073033",
            "count": 128
        },
        {
            "id": "100082048117324",
            "count": 1
        },
        {
            "id": "100052530003007",
            "count": 13
        },
        {
            "id": "61550053524297",
            "count": 74
        },
        {
            "id": "61556590366512",
            "count": 2
        },
        {
            "id": "100051418031885",
            "count": 55
        },
        {
            "id": "100084990624108",
            "count": 0
        },
        {
            "id": "100081715020582",
            "count": 254
        },
        {
            "id": "100060485906546",
            "count": 99
        },
        {
            "id": "100086208230645",
            "count": 18
        },
        {
            "id": "100001861688251",
            "count": 153
        },
        {
            "id": "100021137813957",
            "count": 379
        },
        {
            "id": "100086202677003",
            "count": 5
        },
        {
            "id": "100072219066632",
            "count": 46
        },
        {
            "id": "100070239002370",
            "count": 3
        },
        {
            "id": "100034582835060",
            "count": 0
        },
        {
            "id": "100089596986518",
            "count": 37
        },
        {
            "id": "100034237182426",
            "count": 0
        },
        {
            "id": "61562705259050",
            "count": 18
        },
        {
            "id": "61557221480144",
            "count": 0
        },
        {
            "id": "100087591502691",
            "count": 248
        },
        {
            "id": "100084601860342",
            "count": 109
        },
        {
            "id": "100086690857782",
            "count": 40
        },
        {
            "id": "100095082977274",
            "count": 0
        },
        {
            "id": "100090135572614",
            "count": 42
        },
        {
            "id": "100079244434931",
            "count": 11
        },
        {
            "id": "61561530282324",
            "count": 18
        },
        {
            "id": "100091963500319",
            "count": 21
        },
        {
            "id": "61566826751267",
            "count": 1
        },
        {
            "id": "61554167039583",
            "count": 442
        },
        {
            "id": "100052956726936",
            "count": 41
        },
        {
            "id": "100060365898806",
            "count": 2
        },
        {
            "id": "100093173181151",
            "count": 0
        },
        {
            "id": "100086026076099",
            "count": 0
        },
        {
            "id": "100093596554633",
            "count": 6
        },
        {
            "id": "100093843794993",
            "count": 29
        },
        {
            "id": "100050086240609",
            "count": 0
        },
        {
            "id": "61561185058141",
            "count": 10
        },
        {
            "id": "61552473863647",
            "count": 53
        }
    ],
    "week": [
        {
            "id": "100095250406725",
            "count": 170
        },
        {
            "id": "100036613007378",
            "count": 4
        },
        {
            "id": "100033893073033",
            "count": 128
        },
        {
            "id": "100082048117324",
            "count": 1
        },
        {
            "id": "100052530003007",
            "count": 13
        },
        {
            "id": "61550053524297",
            "count": 74
        },
        {
            "id": "61556590366512",
            "count": 2
        },
        {
            "id": "100051418031885",
            "count": 55
        },
        {
            "id": "100084990624108",
            "count": 0
        },
        {
            "id": "100081715020582",
            "count": 254
        },
        {
            "id": "100060485906546",
            "count": 99
        },
        {
            "id": "100086208230645",
            "count": 18
        },
        {
            "id": "100001861688251",
            "count": 153
        },
        {
            "id": "100021137813957",
            "count": 379
        },
        {
            "id": "100086202677003",
            "count": 5
        },
        {
            "id": "100072219066632",
            "count": 46
        },
        {
            "id": "100070239002370",
            "count": 3
        },
        {
            "id": "100034582835060",
            "count": 0
        },
        {
            "id": "100089596986518",
            "count": 37
        },
        {
            "id": "100034237182426",
            "count": 0
        },
        {
            "id": "61562705259050",
            "count": 18
        },
        {
            "id": "61557221480144",
            "count": 0
        },
        {
            "id": "100087591502691",
            "count": 248
        },
        {
            "id": "100084601860342",
            "count": 109
        },
        {
            "id": "100086690857782",
            "count": 40
        },
        {
            "id": "100095082977274",
            "count": 0
        },
        {
            "id": "100090135572614",
            "count": 42
        },
        {
            "id": "100079244434931",
            "count": 11
        },
        {
            "id": "61561530282324",
            "count": 18
        },
        {
            "id": "100091963500319",
            "count": 21
        },
        {
            "id": "61566826751267",
            "count": 1
        },
        {
            "id": "61554167039583",
            "count": 442
        },
        {
            "id": "100052956726936",
            "count": 41
        },
        {
            "id": "100060365898806",
            "count": 2
        },
        {
            "id": "100093173181151",
            "count": 0
        },
        {
            "id": "100086026076099",
            "count": 0
        },
        {
            "id": "100093596554633",
            "count": 6
        },
        {
            "id": "100093843794993",
            "count": 29
        },
        {
            "id": "100050086240609",
            "count": 0
        },
        {
            "id": "61561185058141",
            "count": 10
        },
        {
            "id": "61552473863647",
            "count": 53
        }
    ],
    "day": [
        {
            "id": "100095250406725",
            "count": 0,
            "name": "Tuấn Khang"
        },
        {
            "id": "100036613007378",
            "count": 0,
            "name": "Võ Minh Hải"
        },
        {
            "id": "100033893073033",
            "count": 0,
            "name": "Tuan Anh"
        },
        {
            "id": "100082048117324",
            "count": 0,
            "name": "Bính Văn"
        },
        {
            "id": "100052530003007",
            "count": 0,
            "name": "Sơn Hậu"
        },
        {
            "id": "61550053524297",
            "count": 0,
            "name": "Khánhh Lânn"
        },
        {
            "id": "61556590366512",
            "count": 0,
            "name": "Hải Đăng"
        },
        {
            "id": "100051418031885",
            "count": 0,
            "name": "Hà My"
        },
        {
            "id": "100084990624108",
            "count": 0,
            "name": "Văn Dũng"
        },
        {
            "id": "100081715020582",
            "count": 0,
            "name": "Băng Tâm"
        },
        {
            "id": "100060485906546",
            "count": 0,
            "name": "Thành Nguyễn"
        },
        {
            "id": "100086208230645",
            "count": 0,
            "name": "Nguyễn Thị Minh Anh"
        },
        {
            "id": "100001861688251",
            "count": 0,
            "name": "Mai Trần Tuấn Huy"
        },
        {
            "id": "100021137813957",
            "count": 0,
            "name": "Lê Mai"
        },
        {
            "id": "100086202677003",
            "count": 0,
            "name": "Gia Baoo"
        },
        {
            "id": "100072219066632",
            "count": 0,
            "name": "Bee Moo"
        },
        {
            "id": "100070239002370",
            "count": 0,
            "name": "Đào Thu Phương"
        },
        {
            "id": "100034582835060",
            "count": 0,
            "name": "Hoàng Hiếu"
        },
        {
            "id": "100089596986518",
            "count": 0,
            "name": "Hà Vũ"
        },
        {
            "id": "100034237182426",
            "count": 0,
            "name": "Ngoc Dienn"
        },
        {
            "id": "61562705259050",
            "count": 0,
            "name": "A'nh Bangg"
        },
        {
            "id": "61557221480144",
            "count": 0,
            "name": "Hoàngg Minh"
        },
        {
            "id": "100087591502691",
            "count": 0,
            "name": "Tran Nha Anh Thu"
        },
        {
            "id": "100084601860342",
            "count": 0,
            "name": "Nguyễn Hiếu"
        },
        {
            "id": "100086690857782",
            "count": 0,
            "name": "Trường Giang"
        },
        {
            "id": "100095082977274",
            "count": 0,
            "name": "Ko Tên"
        },
        {
            "id": "100090135572614",
            "count": 0,
            "name": "Thuỳ Dương"
        },
        {
            "id": "100079244434931",
            "count": 0,
            "name": "Le Ph Bthy"
        },
        {
            "id": "61561530282324",
            "count": 0,
            "name": "Roronoa Xoro"
        },
        {
            "id": "100091963500319",
            "count": 0,
            "name": "Hung Dang"
        },
        {
            "id": "61566826751267",
            "count": 0,
            "name": "Tùng Thanh"
        },
        {
            "id": "61554167039583",
            "count": 0,
            "name": "Ngọc Yến"
        },
        {
            "id": "100052956726936",
            "count": 0,
            "name": "Xuân Quang Nguyễn"
        },
        {
            "id": "100060365898806",
            "count": 0,
            "name": "Huỳnh Khánh"
        },
        {
            "id": "100093173181151",
            "count": 0,
            "name": "Suu Elm"
        },
        {
            "id": "100086026076099",
            "count": 0,
            "name": "Hoa Tín Phong"
        },
        {
            "id": "100093596554633",
            "count": 0,
            "name": "An An"
        },
        {
            "id": "100093843794993",
            "count": 0,
            "name": "Khánh Hưng"
        },
        {
            "id": "100050086240609",
            "count": 0,
            "name": "Thư Đinh"
        },
        {
            "id": "61561185058141",
            "count": 0,
            "name": "Ko Ila"
        },
        {
            "id": "61552473863647",
            "count": 0,
            "name": "Bảo Long"
        }
    ],
    "time": 6,
    "last": {
        "time": 1,
        "day": [
            {
                "id": "100095250406725",
                "count": 0
            },
            {
                "id": "100036613007378",
                "count": 0
            },
            {
                "id": "100033893073033",
                "count": 0
            },
            {
                "id": "100082048117324",
                "count": 0
            },
            {
                "id": "100052530003007",
                "count": 0
            },
            {
                "id": "61550053524297",
                "count": 0
            },
            {
                "id": "61556590366512",
                "count": 0
            },
            {
                "id": "100051418031885",
                "count": 0
            },
            {
                "id": "100084990624108",
                "count": 0
            },
            {
                "id": "100081715020582",
                "count": 0
            },
            {
                "id": "100060485906546",
                "count": 0
            },
            {
                "id": "100086208230645",
                "count": 0
            },
            {
                "id": "100001861688251",
                "count": 0
            },
            {
                "id": "100021137813957",
                "count": 0
            },
            {
                "id": "100086202677003",
                "count": 0
            },
            {
                "id": "100072219066632",
                "count": 0
            },
            {
                "id": "100070239002370",
                "count": 0
            },
            {
                "id": "100034582835060",
                "count": 0
            },
            {
                "id": "100089596986518",
                "count": 0
            },
            {
                "id": "100034237182426",
                "count": 0
            },
            {
                "id": "61562705259050",
                "count": 0
            },
            {
                "id": "61557221480144",
                "count": 0
            },
            {
                "id": "100087591502691",
                "count": 0
            },
            {
                "id": "100084601860342",
                "count": 0
            },
            {
                "id": "100086690857782",
                "count": 0
            },
            {
                "id": "100095082977274",
                "count": 0
            },
            {
                "id": "100090135572614",
                "count": 0
            },
            {
                "id": "100079244434931",
                "count": 0
            },
            {
                "id": "61559079650241",
                "count": 0
            },
            {
                "id": "61561530282324",
                "count": 0
            },
            {
                "id": "100091963500319",
                "count": 0
            },
            {
                "id": "61566826751267",
                "count": 0
            },
            {
                "id": "61554167039583",
                "count": 0
            },
            {
                "id": "100052956726936",
                "count": 0
            },
            {
                "id": "100060365898806",
                "count": 0
            },
            {
                "id": "100093173181151",
                "count": 0
            },
            {
                "id": "100086026076099",
                "count": 0
            },
            {
                "id": "100093596554633",
                "count": 0
            },
            {
                "id": "100093843794993",
                "count": 0
            },
            {
                "id": "100050086240609",
                "count": 0
            },
            {
                "id": "61561185058141",
                "count": 0
            },
            {
                "id": "61552473863647",
                "count": 0
            }
        ],
        "week": [
            {
                "id": "100095250406725",
                "count": 0
            },
            {
                "id": "100036613007378",
                "count": 0
            },
            {
                "id": "100033893073033",
                "count": 0
            },
            {
                "id": "100082048117324",
                "count": 0
            },
            {
                "id": "100052530003007",
                "count": 0
            },
            {
                "id": "61550053524297",
                "count": 0
            },
            {
                "id": "61556590366512",
                "count": 0
            },
            {
                "id": "100051418031885",
                "count": 0
            },
            {
                "id": "100084990624108",
                "count": 0
            },
            {
                "id": "100081715020582",
                "count": 0
            },
            {
                "id": "100060485906546",
                "count": 0
            },
            {
                "id": "100086208230645",
                "count": 0
            },
            {
                "id": "100001861688251",
                "count": 0
            },
            {
                "id": "100021137813957",
                "count": 0
            },
            {
                "id": "100086202677003",
                "count": 0
            },
            {
                "id": "100072219066632",
                "count": 0
            },
            {
                "id": "100070239002370",
                "count": 0
            },
            {
                "id": "100034582835060",
                "count": 0
            },
            {
                "id": "100089596986518",
                "count": 0
            },
            {
                "id": "100034237182426",
                "count": 0
            },
            {
                "id": "61562705259050",
                "count": 0
            },
            {
                "id": "61557221480144",
                "count": 0
            },
            {
                "id": "100087591502691",
                "count": 0
            },
            {
                "id": "100084601860342",
                "count": 0
            },
            {
                "id": "100086690857782",
                "count": 0
            },
            {
                "id": "100095082977274",
                "count": 0
            },
            {
                "id": "100090135572614",
                "count": 0
            },
            {
                "id": "100079244434931",
                "count": 0
            },
            {
                "id": "61559079650241",
                "count": 0
            },
            {
                "id": "61561530282324",
                "count": 0
            },
            {
                "id": "100091963500319",
                "count": 0
            },
            {
                "id": "61566826751267",
                "count": 0
            },
            {
                "id": "61554167039583",
                "count": 0
            },
            {
                "id": "100052956726936",
                "count": 0
            },
            {
                "id": "100060365898806",
                "count": 0
            },
            {
                "id": "100093173181151",
                "count": 0
            },
            {
                "id": "100086026076099",
                "count": 0
            },
            {
                "id": "100093596554633",
                "count": 0
            },
            {
                "id": "100093843794993",
                "count": 0
            },
            {
                "id": "100050086240609",
                "count": 0
            },
            {
                "id": "61561185058141",
                "count": 0
            },
            {
                "id": "61552473863647",
                "count": 0
            }
        ]
    }
}