{
    "total": [
        {
            "id": "61567552371282",
            "count": 0
        },
        {
            "id": "100073929061871",
            "count": 51
        },
        {
            "id": "100073095788962",
            "count": 4
        },
        {
            "id": "100076763439898",
            "count": 0
        },
        {
            "id": "61566527557020",
            "count": 0
        },
        {
            "id": "100078313185940",
            "count": 22
        },
        {
            "id": "61566423972477",
            "count": 0
        },
        {
            "id": "61563445715567",
            "count": 0
        },
        {
            "id": "61559548397609",
            "count": 0
        },
        {
            "id": "100072030851952",
            "count": 84
        },
        {
            "id": "61567044996538",
            "count": 0
        },
        {
            "id": "61564287004785",
            "count": 1
        },
        {
            "id": "61564206500341",
            "count": 0
        },
        {
            "id": "61556832062771",
            "count": 0
        },
        {
            "id": "100088125953900",
            "count": 5
        },
        {
            "id": "61555215676594",
            "count": 0
        },
        {
            "id": "61566764867884",
            "count": 0
        },
        {
            "id": "61566200454527",
            "count": 0
        },
        {
            "id": "61559090567607",
            "count": 0
        },
        {
            "id": "61566600737387",
            "count": 0
        },
        {
            "id": "61554793469011",
            "count": 5
        },
        {
            "id": "100093357475242",
            "count": 0
        },
        {
            "id": "100076109230403",
            "count": 0
        },
        {
            "id": "100090063753988",
            "count": 34
        },
        {
            "id": "61566765104955",
            "count": 0
        },
        {
            "id": "61566152857027",
            "count": 3
        },
        {
            "id": "100088809032743",
            "count": 7
        },
        {
            "id": "61566600738010",
            "count": 0
        },
        {
            "id": "100091799006270",
            "count": 0
        },
        {
            "id": "61561530282324",
            "count": 4
        },
        {
            "id": "61560948846410",
            "count": 0
        },
        {
            "id": "61551571993877",
            "count": 13
        },
        {
            "id": "100075320974277",
            "count": 2
        },
        {
            "id": "100080882643400",
            "count": 144
        },
        {
            "id": "61555468353659",
            "count": 10
        },
        {
            "id": "61567389440343",
            "count": 1
        }
    ],
    "week": [
        {
            "id": "61567552371282",
            "count": 0,
            "name": "Ꞌꞌ Ꞌꞌ"
        },
        {
            "id": "100073929061871",
            "count": 0,
            "name": "Phạm Quốc Bảo"
        },
        {
            "id": "100073095788962",
            "count": 0,
            "name": "ᜪᜪᜪᜪ ᜪᜪᜪᜪ"
        },
        {
            "id": "100076763439898",
            "count": 0,
            "name": "ⵙⵙⴲⴲⵐⵘⵘⴻⵈⵊⵈⴻⵘⵘⵐⴲⴲⵙⵙ ⵐⴹⴺⴻⵈⴻⵏⵔⴸⴹⴻⵖⵔⵡⴻⵈⴻⴹⴺⵐⵈⴾ ⵙⵙⴲⴲⵘⵘⵈⴻⴻⵈⵘⵘⴲⴲⵙⵙ"
        },
        {
            "id": "61566527557020",
            "count": 0,
            "name": "メメメ メメメ"
        },
        {
            "id": "100078313185940",
            "count": 0,
            "name": "Tố Gia Kỳ"
        },
        {
            "id": "61566423972477",
            "count": 0,
            "name": "ට ghanいੴ"
        },
        {
            "id": "61563445715567",
            "count": 0,
            "name": "Gia Bảo Cte -.-"
        },
        {
            "id": "61559548397609",
            "count": 0,
            "name": "Haris"
        },
        {
            "id": "100072030851952",
            "count": 0,
            "name": "Lê Minh Quân"
        },
        {
            "id": "61567044996538",
            "count": 0,
            "name": "Le Hoang Khang"
        },
        {
            "id": "61564287004785",
            "count": 0,
            "name": "め︒ vani ꔫ࿐"
        },
        {
            "id": "61564206500341",
            "count": 0,
            "name": "ぬ　Ꞌꞌ Ynhi　ᤐ.　ᶻz ꜝꜝ"
        },
        {
            "id": "61556832062771",
            "count": 0,
            "name": "ヽ. Bao Pu　ೀ.ᐟ"
        },
        {
            "id": "100088125953900",
            "count": 0,
            "name": "Khánh Huy"
        },
        {
            "id": "61555215676594",
            "count": 0,
            "name": "Nguyenn Chieuu"
        },
        {
            "id": "61566764867884",
            "count": 0,
            "name": "ᏎᏎᏎ ᏎᏎᏎ"
        },
        {
            "id": "61566200454527",
            "count": 0,
            "name": "Người dùng Facebook"
        },
        {
            "id": "61559090567607",
            "count": 0,
            "name": "Tr Van"
        },
        {
            "id": "61566600737387",
            "count": 0,
            "name": "ロ︐　 kitty ꜝ　٭　ᬡ"
        },
        {
            "id": "61554793469011",
            "count": 0,
            "name": "Gạo Cte"
        },
        {
            "id": "100093357475242",
            "count": 0,
            "name": "Nguyễn Ngọc Hiền"
        },
        {
            "id": "100076109230403",
            "count": 0,
            "name": "Thanh Hân"
        },
        {
            "id": "100090063753988",
            "count": 0,
            "name": "Cứt Nướng Phô Mai"
        },
        {
            "id": "61566765104955",
            "count": 0,
            "name": "Huy Quang"
        },
        {
            "id": "61566152857027",
            "count": 0,
            "name": "ゑ・ hmy　ᶻz︒　.ᐟ"
        },
        {
            "id": "100088809032743",
            "count": 0,
            "name": "Gái Đẹp Nam Kì"
        },
        {
            "id": "61566600738010",
            "count": 0,
            "name": "Vội Vàng Yêu Làm Gì Lạnh Lùng Tàn Nhẫn Quay Đi Cố Níu Kéo Cũng Ích Gì"
        },
        {
            "id": "100091799006270",
            "count": 0,
            "name": "Meo Cti"
        },
        {
            "id": "61561530282324",
            "count": 4,
            "name": "Roronoa Xoro"
        },
        {
            "id": "61560948846410",
            "count": 0,
            "name": "Người dùng Facebook"
        },
        {
            "id": "61551571993877",
            "count": 0,
            "name": "Wunz Dear"
        },
        {
            "id": "100075320974277",
            "count": 0,
            "name": "Khanh Huyen"
        },
        {
            "id": "100080882643400",
            "count": 0,
            "name": "Ng Do Y Nhi"
        },
        {
            "id": "61555468353659",
            "count": 0,
            "name": "Trần Vân"
        },
        {
            "id": "61567389440343",
            "count": 0,
            "name": "Kitii meo"
        }
    ],
    "day": [
        {
            "id": "61567552371282",
            "count": 0,
            "name": "Ꞌꞌ Ꞌꞌ"
        },
        {
            "id": "100073929061871",
            "count": 0,
            "name": "Phạm Quốc Bảo"
        },
        {
            "id": "100073095788962",
            "count": 0,
            "name": "ᜪᜪᜪᜪ ᜪᜪᜪᜪ"
        },
        {
            "id": "100076763439898",
            "count": 0,
            "name": "ⵙⵙⴲⴲⵐⵘⵘⴻⵈⵊⵈⴻⵘⵘⵐⴲⴲⵙⵙ ⵐⴹⴺⴻⵈⴻⵏⵔⴸⴹⴻⵖⵔⵡⴻⵈⴻⴹⴺⵐⵈⴾ ⵙⵙⴲⴲⵘⵘⵈⴻⴻⵈⵘⵘⴲⴲⵙⵙ"
        },
        {
            "id": "61566527557020",
            "count": 0,
            "name": "メメメ メメメ"
        },
        {
            "id": "100078313185940",
            "count": 0,
            "name": "Tố Gia Kỳ"
        },
        {
            "id": "61566423972477",
            "count": 0,
            "name": "ට ghanいੴ"
        },
        {
            "id": "61563445715567",
            "count": 0,
            "name": "Gia Bảo Cte -.-"
        },
        {
            "id": "61559548397609",
            "count": 0,
            "name": "Haris"
        },
        {
            "id": "100072030851952",
            "count": 0,
            "name": "Lê Minh Quân"
        },
        {
            "id": "61567044996538",
            "count": 0,
            "name": "Le Hoang Khang"
        },
        {
            "id": "61564287004785",
            "count": 0,
            "name": "め︒ vani ꔫ࿐"
        },
        {
            "id": "61564206500341",
            "count": 0,
            "name": "ぬ　Ꞌꞌ Ynhi　ᤐ.　ᶻz ꜝꜝ"
        },
        {
            "id": "61556832062771",
            "count": 0,
            "name": "ヽ. Bao Pu　ೀ.ᐟ"
        },
        {
            "id": "100088125953900",
            "count": 0,
            "name": "Khánh Huy"
        },
        {
            "id": "61555215676594",
            "count": 0,
            "name": "Nguyenn Chieuu"
        },
        {
            "id": "61566764867884",
            "count": 0,
            "name": "ᏎᏎᏎ ᏎᏎᏎ"
        },
        {
            "id": "61566200454527",
            "count": 0,
            "name": "Người dùng Facebook"
        },
        {
            "id": "61559090567607",
            "count": 0,
            "name": "Tr Van"
        },
        {
            "id": "61566600737387",
            "count": 0,
            "name": "ロ︐　 kitty ꜝ　٭　ᬡ"
        },
        {
            "id": "61554793469011",
            "count": 0,
            "name": "Gạo Cte"
        },
        {
            "id": "100093357475242",
            "count": 0,
            "name": "Nguyễn Ngọc Hiền"
        },
        {
            "id": "100076109230403",
            "count": 0,
            "name": "Thanh Hân"
        },
        {
            "id": "100090063753988",
            "count": 0,
            "name": "Cứt Nướng Phô Mai"
        },
        {
            "id": "61566765104955",
            "count": 0,
            "name": "Huy Quang"
        },
        {
            "id": "61566152857027",
            "count": 0,
            "name": "ゑ・ hmy　ᶻz︒　.ᐟ"
        },
        {
            "id": "100088809032743",
            "count": 0,
            "name": "Gái Đẹp Nam Kì"
        },
        {
            "id": "61566600738010",
            "count": 0,
            "name": "Vội Vàng Yêu Làm Gì Lạnh Lùng Tàn Nhẫn Quay Đi Cố Níu Kéo Cũng Ích Gì"
        },
        {
            "id": "100091799006270",
            "count": 0,
            "name": "Meo Cti"
        },
        {
            "id": "61561530282324",
            "count": 0,
            "name": "Roronoa Xoro"
        },
        {
            "id": "61560948846410",
            "count": 0,
            "name": "Người dùng Facebook"
        },
        {
            "id": "61551571993877",
            "count": 0,
            "name": "Wunz Dear"
        },
        {
            "id": "100075320974277",
            "count": 0,
            "name": "Khanh Huyen"
        },
        {
            "id": "100080882643400",
            "count": 0,
            "name": "Ng Do Y Nhi"
        },
        {
            "id": "61555468353659",
            "count": 0,
            "name": "Trần Vân"
        },
        {
            "id": "61567389440343",
            "count": 0,
            "name": "Kitii meo"
        }
    ],
    "time": 6,
    "last": {
        "time": 0,
        "day": [
            {
                "id": "61567075894058",
                "count": 0
            },
            {
                "id": "61567552371282",
                "count": 0
            },
            {
                "id": "100073929061871",
                "count": 0
            },
            {
                "id": "100073095788962",
                "count": 0
            },
            {
                "id": "100076763439898",
                "count": 0
            },
            {
                "id": "61566527557020",
                "count": 0
            },
            {
                "id": "100078313185940",
                "count": 0
            },
            {
                "id": "61566423972477",
                "count": 0
            },
            {
                "id": "61563445715567",
                "count": 0
            },
            {
                "id": "61559548397609",
                "count": 0
            },
            {
                "id": "100072030851952",
                "count": 0
            },
            {
                "id": "61567044996538",
                "count": 0
            },
            {
                "id": "61564947061627",
                "count": 0
            },
            {
                "id": "61564287004785",
                "count": 0
            },
            {
                "id": "61564206500341",
                "count": 0
            },
            {
                "id": "61556832062771",
                "count": 0
            },
            {
                "id": "100088125953900",
                "count": 0
            },
            {
                "id": "61555215676594",
                "count": 0
            },
            {
                "id": "61550227260790",
                "count": 0
            },
            {
                "id": "61566764867884",
                "count": 0
            },
            {
                "id": "100094282344209",
                "count": 0
            },
            {
                "id": "100092642111654",
                "count": 0
            },
            {
                "id": "61566200454527",
                "count": 0
            },
            {
                "id": "100092470445655",
                "count": 0
            },
            {
                "id": "61559090567607",
                "count": 0
            },
            {
                "id": "1084477815",
                "count": 0
            },
            {
                "id": "61566600737387",
                "count": 0
            },
            {
                "id": "61553273888933",
                "count": 0
            },
            {
                "id": "61554793469011",
                "count": 0
            },
            {
                "id": "61566414993903",
                "count": 0
            },
            {
                "id": "61554981161927",
                "count": 0
            },
            {
                "id": "61564149047475",
                "count": 0
            },
            {
                "id": "100093357475242",
                "count": 0
            },
            {
                "id": "100076109230403",
                "count": 0
            },
            {
                "id": "100090063753988",
                "count": 0
            },
            {
                "id": "100091661185887",
                "count": 0
            },
            {
                "id": "61564046043624",
                "count": 0
            },
            {
                "id": "61566765104955",
                "count": 0
            },
            {
                "id": "61559079650241",
                "count": 0
            },
            {
                "id": "61566152857027",
                "count": 0
            },
            {
                "id": "100004752336149",
                "count": 0
            },
            {
                "id": "100088809032743",
                "count": 0
            },
            {
                "id": "61566600738010",
                "count": 0
            },
            {
                "id": "100091799006270",
                "count": 0
            },
            {
                "id": "61561530282324",
                "count": 0
            },
            {
                "id": "100093095420801",
                "count": 0
            },
            {
                "id": "61560948846410",
                "count": 0
            },
            {
                "id": "61551571993877",
                "count": 0
            },
            {
                "id": "100075320974277",
                "count": 0
            },
            {
                "id": "100080882643400",
                "count": 0
            },
            {
                "id": "100078905905492",
                "count": 0
            },
            {
                "id": "61555468353659",
                "count": 0
            },
            {
                "id": "61566568809527",
                "count": 0
            },
            {
                "id": "61567389440343",
                "count": 0
            },
            {
                "id": "61562180747418",
                "count": 0
            },
            {
                "id": "61567535483736",
                "count": 0
            },
            {
                "id": "61566636490433",
                "count": 0
            }
        ],
        "week": [
            {
                "id": "61567075894058",
                "count": 0
            },
            {
                "id": "61567552371282",
                "count": 0
            },
            {
                "id": "100073929061871",
                "count": 0
            },
            {
                "id": "100073095788962",
                "count": 0
            },
            {
                "id": "100076763439898",
                "count": 0
            },
            {
                "id": "61566527557020",
                "count": 0
            },
            {
                "id": "100078313185940",
                "count": 0
            },
            {
                "id": "61566423972477",
                "count": 0
            },
            {
                "id": "61563445715567",
                "count": 0
            },
            {
                "id": "61559548397609",
                "count": 0
            },
            {
                "id": "100072030851952",
                "count": 0
            },
            {
                "id": "61567044996538",
                "count": 0
            },
            {
                "id": "61564947061627",
                "count": 0
            },
            {
                "id": "61564287004785",
                "count": 0
            },
            {
                "id": "61564206500341",
                "count": 0
            },
            {
                "id": "61556832062771",
                "count": 0
            },
            {
                "id": "100088125953900",
                "count": 0
            },
            {
                "id": "61555215676594",
                "count": 0
            },
            {
                "id": "61550227260790",
                "count": 0
            },
            {
                "id": "61566764867884",
                "count": 0
            },
            {
                "id": "100094282344209",
                "count": 0
            },
            {
                "id": "100092642111654",
                "count": 0
            },
            {
                "id": "61566200454527",
                "count": 0
            },
            {
                "id": "100092470445655",
                "count": 0
            },
            {
                "id": "61559090567607",
                "count": 0
            },
            {
                "id": "1084477815",
                "count": 0
            },
            {
                "id": "61566600737387",
                "count": 0
            },
            {
                "id": "61553273888933",
                "count": 0
            },
            {
                "id": "61554793469011",
                "count": 0
            },
            {
                "id": "61566414993903",
                "count": 0
            },
            {
                "id": "61554981161927",
                "count": 0
            },
            {
                "id": "61564149047475",
                "count": 0
            },
            {
                "id": "100093357475242",
                "count": 0
            },
            {
                "id": "100076109230403",
                "count": 0
            },
            {
                "id": "100090063753988",
                "count": 0
            },
            {
                "id": "100091661185887",
                "count": 0
            },
            {
                "id": "61564046043624",
                "count": 0
            },
            {
                "id": "61566765104955",
                "count": 0
            },
            {
                "id": "61559079650241",
                "count": 0
            },
            {
                "id": "61566152857027",
                "count": 0
            },
            {
                "id": "100004752336149",
                "count": 0
            },
            {
                "id": "100088809032743",
                "count": 0
            },
            {
                "id": "61566600738010",
                "count": 0
            },
            {
                "id": "100091799006270",
                "count": 0
            },
            {
                "id": "61561530282324",
                "count": 0
            },
            {
                "id": "100093095420801",
                "count": 0
            },
            {
                "id": "61560948846410",
                "count": 0
            },
            {
                "id": "61551571993877",
                "count": 0
            },
            {
                "id": "100075320974277",
                "count": 0
            },
            {
                "id": "100080882643400",
                "count": 0
            },
            {
                "id": "100078905905492",
                "count": 0
            },
            {
                "id": "61555468353659",
                "count": 0
            },
            {
                "id": "61566568809527",
                "count": 0
            },
            {
                "id": "61567389440343",
                "count": 0
            },
            {
                "id": "61562180747418",
                "count": 0
            },
            {
                "id": "61567535483736",
                "count": 0
            },
            {
                "id": "61566636490433",
                "count": 0
            }
        ]
    }
}