{
    "total": [
        {
            "id": "61556526297702",
            "count": 0
        },
        {
            "id": "100082720137789",
            "count": 5
        },
        {
            "id": "61557605744973",
            "count": 0
        },
        {
            "id": "100061084717768",
            "count": 0
        },
        {
            "id": "100084084194524",
            "count": 5
        },
        {
            "id": "61560574724186",
            "count": 0
        },
        {
            "id": "100045455286484",
            "count": 0
        },
        {
            "id": "61555300482201",
            "count": 0
        },
        {
            "id": "100016142944156",
            "count": 0
        },
        {
            "id": "100094683736241",
            "count": 0
        },
        {
            "id": "100016035390446",
            "count": 2
        },
        {
            "id": "61552270257197",
            "count": 0
        },
        {
            "id": "100090989239372",
            "count": 0
        },
        {
            "id": "100088099895810",
            "count": 8
        },
        {
            "id": "100089816772227",
            "count": 0
        },
        {
            "id": "100087128565622",
            "count": 0
        },
        {
            "id": "100077018405888",
            "count": 0
        },
        {
            "id": "61556392611091",
            "count": 0
        },
        {
            "id": "100054294968758",
            "count": 0
        },
        {
            "id": "100017038123060",
            "count": 0
        },
        {
            "id": "61563596438540",
            "count": 0
        },
        {
            "id": "61553359410960",
            "count": 0
        },
        {
            "id": "61557045627591",
            "count": 0
        },
        {
            "id": "100029903643134",
            "count": 0
        },
        {
            "id": "61560074575443",
            "count": 0
        },
        {
            "id": "100012482170604",
            "count": 0
        },
        {
            "id": "61560130312863",
            "count": 0
        }
    ],
    "week": [
        {
            "id": "61556526297702",
            "count": 0,
            "name": "Thảo Any"
        },
        {
            "id": "100082720137789",
            "count": 0,
            "name": "Như Lan"
        },
        {
            "id": "61557605744973",
            "count": 0,
            "name": "Kim's Ngân's"
        },
        {
            "id": "100061084717768",
            "count": 0,
            "name": "Huyền Huyền"
        },
        {
            "id": "100084084194524",
            "count": 0,
            "name": "Thái Gia Huy"
        },
        {
            "id": "61560574724186",
            "count": 0,
            "name": "Nguyễn Thị Ngọc Nhii"
        },
        {
            "id": "100045455286484",
            "count": 0,
            "name": "Lê Thị Hồng Vân"
        },
        {
            "id": "61555300482201",
            "count": 0,
            "name": "Thu Nguyệt"
        },
        {
            "id": "100016142944156",
            "count": 0,
            "name": "Thắng Hữu Đàm"
        },
        {
            "id": "100094683736241",
            "count": 0,
            "name": "Trần Hoàng Khánh Thiên"
        },
        {
            "id": "100016035390446",
            "count": 0,
            "name": "Nguyen Thanh Nga"
        },
        {
            "id": "61552270257197",
            "count": 0,
            "name": "Trần Nguyên"
        },
        {
            "id": "100090989239372",
            "count": 0,
            "name": "Nhất Nhất"
        },
        {
            "id": "100088099895810",
            "count": 0,
            "name": "Phạm Phát"
        },
        {
            "id": "100089816772227",
            "count": 0,
            "name": "Đặng Hân"
        },
        {
            "id": "100087128565622",
            "count": 0,
            "name": "Tiềncóthểmất Còn Emthìkhông"
        },
        {
            "id": "100077018405888",
            "count": 0,
            "name": "Người dùng Facebook"
        },
        {
            "id": "61556392611091",
            "count": 0,
            "name": "Phương Lê"
        },
        {
            "id": "100054294968758",
            "count": 0,
            "name": "Thùy Linh"
        },
        {
            "id": "100017038123060",
            "count": 0,
            "name": "Lê Hoàng Nhật Trung"
        },
        {
            "id": "61563596438540",
            "count": 0,
            "name": "Hải Lâm"
        },
        {
            "id": "61553359410960",
            "count": 0,
            "name": "Gia Huy"
        },
        {
            "id": "61557045627591",
            "count": 0,
            "name": "Khang Sosad"
        },
        {
            "id": "100029903643134",
            "count": 0,
            "name": "Lê Nguyễn Nhật Toàn"
        },
        {
            "id": "61560074575443",
            "count": 0,
            "name": "Yen Nhii"
        },
        {
            "id": "100012482170604",
            "count": 0,
            "name": "Lê Viết Thế"
        },
        {
            "id": "61560130312863",
            "count": 0,
            "name": "Hải Ninh. Ng Duc"
        }
    ],
    "day": [
        {
            "id": "61556526297702",
            "count": 0,
            "name": "Thảo Any"
        },
        {
            "id": "100082720137789",
            "count": 0,
            "name": "Như Lan"
        },
        {
            "id": "61557605744973",
            "count": 0,
            "name": "Kim's Ngân's"
        },
        {
            "id": "100061084717768",
            "count": 0,
            "name": "Huyền Huyền"
        },
        {
            "id": "100084084194524",
            "count": 0,
            "name": "Thái Gia Huy"
        },
        {
            "id": "61560574724186",
            "count": 0,
            "name": "Nguyễn Thị Ngọc Nhii"
        },
        {
            "id": "100045455286484",
            "count": 0,
            "name": "Lê Thị Hồng Vân"
        },
        {
            "id": "61555300482201",
            "count": 0,
            "name": "Thu Nguyệt"
        },
        {
            "id": "100016142944156",
            "count": 0,
            "name": "Thắng Hữu Đàm"
        },
        {
            "id": "100094683736241",
            "count": 0,
            "name": "Trần Hoàng Khánh Thiên"
        },
        {
            "id": "100016035390446",
            "count": 0,
            "name": "Nguyen Thanh Nga"
        },
        {
            "id": "61552270257197",
            "count": 0,
            "name": "Trần Nguyên"
        },
        {
            "id": "100090989239372",
            "count": 0,
            "name": "Nhất Nhất"
        },
        {
            "id": "100088099895810",
            "count": 0,
            "name": "Phạm Phát"
        },
        {
            "id": "100089816772227",
            "count": 0,
            "name": "Đặng Hân"
        },
        {
            "id": "100087128565622",
            "count": 0,
            "name": "Tiềncóthểmất Còn Emthìkhông"
        },
        {
            "id": "100077018405888",
            "count": 0,
            "name": "Cậu Ba"
        },
        {
            "id": "61556392611091",
            "count": 0,
            "name": "Phương Lê"
        },
        {
            "id": "100054294968758",
            "count": 0,
            "name": "Thùy Linh"
        },
        {
            "id": "100017038123060",
            "count": 0,
            "name": "Lê Hoàng Nhật Trung"
        },
        {
            "id": "61563596438540",
            "count": 0,
            "name": "Hải Lâm"
        },
        {
            "id": "61553359410960",
            "count": 0,
            "name": "Gia Huy"
        },
        {
            "id": "61557045627591",
            "count": 0,
            "name": "Khang Sosad"
        },
        {
            "id": "100029903643134",
            "count": 0,
            "name": "Lê Nguyễn Nhật Toàn"
        },
        {
            "id": "61560074575443",
            "count": 0,
            "name": "Yen Nhii"
        },
        {
            "id": "100012482170604",
            "count": 0,
            "name": "Lê Viết Thế"
        },
        {
            "id": "61560130312863",
            "count": 0,
            "name": "Hải Ninh. Ng Duc"
        }
    ],
    "time": 6,
    "last": {
        "time": 5,
        "day": [
            {
                "id": "61556526297702",
                "count": 0
            },
            {
                "id": "100082720137789",
                "count": 0
            },
            {
                "id": "61557605744973",
                "count": 0
            },
            {
                "id": "100061084717768",
                "count": 0
            },
            {
                "id": "100084084194524",
                "count": 0
            },
            {
                "id": "61560574724186",
                "count": 0
            },
            {
                "id": "100045455286484",
                "count": 0
            },
            {
                "id": "61555300482201",
                "count": 0
            },
            {
                "id": "100016142944156",
                "count": 0
            },
            {
                "id": "100094683736241",
                "count": 0
            },
            {
                "id": "100016035390446",
                "count": 0
            },
            {
                "id": "61552270257197",
                "count": 0
            },
            {
                "id": "100090989239372",
                "count": 0
            },
            {
                "id": "100088099895810",
                "count": 0
            },
            {
                "id": "100089816772227",
                "count": 0
            },
            {
                "id": "100087128565622",
                "count": 0
            },
            {
                "id": "100077018405888",
                "count": 0
            },
            {
                "id": "61556392611091",
                "count": 0
            },
            {
                "id": "100054294968758",
                "count": 0
            },
            {
                "id": "100017038123060",
                "count": 0
            },
            {
                "id": "61563596438540",
                "count": 0
            },
            {
                "id": "61553359410960",
                "count": 0
            },
            {
                "id": "61557045627591",
                "count": 0
            },
            {
                "id": "100029903643134",
                "count": 0
            },
            {
                "id": "61560074575443",
                "count": 0
            },
            {
                "id": "100012482170604",
                "count": 0
            },
            {
                "id": "61560130312863",
                "count": 0
            }
        ],
        "week": [
            {
                "id": "61556526297702",
                "count": 0
            },
            {
                "id": "100082720137789",
                "count": 0
            },
            {
                "id": "61557605744973",
                "count": 0
            },
            {
                "id": "100061084717768",
                "count": 0
            },
            {
                "id": "100084084194524",
                "count": 0
            },
            {
                "id": "61560574724186",
                "count": 0
            },
            {
                "id": "100045455286484",
                "count": 0
            },
            {
                "id": "61555300482201",
                "count": 0
            },
            {
                "id": "100016142944156",
                "count": 0
            },
            {
                "id": "100094683736241",
                "count": 0
            },
            {
                "id": "100016035390446",
                "count": 0
            },
            {
                "id": "61552270257197",
                "count": 0
            },
            {
                "id": "100090989239372",
                "count": 0
            },
            {
                "id": "100088099895810",
                "count": 0
            },
            {
                "id": "100089816772227",
                "count": 0
            },
            {
                "id": "100087128565622",
                "count": 0
            },
            {
                "id": "100077018405888",
                "count": 0
            },
            {
                "id": "61556392611091",
                "count": 0
            },
            {
                "id": "100054294968758",
                "count": 0
            },
            {
                "id": "100017038123060",
                "count": 0
            },
            {
                "id": "61563596438540",
                "count": 0
            },
            {
                "id": "61553359410960",
                "count": 0
            },
            {
                "id": "61557045627591",
                "count": 0
            },
            {
                "id": "100029903643134",
                "count": 0
            },
            {
                "id": "61560074575443",
                "count": 0
            },
            {
                "id": "100012482170604",
                "count": 0
            },
            {
                "id": "61560130312863",
                "count": 0
            }
        ]
    }
}