{
    "total": [
        {
            "id": "100006869294769",
            "count": 0
        },
        {
            "id": "100050799227583",
            "count": 10
        },
        {
            "id": "100037212971067",
            "count": 0
        },
        {
            "id": "100008436168780",
            "count": 0
        },
        {
            "id": "100006788266284",
            "count": 0
        },
        {
            "id": "61552575470623",
            "count": 0
        },
        {
            "id": "100040733495440",
            "count": 0
        },
        {
            "id": "100046828592405",
            "count": 1
        },
        {
            "id": "100074862723177",
            "count": 0
        },
        {
            "id": "100026759893695",
            "count": 0
        },
        {
            "id": "100044752597677",
            "count": 0
        },
        {
            "id": "100086587815088",
            "count": 0
        },
        {
            "id": "100038302805162",
            "count": 0
        },
        {
            "id": "100007242316920",
            "count": 2
        },
        {
            "id": "100063033668553",
            "count": 0
        },
        {
            "id": "100034833402166",
            "count": 0
        },
        {
            "id": "61564581661341",
            "count": 0
        },
        {
            "id": "100072111781975",
            "count": 0
        },
        {
            "id": "100086125304557",
            "count": 0
        },
        {
            "id": "100087939275337",
            "count": 0
        },
        {
            "id": "100035269780947",
            "count": 0
        },
        {
            "id": "100028604925944",
            "count": 2
        },
        {
            "id": "100087164726392",
            "count": 10
        },
        {
            "id": "100023989338418",
            "count": 0
        },
        {
            "id": "100017507136894",
            "count": 0
        },
        {
            "id": "100058546604796",
            "count": 0
        },
        {
            "id": "100034380583070",
            "count": 0
        },
        {
            "id": "100033166605905",
            "count": 0
        },
        {
            "id": "100045486704071",
            "count": 0
        },
        {
            "id": "100051461986133",
            "count": 0
        },
        {
            "id": "100069413631386",
            "count": 0
        },
        {
            "id": "100014098174277",
            "count": 0
        },
        {
            "id": "100058354909828",
            "count": 0
        },
        {
            "id": "100079311134760",
            "count": 0
        },
        {
            "id": "100037136602750",
            "count": 0
        },
        {
            "id": "100034762037727",
            "count": 0
        },
        {
            "id": "100055203096454",
            "count": 0
        },
        {
            "id": "61559111339971",
            "count": 0
        },
        {
            "id": "100041545146710",
            "count": 0
        },
        {
            "id": "100039746713760",
            "count": 0
        },
        {
            "id": "100047886515533",
            "count": 0
        },
        {
            "id": "61556032113507",
            "count": 0
        },
        {
            "id": "61551994621402",
            "count": 0
        },
        {
            "id": "61550110580597",
            "count": 0
        },
        {
            "id": "100018252183603",
            "count": 0
        },
        {
            "id": "100071692214019",
            "count": 0
        },
        {
            "id": "61564366882254",
            "count": 0
        },
        {
            "id": "100010151563219",
            "count": 0
        },
        {
            "id": "100011443803214",
            "count": 0
        },
        {
            "id": "100047622819635",
            "count": 0
        },
        {
            "id": "100055708710772",
            "count": 0
        },
        {
            "id": "100035977275955",
            "count": 0
        },
        {
            "id": "100028023143540",
            "count": 0
        },
        {
            "id": "100092883697978",
            "count": 0
        },
        {
            "id": "100026551324277",
            "count": 14
        },
        {
            "id": "100059847465891",
            "count": 0
        },
        {
            "id": "100051581892205",
            "count": 0
        },
        {
            "id": "100067534278717",
            "count": 0
        },
        {
            "id": "100034883314530",
            "count": 0
        },
        {
            "id": "100055249308416",
            "count": 0
        },
        {
            "id": "100054828907875",
            "count": 0
        },
        {
            "id": "100035620126402",
            "count": 0
        },
        {
            "id": "61556883956806",
            "count": 0
        },
        {
            "id": "100072830749540",
            "count": 0
        },
        {
            "id": "100066990987283",
            "count": 0
        },
        {
            "id": "100048448660649",
            "count": 0
        },
        {
            "id": "100068582324970",
            "count": 0
        },
        {
            "id": "100021840818155",
            "count": 0
        },
        {
            "id": "100055105981429",
            "count": 0
        },
        {
            "id": "100077742696198",
            "count": 0
        },
        {
            "id": "100068310261131",
            "count": 0
        },
        {
            "id": "100093102425928",
            "count": 0
        },
        {
            "id": "100052775835486",
            "count": 0
        },
        {
            "id": "100004955410294",
            "count": 0
        },
        {
            "id": "61552975299840",
            "count": 0
        },
        {
            "id": "100087656003517",
            "count": 0
        },
        {
            "id": "61561458940574",
            "count": 0
        },
        {
            "id": "61561924220341",
            "count": 0
        },
        {
            "id": "100082271839099",
            "count": 2
        },
        {
            "id": "61559079650241",
            "count": 6
        },
        {
            "id": "100046905079762",
            "count": 9
        },
        {
            "id": "100073377258054",
            "count": 0
        },
        {
            "id": "61561530282324",
            "count": 17
        },
        {
            "id": "100009191795973",
            "count": 1
        }
    ],
    "week": [
        {
            "id": "100006869294769",
            "count": 0
        },
        {
            "id": "100050799227583",
            "count": 10
        },
        {
            "id": "100037212971067",
            "count": 0
        },
        {
            "id": "100008436168780",
            "count": 0
        },
        {
            "id": "100006788266284",
            "count": 0
        },
        {
            "id": "61552575470623",
            "count": 0
        },
        {
            "id": "100040733495440",
            "count": 0
        },
        {
            "id": "100046828592405",
            "count": 1
        },
        {
            "id": "100074862723177",
            "count": 0
        },
        {
            "id": "100026759893695",
            "count": 0
        },
        {
            "id": "100044752597677",
            "count": 0
        },
        {
            "id": "100086587815088",
            "count": 0
        },
        {
            "id": "100038302805162",
            "count": 0
        },
        {
            "id": "100007242316920",
            "count": 2
        },
        {
            "id": "100063033668553",
            "count": 0
        },
        {
            "id": "100034833402166",
            "count": 0
        },
        {
            "id": "61564581661341",
            "count": 0
        },
        {
            "id": "100072111781975",
            "count": 0
        },
        {
            "id": "100086125304557",
            "count": 0
        },
        {
            "id": "100087939275337",
            "count": 0
        },
        {
            "id": "100035269780947",
            "count": 0
        },
        {
            "id": "100028604925944",
            "count": 2
        },
        {
            "id": "100087164726392",
            "count": 10
        },
        {
            "id": "100023989338418",
            "count": 0
        },
        {
            "id": "100017507136894",
            "count": 0
        },
        {
            "id": "100058546604796",
            "count": 0
        },
        {
            "id": "100034380583070",
            "count": 0
        },
        {
            "id": "100033166605905",
            "count": 0
        },
        {
            "id": "100045486704071",
            "count": 0
        },
        {
            "id": "100051461986133",
            "count": 0
        },
        {
            "id": "100069413631386",
            "count": 0
        },
        {
            "id": "100014098174277",
            "count": 0
        },
        {
            "id": "100058354909828",
            "count": 0
        },
        {
            "id": "100079311134760",
            "count": 0
        },
        {
            "id": "100037136602750",
            "count": 0
        },
        {
            "id": "100034762037727",
            "count": 0
        },
        {
            "id": "100055203096454",
            "count": 0
        },
        {
            "id": "61559111339971",
            "count": 0
        },
        {
            "id": "100041545146710",
            "count": 0
        },
        {
            "id": "100039746713760",
            "count": 0
        },
        {
            "id": "100047886515533",
            "count": 0
        },
        {
            "id": "61556032113507",
            "count": 0
        },
        {
            "id": "61551994621402",
            "count": 0
        },
        {
            "id": "61550110580597",
            "count": 0
        },
        {
            "id": "100018252183603",
            "count": 0
        },
        {
            "id": "100071692214019",
            "count": 0
        },
        {
            "id": "61564366882254",
            "count": 0
        },
        {
            "id": "100010151563219",
            "count": 0
        },
        {
            "id": "100011443803214",
            "count": 0
        },
        {
            "id": "100047622819635",
            "count": 0
        },
        {
            "id": "100055708710772",
            "count": 0
        },
        {
            "id": "100035977275955",
            "count": 0
        },
        {
            "id": "100028023143540",
            "count": 0
        },
        {
            "id": "100092883697978",
            "count": 0
        },
        {
            "id": "100026551324277",
            "count": 14
        },
        {
            "id": "100059847465891",
            "count": 0
        },
        {
            "id": "100051581892205",
            "count": 0
        },
        {
            "id": "100067534278717",
            "count": 0
        },
        {
            "id": "100034883314530",
            "count": 0
        },
        {
            "id": "100055249308416",
            "count": 0
        },
        {
            "id": "100054828907875",
            "count": 0
        },
        {
            "id": "100035620126402",
            "count": 0
        },
        {
            "id": "61556883956806",
            "count": 0
        },
        {
            "id": "100072830749540",
            "count": 0
        },
        {
            "id": "100066990987283",
            "count": 0
        },
        {
            "id": "100048448660649",
            "count": 0
        },
        {
            "id": "100068582324970",
            "count": 0
        },
        {
            "id": "100021840818155",
            "count": 0
        },
        {
            "id": "100055105981429",
            "count": 0
        },
        {
            "id": "100077742696198",
            "count": 0
        },
        {
            "id": "100068310261131",
            "count": 0
        },
        {
            "id": "100093102425928",
            "count": 0
        },
        {
            "id": "100052775835486",
            "count": 0
        },
        {
            "id": "100004955410294",
            "count": 0
        },
        {
            "id": "61552975299840",
            "count": 0
        },
        {
            "id": "100087656003517",
            "count": 0
        },
        {
            "id": "61561458940574",
            "count": 0
        },
        {
            "id": "61561924220341",
            "count": 0
        },
        {
            "id": "100082271839099",
            "count": 2
        },
        {
            "id": "61559079650241",
            "count": 6
        },
        {
            "id": "100046905079762",
            "count": 9
        },
        {
            "id": "100073377258054",
            "count": 0
        },
        {
            "id": "61561530282324",
            "count": 17
        },
        {
            "id": "100009191795973",
            "count": 1
        }
    ],
    "day": [
        {
            "id": "100006869294769",
            "count": 0,
            "name": "Huynh Duy Khuong"
        },
        {
            "id": "100050799227583",
            "count": 0,
            "name": "Trang My"
        },
        {
            "id": "100037212971067",
            "count": 0,
            "name": "Ngọc Đức"
        },
        {
            "id": "100008436168780",
            "count": 0,
            "name": "Xuân Hữu"
        },
        {
            "id": "100006788266284",
            "count": 0,
            "name": "Lý Tống"
        },
        {
            "id": "61552575470623",
            "count": 0,
            "name": "Đào Dương"
        },
        {
            "id": "100040733495440",
            "count": 0,
            "name": "Hằng Bống"
        },
        {
            "id": "100046828592405",
            "count": 0,
            "name": "Phát Đinh"
        },
        {
            "id": "100074862723177",
            "count": 0,
            "name": "Trần Phong"
        },
        {
            "id": "100026759893695",
            "count": 0,
            "name": "Vân Ah"
        },
        {
            "id": "100044752597677",
            "count": 0,
            "name": "Chloe Mia"
        },
        {
            "id": "100086587815088",
            "count": 0,
            "name": "Đỗ Văn Quân"
        },
        {
            "id": "100038302805162",
            "count": 0,
            "name": "Trương Văn Thành"
        },
        {
            "id": "100007242316920",
            "count": 0,
            "name": "Huy Hoàng"
        },
        {
            "id": "100063033668553",
            "count": 0,
            "name": "Lê Gia Tiến"
        },
        {
            "id": "100034833402166",
            "count": 0,
            "name": "Bình Đh"
        },
        {
            "id": "61564581661341",
            "count": 0,
            "name": "Tếy Ak"
        },
        {
            "id": "100072111781975",
            "count": 0,
            "name": "タン ヒン"
        },
        {
            "id": "100086125304557",
            "count": 0,
            "name": "Giang Giang"
        },
        {
            "id": "100087939275337",
            "count": 0,
            "name": "Phương Chi"
        },
        {
            "id": "100035269780947",
            "count": 0,
            "name": "Ngô Quyến"
        },
        {
            "id": "100028604925944",
            "count": 0,
            "name": "Thùy Linh"
        },
        {
            "id": "100087164726392",
            "count": 0,
            "name": "Nhật Lệ"
        },
        {
            "id": "100023989338418",
            "count": 0,
            "name": "Bôn Đại"
        },
        {
            "id": "100017507136894",
            "count": 0,
            "name": "Cap Trần"
        },
        {
            "id": "100058546604796",
            "count": 0,
            "name": "Trần Hùng Linh"
        },
        {
            "id": "100034380583070",
            "count": 0,
            "name": "Nhật Hoàng"
        },
        {
            "id": "100033166605905",
            "count": 0,
            "name": "Trần Thái Bảo"
        },
        {
            "id": "100045486704071",
            "count": 0,
            "name": "Kiều Hạnh"
        },
        {
            "id": "100051461986133",
            "count": 0,
            "name": "Nguyễn Bảo An"
        },
        {
            "id": "100069413631386",
            "count": 0,
            "name": "Nguyễn Hưng"
        },
        {
            "id": "100014098174277",
            "count": 0,
            "name": "Trần Đức Thắng"
        },
        {
            "id": "100058354909828",
            "count": 0,
            "name": "Họ Hoàng Thiếu Muối"
        },
        {
            "id": "100079311134760",
            "count": 0,
            "name": "Lê Quốc Thắng"
        },
        {
            "id": "100037136602750",
            "count": 0,
            "name": "Thái Khắc Thắng"
        },
        {
            "id": "100034762037727",
            "count": 0,
            "name": "Nh Hải Băng"
        },
        {
            "id": "100055203096454",
            "count": 0,
            "name": "Huyền Trang"
        },
        {
            "id": "61559111339971",
            "count": 0,
            "name": "Người dùng Facebook"
        },
        {
            "id": "100041545146710",
            "count": 0,
            "name": "Vann Anhh"
        },
        {
            "id": "100039746713760",
            "count": 0,
            "name": "Hạ"
        },
        {
            "id": "100047886515533",
            "count": 0,
            "name": "Võ Quân"
        },
        {
            "id": "61556032113507",
            "count": 0,
            "name": "Cam Xinh"
        },
        {
            "id": "61551994621402",
            "count": 0,
            "name": "Nguyễn Minh Đăng"
        },
        {
            "id": "61550110580597",
            "count": 0,
            "name": "Văn Chiến"
        },
        {
            "id": "100018252183603",
            "count": 0,
            "name": "Bích Phụng"
        },
        {
            "id": "100071692214019",
            "count": 0,
            "name": "Cọt Cọt"
        },
        {
            "id": "61564366882254",
            "count": 0,
            "name": "Nguyễn Thị Thảo Zyy"
        },
        {
            "id": "100010151563219",
            "count": 0,
            "name": "Nguyễn Trần Phát Đạt"
        },
        {
            "id": "100011443803214",
            "count": 0,
            "name": "Văn Hưởng"
        },
        {
            "id": "100047622819635",
            "count": 0,
            "name": "Thái Văn Lộc"
        },
        {
            "id": "100055708710772",
            "count": 0,
            "name": "Trân Bae"
        },
        {
            "id": "100035977275955",
            "count": 0,
            "name": "Hoàng Tuấn"
        },
        {
            "id": "100028023143540",
            "count": 0,
            "name": "Thanh Dũng"
        },
        {
            "id": "100092883697978",
            "count": 0,
            "name": "Nguyễn Văn Phát"
        },
        {
            "id": "100026551324277",
            "count": 0,
            "name": "Bùi Thị Thu Thảo"
        },
        {
            "id": "100059847465891",
            "count": 0,
            "name": "Đức Trọng"
        },
        {
            "id": "100051581892205",
            "count": 0,
            "name": "Tấn Tài"
        },
        {
            "id": "100067534278717",
            "count": 0,
            "name": "Lê H. Minh"
        },
        {
            "id": "100034883314530",
            "count": 0,
            "name": "Hà Lê"
        },
        {
            "id": "100055249308416",
            "count": 0,
            "name": "Trần Thanh Tâm"
        },
        {
            "id": "100054828907875",
            "count": 0,
            "name": "Nguyễn Thành Phát"
        },
        {
            "id": "100035620126402",
            "count": 0,
            "name": "Thịnh Origin"
        },
        {
            "id": "61556883956806",
            "count": 0,
            "name": "Ngô M Hoàng"
        },
        {
            "id": "100072830749540",
            "count": 0,
            "name": "Na Na"
        },
        {
            "id": "100066990987283",
            "count": 0,
            "name": "Bảo An"
        },
        {
            "id": "100048448660649",
            "count": 0,
            "name": "An Blu"
        },
        {
            "id": "100068582324970",
            "count": 0,
            "name": "Hà Thu"
        },
        {
            "id": "100021840818155",
            "count": 0,
            "name": "Trần Phương Thảo"
        },
        {
            "id": "100055105981429",
            "count": 0,
            "name": "Nguyễn Phúc"
        },
        {
            "id": "100077742696198",
            "count": 0,
            "name": "Đỗ Văn Quân"
        },
        {
            "id": "100068310261131",
            "count": 0,
            "name": "Văn Thuận"
        },
        {
            "id": "100093102425928",
            "count": 0,
            "name": "Người dùng Facebook"
        },
        {
            "id": "100052775835486",
            "count": 0,
            "name": "Dương Kẹo"
        },
        {
            "id": "100004955410294",
            "count": 0,
            "name": "Trần Văn Phong"
        },
        {
            "id": "61552975299840",
            "count": 0,
            "name": "Bình Lê"
        },
        {
            "id": "100087656003517",
            "count": 0,
            "name": "Bảo Như"
        },
        {
            "id": "61561458940574",
            "count": 0,
            "name": "Người dùng Facebook"
        },
        {
            "id": "61561924220341",
            "count": 0,
            "name": "Ngọc Nhung"
        },
        {
            "id": "100082271839099",
            "count": 0,
            "name": "Ngọc Hoàng"
        },
        {
            "id": "61559079650241",
            "count": 0,
            "name": "Nguyễn Thanh Tùng"
        },
        {
            "id": "100046905079762",
            "count": 0,
            "name": "Bùi Đan Trường"
        },
        {
            "id": "100073377258054",
            "count": 0,
            "name": "Dương Ngọc"
        },
        {
            "id": "61561530282324",
            "count": 0,
            "name": "Roronoa Xoro"
        },
        {
            "id": "100009191795973",
            "count": 0,
            "name": "Hà Văn Nguyễn"
        }
    ],
    "time": 6,
    "last": {
        "time": 3,
        "day": [
            {
                "id": "100006869294769",
                "count": 0
            },
            {
                "id": "100050799227583",
                "count": 0
            },
            {
                "id": "100037212971067",
                "count": 0
            },
            {
                "id": "100029506663384",
                "count": 0
            },
            {
                "id": "100008436168780",
                "count": 0
            },
            {
                "id": "100006788266284",
                "count": 0
            },
            {
                "id": "61552575470623",
                "count": 0
            },
            {
                "id": "100040733495440",
                "count": 0
            },
            {
                "id": "100046828592405",
                "count": 0
            },
            {
                "id": "100074862723177",
                "count": 0
            },
            {
                "id": "100026759893695",
                "count": 0
            },
            {
                "id": "100044752597677",
                "count": 0
            },
            {
                "id": "100086587815088",
                "count": 0
            },
            {
                "id": "100038302805162",
                "count": 0
            },
            {
                "id": "100007242316920",
                "count": 0
            },
            {
                "id": "100063033668553",
                "count": 0
            },
            {
                "id": "100034833402166",
                "count": 0
            },
            {
                "id": "61564581661341",
                "count": 0
            },
            {
                "id": "100072111781975",
                "count": 0
            },
            {
                "id": "100086125304557",
                "count": 0
            },
            {
                "id": "100087939275337",
                "count": 0
            },
            {
                "id": "100035269780947",
                "count": 0
            },
            {
                "id": "100028604925944",
                "count": 0
            },
            {
                "id": "100087164726392",
                "count": 0
            },
            {
                "id": "100023989338418",
                "count": 0
            },
            {
                "id": "100017507136894",
                "count": 0
            },
            {
                "id": "100058546604796",
                "count": 0
            },
            {
                "id": "100034380583070",
                "count": 0
            },
            {
                "id": "100033166605905",
                "count": 0
            },
            {
                "id": "100045486704071",
                "count": 0
            },
            {
                "id": "100051461986133",
                "count": 0
            },
            {
                "id": "100069413631386",
                "count": 0
            },
            {
                "id": "100014098174277",
                "count": 0
            },
            {
                "id": "100058354909828",
                "count": 0
            },
            {
                "id": "100079311134760",
                "count": 0
            },
            {
                "id": "100037136602750",
                "count": 0
            },
            {
                "id": "100034762037727",
                "count": 0
            },
            {
                "id": "100055203096454",
                "count": 0
            },
            {
                "id": "61559111339971",
                "count": 0
            },
            {
                "id": "100041545146710",
                "count": 0
            },
            {
                "id": "100039746713760",
                "count": 0
            },
            {
                "id": "100047886515533",
                "count": 0
            },
            {
                "id": "61556032113507",
                "count": 0
            },
            {
                "id": "61551994621402",
                "count": 0
            },
            {
                "id": "61550110580597",
                "count": 0
            },
            {
                "id": "100018252183603",
                "count": 0
            },
            {
                "id": "100071692214019",
                "count": 0
            },
            {
                "id": "61564366882254",
                "count": 0
            },
            {
                "id": "100010151563219",
                "count": 0
            },
            {
                "id": "100011443803214",
                "count": 0
            },
            {
                "id": "100047622819635",
                "count": 0
            },
            {
                "id": "100055708710772",
                "count": 0
            },
            {
                "id": "100035977275955",
                "count": 0
            },
            {
                "id": "100028023143540",
                "count": 0
            },
            {
                "id": "100092883697978",
                "count": 0
            },
            {
                "id": "100026551324277",
                "count": 0
            },
            {
                "id": "100059847465891",
                "count": 0
            },
            {
                "id": "100051581892205",
                "count": 0
            },
            {
                "id": "100067534278717",
                "count": 0
            },
            {
                "id": "100034883314530",
                "count": 0
            },
            {
                "id": "100055249308416",
                "count": 0
            },
            {
                "id": "100054828907875",
                "count": 0
            },
            {
                "id": "100035620126402",
                "count": 0
            },
            {
                "id": "61556883956806",
                "count": 0
            },
            {
                "id": "100072830749540",
                "count": 0
            },
            {
                "id": "100066990987283",
                "count": 0
            },
            {
                "id": "100048448660649",
                "count": 0
            },
            {
                "id": "100068582324970",
                "count": 0
            },
            {
                "id": "100021840818155",
                "count": 0
            },
            {
                "id": "100055105981429",
                "count": 0
            },
            {
                "id": "100077742696198",
                "count": 0
            },
            {
                "id": "100068310261131",
                "count": 0
            },
            {
                "id": "100093102425928",
                "count": 0
            },
            {
                "id": "100052775835486",
                "count": 0
            },
            {
                "id": "100004955410294",
                "count": 0
            },
            {
                "id": "61552975299840",
                "count": 0
            },
            {
                "id": "100087656003517",
                "count": 0
            },
            {
                "id": "61561458940574",
                "count": 0
            },
            {
                "id": "61561924220341",
                "count": 0
            },
            {
                "id": "100082271839099",
                "count": 0
            },
            {
                "id": "61559079650241",
                "count": 0
            },
            {
                "id": "100046905079762",
                "count": 0
            },
            {
                "id": "100073377258054",
                "count": 0
            },
            {
                "id": "61561530282324",
                "count": 0
            },
            {
                "id": "100009191795973",
                "count": 0
            }
        ],
        "week": [
            {
                "id": "100006869294769",
                "count": 0
            },
            {
                "id": "100050799227583",
                "count": 0
            },
            {
                "id": "100037212971067",
                "count": 0
            },
            {
                "id": "100029506663384",
                "count": 0
            },
            {
                "id": "100008436168780",
                "count": 0
            },
            {
                "id": "100006788266284",
                "count": 0
            },
            {
                "id": "61552575470623",
                "count": 0
            },
            {
                "id": "100040733495440",
                "count": 0
            },
            {
                "id": "100046828592405",
                "count": 0
            },
            {
                "id": "100074862723177",
                "count": 0
            },
            {
                "id": "100026759893695",
                "count": 0
            },
            {
                "id": "100044752597677",
                "count": 0
            },
            {
                "id": "100086587815088",
                "count": 0
            },
            {
                "id": "100038302805162",
                "count": 0
            },
            {
                "id": "100007242316920",
                "count": 0
            },
            {
                "id": "100063033668553",
                "count": 0
            },
            {
                "id": "100034833402166",
                "count": 0
            },
            {
                "id": "61564581661341",
                "count": 0
            },
            {
                "id": "100072111781975",
                "count": 0
            },
            {
                "id": "100086125304557",
                "count": 0
            },
            {
                "id": "100087939275337",
                "count": 0
            },
            {
                "id": "100035269780947",
                "count": 0
            },
            {
                "id": "100028604925944",
                "count": 0
            },
            {
                "id": "100087164726392",
                "count": 0
            },
            {
                "id": "100023989338418",
                "count": 0
            },
            {
                "id": "100017507136894",
                "count": 0
            },
            {
                "id": "100058546604796",
                "count": 0
            },
            {
                "id": "100034380583070",
                "count": 0
            },
            {
                "id": "100033166605905",
                "count": 0
            },
            {
                "id": "100045486704071",
                "count": 0
            },
            {
                "id": "100051461986133",
                "count": 0
            },
            {
                "id": "100069413631386",
                "count": 0
            },
            {
                "id": "100014098174277",
                "count": 0
            },
            {
                "id": "100058354909828",
                "count": 0
            },
            {
                "id": "100079311134760",
                "count": 0
            },
            {
                "id": "100037136602750",
                "count": 0
            },
            {
                "id": "100034762037727",
                "count": 0
            },
            {
                "id": "100055203096454",
                "count": 0
            },
            {
                "id": "61559111339971",
                "count": 0
            },
            {
                "id": "100041545146710",
                "count": 0
            },
            {
                "id": "100039746713760",
                "count": 0
            },
            {
                "id": "100047886515533",
                "count": 0
            },
            {
                "id": "61556032113507",
                "count": 0
            },
            {
                "id": "61551994621402",
                "count": 0
            },
            {
                "id": "61550110580597",
                "count": 0
            },
            {
                "id": "100018252183603",
                "count": 0
            },
            {
                "id": "100071692214019",
                "count": 0
            },
            {
                "id": "61564366882254",
                "count": 0
            },
            {
                "id": "100010151563219",
                "count": 0
            },
            {
                "id": "100011443803214",
                "count": 0
            },
            {
                "id": "100047622819635",
                "count": 0
            },
            {
                "id": "100055708710772",
                "count": 0
            },
            {
                "id": "100035977275955",
                "count": 0
            },
            {
                "id": "100028023143540",
                "count": 0
            },
            {
                "id": "100092883697978",
                "count": 0
            },
            {
                "id": "100026551324277",
                "count": 0
            },
            {
                "id": "100059847465891",
                "count": 0
            },
            {
                "id": "100051581892205",
                "count": 0
            },
            {
                "id": "100067534278717",
                "count": 0
            },
            {
                "id": "100034883314530",
                "count": 0
            },
            {
                "id": "100055249308416",
                "count": 0
            },
            {
                "id": "100054828907875",
                "count": 0
            },
            {
                "id": "100035620126402",
                "count": 0
            },
            {
                "id": "61556883956806",
                "count": 0
            },
            {
                "id": "100072830749540",
                "count": 0
            },
            {
                "id": "100066990987283",
                "count": 0
            },
            {
                "id": "100048448660649",
                "count": 0
            },
            {
                "id": "100068582324970",
                "count": 0
            },
            {
                "id": "100021840818155",
                "count": 0
            },
            {
                "id": "100055105981429",
                "count": 0
            },
            {
                "id": "100077742696198",
                "count": 0
            },
            {
                "id": "100068310261131",
                "count": 0
            },
            {
                "id": "100093102425928",
                "count": 0
            },
            {
                "id": "100052775835486",
                "count": 0
            },
            {
                "id": "100004955410294",
                "count": 0
            },
            {
                "id": "61552975299840",
                "count": 0
            },
            {
                "id": "100087656003517",
                "count": 0
            },
            {
                "id": "61561458940574",
                "count": 0
            },
            {
                "id": "61561924220341",
                "count": 0
            },
            {
                "id": "100082271839099",
                "count": 0
            },
            {
                "id": "61559079650241",
                "count": 0
            },
            {
                "id": "100046905079762",
                "count": 0
            },
            {
                "id": "100073377258054",
                "count": 0
            },
            {
                "id": "61561530282324",
                "count": 0
            },
            {
                "id": "100009191795973",
                "count": 0
            }
        ]
    }
}