{
    "total": [
        {
            "id": "100089033040313",
            "count": 0
        },
        {
            "id": "100077026869574",
            "count": 0
        },
        {
            "id": "61561530282324",
            "count": 10
        },
        {
            "id": "100077018405888",
            "count": 14
        },
        {
            "id": "100080922802311",
            "count": 0
        },
        {
            "id": "61556104662797",
            "count": 0
        }
    ],
    "week": [
        {
            "id": "100089033040313",
            "count": 0,
            "name": "Người dùng Facebook"
        },
        {
            "id": "100077026869574",
            "count": 0,
            "name": "Người dùng Facebook"
        },
        {
            "id": "61561530282324",
            "count": 10,
            "name": "Roronoa Xoro"
        },
        {
            "id": "100077018405888",
            "count": 0,
            "name": "Người dùng Facebook"
        },
        {
            "id": "100080922802311",
            "count": 0,
            "name": "Mai Đình Tú"
        },
        {
            "id": "61556104662797",
            "count": 0,
            "name": "Người dùng Facebook"
        }
    ],
    "day": [
        {
            "id": "100089033040313",
            "count": 0,
            "name": "Nguyễn Đức Toàn"
        },
        {
            "id": "100077026869574",
            "count": 0,
            "name": "Người dùng Facebook"
        },
        {
            "id": "61561530282324",
            "count": 1,
            "name": "Roronoa Xoro"
        },
        {
            "id": "100077018405888",
            "count": 0,
            "name": "Cậu Ba"
        },
        {
            "id": "100080922802311",
            "count": 0,
            "name": "Mai Đình Tú"
        },
        {
            "id": "61556104662797",
            "count": 0,
            "name": "Người dùng Facebook"
        }
    ],
    "time": 6,
    "last": {
        "time": 6,
        "day": [
            {
                "id": "100089033040313",
                "count": 0
            },
            {
                "id": "100077026869574",
                "count": 0
            },
            {
                "id": "100089407034426",
                "count": 0
            },
            {
                "id": "61561530282324",
                "count": 0
            },
            {
                "id": "100077018405888",
                "count": 0
            },
            {
                "id": "100080922802311",
                "count": 0
            },
            {
                "id": "61556104662797",
                "count": 0
            }
        ],
        "week": [
            {
                "id": "100089033040313",
                "count": 0
            },
            {
                "id": "100077026869574",
                "count": 0
            },
            {
                "id": "100089407034426",
                "count": 0
            },
            {
                "id": "61561530282324",
                "count": 0
            },
            {
                "id": "100077018405888",
                "count": 0
            },
            {
                "id": "100080922802311",
                "count": 0
            },
            {
                "id": "61556104662797",
                "count": 0
            }
        ]
    }
}