{
    "total": [
        {
            "id": "100033312022012",
            "count": 0
        },
        {
            "id": "61556772976248",
            "count": 0
        },
        {
            "id": "61562940531889",
            "count": 0
        },
        {
            "id": "100074588534229",
            "count": 0
        },
        {
            "id": "100022985598611",
            "count": 0
        },
        {
            "id": "100082981705664",
            "count": 0
        },
        {
            "id": "61564879852884",
            "count": 0
        },
        {
            "id": "100073230553248",
            "count": 0
        },
        {
            "id": "100089420839394",
            "count": 0
        },
        {
            "id": "100082112157666",
            "count": 241
        },
        {
            "id": "100023826760947",
            "count": 0
        },
        {
            "id": "100089085075834",
            "count": 0
        },
        {
            "id": "100092197614837",
            "count": 0
        },
        {
            "id": "100077878921189",
            "count": 0
        },
        {
            "id": "61563810720563",
            "count": 0
        },
        {
            "id": "61564425075670",
            "count": 0
        },
        {
            "id": "100088405181421",
            "count": 0
        },
        {
            "id": "100075856932662",
            "count": 0
        },
        {
            "id": "100033251211035",
            "count": 0
        },
        {
            "id": "61557528937023",
            "count": 0
        },
        {
            "id": "100016207083566",
            "count": 0
        },
        {
            "id": "61561918855129",
            "count": 0
        },
        {
            "id": "61558496440993",
            "count": 0
        },
        {
            "id": "100080535682998",
            "count": 0
        },
        {
            "id": "61566393482176",
            "count": 0
        },
        {
            "id": "100094852915130",
            "count": 9
        },
        {
            "id": "61561319361172",
            "count": 0
        },
        {
            "id": "100084386389122",
            "count": 0
        },
        {
            "id": "100075796114235",
            "count": 0
        },
        {
            "id": "100053794328959",
            "count": 0
        },
        {
            "id": "100095473067096",
            "count": 81
        },
        {
            "id": "61559079650241",
            "count": 0
        },
        {
            "id": "61566826751267",
            "count": 0
        },
        {
            "id": "61566556404201",
            "count": 0
        },
        {
            "id": "61565201282947",
            "count": 0
        },
        {
            "id": "100065252582783",
            "count": 0
        },
        {
            "id": "100018164079900",
            "count": 0
        },
        {
            "id": "100095029658846",
            "count": 1
        },
        {
            "id": "61564186963164",
            "count": 0
        },
        {
            "id": "61561127464627",
            "count": 14
        },
        {
            "id": "61564500608611",
            "count": 311
        },
        {
            "id": "61550478530851",
            "count": 2
        },
        {
            "id": "61565498501894",
            "count": 0
        },
        {
            "id": "100074471329064",
            "count": 5
        },
        {
            "id": "61564924226512",
            "count": 4
        },
        {
            "id": "61550894191068",
            "count": 0
        },
        {
            "id": "100093048007921",
            "count": 2
        },
        {
            "id": "100083241672086",
            "count": 1
        },
        {
            "id": "100093466478541",
            "count": 7
        },
        {
            "id": "100052922481127",
            "count": 8
        },
        {
            "id": "100090740727562",
            "count": 218
        },
        {
            "id": "61557376657209",
            "count": 0
        },
        {
            "id": "61564180246355",
            "count": 0
        },
        {
            "id": "61567700313968",
            "count": 181
        },
        {
            "id": "100025050722818",
            "count": 27
        }
    ],
    "week": [
        {
            "id": "100033312022012",
            "count": 0,
            "name": "Thanh Duong"
        },
        {
            "id": "61556772976248",
            "count": 0,
            "name": "Minhh Anhh"
        },
        {
            "id": "61562940531889",
            "count": 0,
            "name": "Lý Đại Cương"
        },
        {
            "id": "100074588534229",
            "count": 0,
            "name": "Vu Khoa"
        },
        {
            "id": "100022985598611",
            "count": 0,
            "name": "Quân Hoàng"
        },
        {
            "id": "100082981705664",
            "count": 0,
            "name": "Lee Duc Phuc"
        },
        {
            "id": "61564879852884",
            "count": 0,
            "name": "Thu Trang"
        },
        {
            "id": "100073230553248",
            "count": 0,
            "name": "Nguyễn Bá Tín"
        },
        {
            "id": "100089420839394",
            "count": 0,
            "name": "Khoa Nè"
        },
        {
            "id": "100082112157666",
            "count": 0,
            "name": "Minh Tiến"
        },
        {
            "id": "100023826760947",
            "count": 0,
            "name": "Xuân Tiến"
        },
        {
            "id": "100089085075834",
            "count": 0,
            "name": "Meo Dzai"
        },
        {
            "id": "100092197614837",
            "count": 0,
            "name": "Phuong Linhh"
        },
        {
            "id": "100077878921189",
            "count": 0,
            "name": "Thu Huong"
        },
        {
            "id": "61563810720563",
            "count": 0,
            "name": "Lê Trường"
        },
        {
            "id": "61564425075670",
            "count": 0,
            "name": "Người dùng Facebook"
        },
        {
            "id": "100088405181421",
            "count": 0,
            "name": "Quốc Khang"
        },
        {
            "id": "100075856932662",
            "count": 0,
            "name": "Duc Chung"
        },
        {
            "id": "100033251211035",
            "count": 0,
            "name": "Phạm Văn Hoàn"
        },
        {
            "id": "61557528937023",
            "count": 0,
            "name": "Phạm Tuấn Dũng"
        },
        {
            "id": "100016207083566",
            "count": 0,
            "name": "Đông Nghi"
        },
        {
            "id": "61561918855129",
            "count": 0,
            "name": "Duc Quan"
        },
        {
            "id": "61558496440993",
            "count": 0,
            "name": "Ng Phan Dũng"
        },
        {
            "id": "100080535682998",
            "count": 0,
            "name": "Ngọc Hà"
        },
        {
            "id": "61566393482176",
            "count": 0,
            "name": "gai dp trung ky"
        },
        {
            "id": "100094852915130",
            "count": 0,
            "name": "Viett Longg"
        },
        {
            "id": "61561319361172",
            "count": 0,
            "name": "Duy An Ng"
        },
        {
            "id": "100084386389122",
            "count": 0,
            "name": "Lê Tiến Đạt"
        },
        {
            "id": "100075796114235",
            "count": 0,
            "name": "Quangg Hungg"
        },
        {
            "id": "100053794328959",
            "count": 0,
            "name": "Ngdep Mỏ Hỗn"
        },
        {
            "id": "100095473067096",
            "count": 0,
            "name": "Duy Thai"
        },
        {
            "id": "61559079650241",
            "count": 0,
            "name": "Nguyễn Thanh Tùng"
        },
        {
            "id": "61566826751267",
            "count": 0,
            "name": "Tùng Thanh"
        },
        {
            "id": "61566556404201",
            "count": 0,
            "name": "Tr Nguyễn Trúc Quỳnh"
        },
        {
            "id": "61565201282947",
            "count": 0,
            "name": "Oralie Meii"
        },
        {
            "id": "100065252582783",
            "count": 0,
            "name": "唐嫣"
        },
        {
            "id": "100018164079900",
            "count": 0,
            "name": "Khang Nguyên"
        },
        {
            "id": "100095029658846",
            "count": 0,
            "name": "Rin Nosi"
        },
        {
            "id": "61564186963164",
            "count": 0,
            "name": "Minh Minh"
        },
        {
            "id": "61561127464627",
            "count": 0,
            "name": "Huy Phạm"
        },
        {
            "id": "61564500608611",
            "count": 0,
            "name": "Thuy Linh"
        },
        {
            "id": "61550478530851",
            "count": 0,
            "name": "Hoang Angg"
        },
        {
            "id": "61565498501894",
            "count": 0,
            "name": "Nhiệp Nhè"
        },
        {
            "id": "100074471329064",
            "count": 0,
            "name": "Thủy Tiên"
        },
        {
            "id": "61564924226512",
            "count": 0,
            "name": "Phuong Quynh"
        },
        {
            "id": "61550894191068",
            "count": 0,
            "name": "Người dùng facebook"
        },
        {
            "id": "100093048007921",
            "count": 0,
            "name": "Ngọc Ánh"
        },
        {
            "id": "100083241672086",
            "count": 0,
            "name": "Ng Yen Ngoc"
        },
        {
            "id": "100093466478541",
            "count": 0,
            "name": "Tran HaVy"
        },
        {
            "id": "100052922481127",
            "count": 0,
            "name": "Mai Đức Thành"
        },
        {
            "id": "100090740727562",
            "count": 0,
            "name": "Trần Hưng"
        },
        {
            "id": "61557376657209",
            "count": 0,
            "name": "Người dùng facebook"
        },
        {
            "id": "61564180246355",
            "count": 0,
            "name": "Người dùng facebook"
        },
        {
            "id": "61567700313968",
            "count": 0,
            "name": "Nguyễn Khánh An"
        },
        {
            "id": "100025050722818",
            "count": 0,
            "name": "Hữu Tú"
        }
    ],
    "day": [
        {
            "id": "100033312022012",
            "count": 0,
            "name": "Thanh Duong"
        },
        {
            "id": "61556772976248",
            "count": 0,
            "name": "Minhh Anhh"
        },
        {
            "id": "61562940531889",
            "count": 0,
            "name": "Lý Đại Cương"
        },
        {
            "id": "100074588534229",
            "count": 0,
            "name": "Vu Khoa"
        },
        {
            "id": "100022985598611",
            "count": 0,
            "name": "Quân Hoàng"
        },
        {
            "id": "100082981705664",
            "count": 0,
            "name": "Lee Duc Phuc"
        },
        {
            "id": "61564879852884",
            "count": 0,
            "name": "Thu Trang"
        },
        {
            "id": "100073230553248",
            "count": 0,
            "name": "Nguyễn Bá Tín"
        },
        {
            "id": "100089420839394",
            "count": 0,
            "name": "Khoa Nè"
        },
        {
            "id": "100082112157666",
            "count": 0,
            "name": "Minh Tiến"
        },
        {
            "id": "100023826760947",
            "count": 0,
            "name": "Xuân Tiến"
        },
        {
            "id": "100089085075834",
            "count": 0,
            "name": "Meo Dzai"
        },
        {
            "id": "100092197614837",
            "count": 0,
            "name": "Phuong Linhh"
        },
        {
            "id": "100077878921189",
            "count": 0,
            "name": "Thu Huong"
        },
        {
            "id": "61563810720563",
            "count": 0,
            "name": "Lê Trường"
        },
        {
            "id": "61564425075670",
            "count": 0,
            "name": "Người dùng Facebook"
        },
        {
            "id": "100088405181421",
            "count": 0,
            "name": "Quốc Khang"
        },
        {
            "id": "100075856932662",
            "count": 0,
            "name": "Duc Chung"
        },
        {
            "id": "100033251211035",
            "count": 0,
            "name": "Phạm Văn Hoàn"
        },
        {
            "id": "61557528937023",
            "count": 0,
            "name": "Phạm Tuấn Dũng"
        },
        {
            "id": "100016207083566",
            "count": 0,
            "name": "Đông Nghi"
        },
        {
            "id": "61561918855129",
            "count": 0,
            "name": "Duc Quan"
        },
        {
            "id": "61558496440993",
            "count": 0,
            "name": "Ng Phan Dũng"
        },
        {
            "id": "100080535682998",
            "count": 0,
            "name": "Ngọc Hà"
        },
        {
            "id": "61566393482176",
            "count": 0,
            "name": "gai dp trung ky"
        },
        {
            "id": "100094852915130",
            "count": 0,
            "name": "Viett Longg"
        },
        {
            "id": "61561319361172",
            "count": 0,
            "name": "Duy An Ng"
        },
        {
            "id": "100084386389122",
            "count": 0,
            "name": "Lê Tiến Đạt"
        },
        {
            "id": "100075796114235",
            "count": 0,
            "name": "Quangg Hungg"
        },
        {
            "id": "100053794328959",
            "count": 0,
            "name": "Ngdep Mỏ Hỗn"
        },
        {
            "id": "100095473067096",
            "count": 0,
            "name": "Duy Thai"
        },
        {
            "id": "61559079650241",
            "count": 0,
            "name": "Nguyễn Thanh Tùng"
        },
        {
            "id": "61566826751267",
            "count": 0,
            "name": "Tùng Thanh"
        },
        {
            "id": "61566556404201",
            "count": 0,
            "name": "Tr Nguyễn Trúc Quỳnh"
        },
        {
            "id": "61565201282947",
            "count": 0,
            "name": "Oralie Meii"
        },
        {
            "id": "100065252582783",
            "count": 0,
            "name": "唐嫣"
        },
        {
            "id": "100018164079900",
            "count": 0,
            "name": "Khang Nguyên"
        },
        {
            "id": "100095029658846",
            "count": 0,
            "name": "Rin Nosi"
        },
        {
            "id": "61564186963164",
            "count": 0,
            "name": "Minh Minh"
        },
        {
            "id": "61561127464627",
            "count": 0,
            "name": "Huy Phạm"
        },
        {
            "id": "61564500608611",
            "count": 0,
            "name": "Thuy Linh"
        },
        {
            "id": "61550478530851",
            "count": 0,
            "name": "Hoang Angg"
        },
        {
            "id": "61565498501894",
            "count": 0,
            "name": "Nhiệp Nhè"
        },
        {
            "id": "100074471329064",
            "count": 0,
            "name": "Thủy Tiên"
        },
        {
            "id": "61564924226512",
            "count": 0,
            "name": "Phuong Quynh"
        },
        {
            "id": "61550894191068",
            "count": 0,
            "name": "Người dùng facebook"
        },
        {
            "id": "100093048007921",
            "count": 0,
            "name": "Ngọc Ánh"
        },
        {
            "id": "100083241672086",
            "count": 0,
            "name": "Ng Yen Ngoc"
        },
        {
            "id": "100093466478541",
            "count": 0,
            "name": "Tran HaVy"
        },
        {
            "id": "100052922481127",
            "count": 0,
            "name": "Mai Đức Thành"
        },
        {
            "id": "100090740727562",
            "count": 0,
            "name": "Trần Hưng"
        },
        {
            "id": "61557376657209",
            "count": 0,
            "name": "Người dùng facebook"
        },
        {
            "id": "61564180246355",
            "count": 0,
            "name": "Người dùng facebook"
        },
        {
            "id": "61567700313968",
            "count": 0,
            "name": "Nguyễn Khánh An"
        },
        {
            "id": "100025050722818",
            "count": 0,
            "name": "Hữu Tú"
        }
    ],
    "time": 6,
    "last": {
        "time": 0,
        "day": [
            {
                "id": "100033312022012",
                "count": 0
            },
            {
                "id": "61556772976248",
                "count": 0
            },
            {
                "id": "61562940531889",
                "count": 0
            },
            {
                "id": "100074588534229",
                "count": 0
            },
            {
                "id": "100022985598611",
                "count": 0
            },
            {
                "id": "100082981705664",
                "count": 0
            },
            {
                "id": "61564879852884",
                "count": 0
            },
            {
                "id": "100073230553248",
                "count": 0
            },
            {
                "id": "100089420839394",
                "count": 0
            },
            {
                "id": "100082112157666",
                "count": 0
            },
            {
                "id": "100023826760947",
                "count": 0
            },
            {
                "id": "100089085075834",
                "count": 0
            },
            {
                "id": "100092197614837",
                "count": 0
            },
            {
                "id": "100077878921189",
                "count": 0
            },
            {
                "id": "61563810720563",
                "count": 0
            },
            {
                "id": "61564425075670",
                "count": 0
            },
            {
                "id": "100088405181421",
                "count": 0
            },
            {
                "id": "100075856932662",
                "count": 0
            },
            {
                "id": "100033251211035",
                "count": 0
            },
            {
                "id": "61557528937023",
                "count": 0
            },
            {
                "id": "100016207083566",
                "count": 0
            },
            {
                "id": "61561918855129",
                "count": 0
            },
            {
                "id": "61558496440993",
                "count": 0
            },
            {
                "id": "100080535682998",
                "count": 0
            },
            {
                "id": "61566393482176",
                "count": 0
            },
            {
                "id": "100094852915130",
                "count": 0
            },
            {
                "id": "61561319361172",
                "count": 0
            },
            {
                "id": "100084386389122",
                "count": 0
            },
            {
                "id": "100075796114235",
                "count": 0
            },
            {
                "id": "100053794328959",
                "count": 0
            },
            {
                "id": "100095473067096",
                "count": 0
            },
            {
                "id": "61559079650241",
                "count": 0
            },
            {
                "id": "61566826751267",
                "count": 0
            },
            {
                "id": "61566556404201",
                "count": 0
            },
            {
                "id": "61565201282947",
                "count": 0
            },
            {
                "id": "100065252582783",
                "count": 0
            },
            {
                "id": "100018164079900",
                "count": 0
            },
            {
                "id": "100095029658846",
                "count": 0
            },
            {
                "id": "61564186963164",
                "count": 0
            },
            {
                "id": "61561127464627",
                "count": 0
            },
            {
                "id": "100086388625905",
                "count": 0
            },
            {
                "id": "100037297384983",
                "count": 0
            },
            {
                "id": "61564500608611",
                "count": 0
            },
            {
                "id": "61550478530851",
                "count": 0
            },
            {
                "id": "61565498501894",
                "count": 0
            },
            {
                "id": "100094862254631",
                "count": 0
            },
            {
                "id": "100074471329064",
                "count": 0
            },
            {
                "id": "61564924226512",
                "count": 0
            },
            {
                "id": "61550894191068",
                "count": 0
            },
            {
                "id": "100093048007921",
                "count": 0
            },
            {
                "id": "100083241672086",
                "count": 0
            },
            {
                "id": "100093466478541",
                "count": 0
            },
            {
                "id": "100052922481127",
                "count": 0
            },
            {
                "id": "100043461799533",
                "count": 0
            },
            {
                "id": "100090740727562",
                "count": 0
            },
            {
                "id": "61557376657209",
                "count": 0
            },
            {
                "id": "61564180246355",
                "count": 0
            },
            {
                "id": "61567700313968",
                "count": 0
            },
            {
                "id": "100025050722818",
                "count": 0
            }
        ],
        "week": [
            {
                "id": "100033312022012",
                "count": 0
            },
            {
                "id": "61556772976248",
                "count": 0
            },
            {
                "id": "61562940531889",
                "count": 0
            },
            {
                "id": "100074588534229",
                "count": 0
            },
            {
                "id": "100022985598611",
                "count": 0
            },
            {
                "id": "100082981705664",
                "count": 0
            },
            {
                "id": "61564879852884",
                "count": 0
            },
            {
                "id": "100073230553248",
                "count": 0
            },
            {
                "id": "100089420839394",
                "count": 0
            },
            {
                "id": "100082112157666",
                "count": 0
            },
            {
                "id": "100023826760947",
                "count": 0
            },
            {
                "id": "100089085075834",
                "count": 0
            },
            {
                "id": "100092197614837",
                "count": 0
            },
            {
                "id": "100077878921189",
                "count": 0
            },
            {
                "id": "61563810720563",
                "count": 0
            },
            {
                "id": "61564425075670",
                "count": 0
            },
            {
                "id": "100088405181421",
                "count": 0
            },
            {
                "id": "100075856932662",
                "count": 0
            },
            {
                "id": "100033251211035",
                "count": 0
            },
            {
                "id": "61557528937023",
                "count": 0
            },
            {
                "id": "100016207083566",
                "count": 0
            },
            {
                "id": "61561918855129",
                "count": 0
            },
            {
                "id": "61558496440993",
                "count": 0
            },
            {
                "id": "100080535682998",
                "count": 0
            },
            {
                "id": "61566393482176",
                "count": 0
            },
            {
                "id": "100094852915130",
                "count": 0
            },
            {
                "id": "61561319361172",
                "count": 0
            },
            {
                "id": "100084386389122",
                "count": 0
            },
            {
                "id": "100075796114235",
                "count": 0
            },
            {
                "id": "100053794328959",
                "count": 0
            },
            {
                "id": "100095473067096",
                "count": 0
            },
            {
                "id": "61559079650241",
                "count": 0
            },
            {
                "id": "61566826751267",
                "count": 0
            },
            {
                "id": "61566556404201",
                "count": 0
            },
            {
                "id": "61565201282947",
                "count": 0
            },
            {
                "id": "100065252582783",
                "count": 0
            },
            {
                "id": "100018164079900",
                "count": 0
            },
            {
                "id": "100095029658846",
                "count": 0
            },
            {
                "id": "61564186963164",
                "count": 0
            },
            {
                "id": "61561127464627",
                "count": 0
            },
            {
                "id": "100086388625905",
                "count": 0
            },
            {
                "id": "100037297384983",
                "count": 0
            },
            {
                "id": "61564500608611",
                "count": 0
            },
            {
                "id": "61550478530851",
                "count": 0
            },
            {
                "id": "61565498501894",
                "count": 0
            },
            {
                "id": "100094862254631",
                "count": 0
            },
            {
                "id": "100074471329064",
                "count": 0
            },
            {
                "id": "61564924226512",
                "count": 0
            },
            {
                "id": "61550894191068",
                "count": 0
            },
            {
                "id": "100093048007921",
                "count": 0
            },
            {
                "id": "100083241672086",
                "count": 0
            },
            {
                "id": "100093466478541",
                "count": 0
            },
            {
                "id": "100052922481127",
                "count": 0
            },
            {
                "id": "100043461799533",
                "count": 0
            },
            {
                "id": "100090740727562",
                "count": 0
            },
            {
                "id": "61557376657209",
                "count": 0
            },
            {
                "id": "61564180246355",
                "count": 0
            },
            {
                "id": "61567700313968",
                "count": 0
            },
            {
                "id": "100025050722818",
                "count": 0
            }
        ]
    }
}