{
    "total": [
        {
            "id": "100043876595319",
            "count": 0
        },
        {
            "id": "100076639452361",
            "count": 22
        },
        {
            "id": "100075557201412",
            "count": 41
        },
        {
            "id": "100081909275245",
            "count": 0
        },
        {
            "id": "100080342901620",
            "count": 1
        },
        {
            "id": "100095269923702",
            "count": 2
        },
        {
            "id": "100025001059515",
            "count": 0
        },
        {
            "id": "100085018448030",
            "count": 40
        },
        {
            "id": "100019269863301",
            "count": 0
        },
        {
            "id": "100078174063308",
            "count": 76
        },
        {
            "id": "100090259706396",
            "count": 0
        },
        {
            "id": "100045209133040",
            "count": 0
        },
        {
            "id": "100095327631767",
            "count": 3
        },
        {
            "id": "100068359899529",
            "count": 2
        },
        {
            "id": "100085015140603",
            "count": 17
        },
        {
            "id": "61565554419857",
            "count": 2
        },
        {
            "id": "61550297447072",
            "count": 0
        },
        {
            "id": "61551867894005",
            "count": 0
        },
        {
            "id": "61557052582411",
            "count": 0
        },
        {
            "id": "100059186996572",
            "count": 9
        },
        {
            "id": "100081839221735",
            "count": 0
        },
        {
            "id": "100040423743516",
            "count": 1
        },
        {
            "id": "100064257484454",
            "count": 0
        },
        {
            "id": "100089620394832",
            "count": 0
        },
        {
            "id": "61555951610119",
            "count": 0
        },
        {
            "id": "100060204413810",
            "count": 0
        },
        {
            "id": "100082647211979",
            "count": 1
        },
        {
            "id": "100034898828652",
            "count": 0
        },
        {
            "id": "100082788649829",
            "count": 1
        },
        {
            "id": "61559627324840",
            "count": 0
        },
        {
            "id": "100072126046519",
            "count": 12
        },
        {
            "id": "100075095855223",
            "count": 0
        },
        {
            "id": "100080729895297",
            "count": 0
        },
        {
            "id": "61553540855150",
            "count": 0
        },
        {
            "id": "100091588267645",
            "count": 0
        },
        {
            "id": "100094186960555",
            "count": 0
        },
        {
            "id": "100076563633200",
            "count": 0
        },
        {
            "id": "100048091328524",
            "count": 1
        },
        {
            "id": "100073323897412",
            "count": 5
        },
        {
            "id": "61554567651409",
            "count": 0
        },
        {
            "id": "100089714409135",
            "count": 0
        },
        {
            "id": "100049004616230",
            "count": 0
        },
        {
            "id": "100066489441947",
            "count": 52
        },
        {
            "id": "100068016278962",
            "count": 0
        },
        {
            "id": "61555636167463",
            "count": 0
        },
        {
            "id": "100070573944995",
            "count": 6
        },
        {
            "id": "100092167340493",
            "count": 0
        },
        {
            "id": "100083017277478",
            "count": 0
        },
        {
            "id": "61551991520591",
            "count": 0
        },
        {
            "id": "100087519011092",
            "count": 10
        },
        {
            "id": "100085569302799",
            "count": 0
        },
        {
            "id": "100091298093054",
            "count": 0
        },
        {
            "id": "100055048871712",
            "count": 2
        },
        {
            "id": "100039037914798",
            "count": 0
        },
        {
            "id": "100077012955918",
            "count": 0
        },
        {
            "id": "100038858633920",
            "count": 2
        },
        {
            "id": "100053308073966",
            "count": 1
        },
        {
            "id": "100050783505930",
            "count": 92
        },
        {
            "id": "100089532555742",
            "count": 0
        },
        {
            "id": "100070025053697",
            "count": 0
        },
        {
            "id": "100086480083298",
            "count": 0
        },
        {
            "id": "61550808262683",
            "count": 7
        },
        {
            "id": "100087512386183",
            "count": 0
        },
        {
            "id": "61553952884408",
            "count": 0
        },
        {
            "id": "100081572200027",
            "count": 0
        },
        {
            "id": "100053333080529",
            "count": 6
        },
        {
            "id": "61553270465394",
            "count": 36
        },
        {
            "id": "100079858287707",
            "count": 0
        },
        {
            "id": "61551422573041",
            "count": 0
        },
        {
            "id": "100075869032843",
            "count": 0
        },
        {
            "id": "100040016051601",
            "count": 112
        },
        {
            "id": "100039280681898",
            "count": 29
        },
        {
            "id": "61552013202054",
            "count": 12
        },
        {
            "id": "61561189205730",
            "count": 52
        },
        {
            "id": "100077911564136",
            "count": 8
        },
        {
            "id": "100077015307223",
            "count": 1
        },
        {
            "id": "61555932398028",
            "count": 0
        },
        {
            "id": "100084144327993",
            "count": 0
        },
        {
            "id": "100082245489842",
            "count": 0
        },
        {
            "id": "61561902355729",
            "count": 256
        },
        {
            "id": "61554366891955",
            "count": 0
        },
        {
            "id": "100083308153068",
            "count": 2
        },
        {
            "id": "100055050498598",
            "count": 0
        },
        {
            "id": "61559538882987",
            "count": 0
        },
        {
            "id": "100081076272071",
            "count": 0
        },
        {
            "id": "100055251145078",
            "count": 0
        },
        {
            "id": "100060553428783",
            "count": 6
        },
        {
            "id": "61568256350932",
            "count": 4
        },
        {
            "id": "100077413134748",
            "count": 0
        },
        {
            "id": "100059755337630",
            "count": 0
        },
        {
            "id": "100055207646389",
            "count": 0
        },
        {
            "id": "61556790745892",
            "count": 10
        },
        {
            "id": "100041795028611",
            "count": 7
        },
        {
            "id": "61550877275248",
            "count": 3
        },
        {
            "id": "100089364373706",
            "count": 17
        },
        {
            "id": "100084048971740",
            "count": 0
        },
        {
            "id": "100089495562459",
            "count": 0
        },
        {
            "id": "61550000344652",
            "count": 0
        },
        {
            "id": "61562305834257",
            "count": 9
        },
        {
            "id": "100006581768449",
            "count": 0
        },
        {
            "id": "100075137453277",
            "count": 0
        },
        {
            "id": "61550232217797",
            "count": 0
        },
        {
            "id": "61550085340327",
            "count": 5
        },
        {
            "id": "61555757316177",
            "count": 0
        },
        {
            "id": "100083738094416",
            "count": 1
        },
        {
            "id": "100092331973420",
            "count": 0
        },
        {
            "id": "100079446966714",
            "count": 45
        },
        {
            "id": "100086281845942",
            "count": 11
        },
        {
            "id": "61561530282324",
            "count": 166
        },
        {
            "id": "100085073240621",
            "count": 76
        },
        {
            "id": "61568088777546",
            "count": 0
        },
        {
            "id": "100065733430253",
            "count": 41
        },
        {
            "id": "100094323722243",
            "count": 0
        },
        {
            "id": "100091926078619",
            "count": 27
        }
    ],
    "week": [
        {
            "id": "100043876595319",
            "count": 0
        },
        {
            "id": "100076639452361",
            "count": 22
        },
        {
            "id": "100075557201412",
            "count": 41
        },
        {
            "id": "100081909275245",
            "count": 0
        },
        {
            "id": "100080342901620",
            "count": 1
        },
        {
            "id": "100095269923702",
            "count": 2
        },
        {
            "id": "100025001059515",
            "count": 0
        },
        {
            "id": "100085018448030",
            "count": 40
        },
        {
            "id": "100019269863301",
            "count": 0
        },
        {
            "id": "100078174063308",
            "count": 76
        },
        {
            "id": "100090259706396",
            "count": 0
        },
        {
            "id": "100045209133040",
            "count": 0
        },
        {
            "id": "100095327631767",
            "count": 3
        },
        {
            "id": "100068359899529",
            "count": 2
        },
        {
            "id": "100085015140603",
            "count": 17
        },
        {
            "id": "61565554419857",
            "count": 2
        },
        {
            "id": "61550297447072",
            "count": 0
        },
        {
            "id": "61551867894005",
            "count": 0
        },
        {
            "id": "61557052582411",
            "count": 0
        },
        {
            "id": "100059186996572",
            "count": 9
        },
        {
            "id": "100081839221735",
            "count": 0
        },
        {
            "id": "100040423743516",
            "count": 1
        },
        {
            "id": "100064257484454",
            "count": 0
        },
        {
            "id": "100089620394832",
            "count": 0
        },
        {
            "id": "61555951610119",
            "count": 0
        },
        {
            "id": "100060204413810",
            "count": 0
        },
        {
            "id": "100082647211979",
            "count": 1
        },
        {
            "id": "100034898828652",
            "count": 0
        },
        {
            "id": "100082788649829",
            "count": 1
        },
        {
            "id": "61559627324840",
            "count": 0
        },
        {
            "id": "100072126046519",
            "count": 12
        },
        {
            "id": "100075095855223",
            "count": 0
        },
        {
            "id": "100080729895297",
            "count": 0
        },
        {
            "id": "61553540855150",
            "count": 0
        },
        {
            "id": "100091588267645",
            "count": 0
        },
        {
            "id": "100094186960555",
            "count": 0
        },
        {
            "id": "100076563633200",
            "count": 0
        },
        {
            "id": "100048091328524",
            "count": 1
        },
        {
            "id": "100073323897412",
            "count": 5
        },
        {
            "id": "61554567651409",
            "count": 0
        },
        {
            "id": "100089714409135",
            "count": 0
        },
        {
            "id": "100049004616230",
            "count": 0
        },
        {
            "id": "100066489441947",
            "count": 52
        },
        {
            "id": "100068016278962",
            "count": 0
        },
        {
            "id": "61555636167463",
            "count": 0
        },
        {
            "id": "100070573944995",
            "count": 6
        },
        {
            "id": "100092167340493",
            "count": 0
        },
        {
            "id": "100083017277478",
            "count": 0
        },
        {
            "id": "61551991520591",
            "count": 0
        },
        {
            "id": "100087519011092",
            "count": 10
        },
        {
            "id": "100085569302799",
            "count": 0
        },
        {
            "id": "100091298093054",
            "count": 0
        },
        {
            "id": "100055048871712",
            "count": 2
        },
        {
            "id": "100039037914798",
            "count": 0
        },
        {
            "id": "100077012955918",
            "count": 0
        },
        {
            "id": "100038858633920",
            "count": 2
        },
        {
            "id": "100053308073966",
            "count": 1
        },
        {
            "id": "100050783505930",
            "count": 92
        },
        {
            "id": "100089532555742",
            "count": 0
        },
        {
            "id": "100070025053697",
            "count": 0
        },
        {
            "id": "100086480083298",
            "count": 0
        },
        {
            "id": "61550808262683",
            "count": 7
        },
        {
            "id": "100087512386183",
            "count": 0
        },
        {
            "id": "61553952884408",
            "count": 0
        },
        {
            "id": "100081572200027",
            "count": 0
        },
        {
            "id": "100053333080529",
            "count": 6
        },
        {
            "id": "61553270465394",
            "count": 36
        },
        {
            "id": "100079858287707",
            "count": 0
        },
        {
            "id": "61551422573041",
            "count": 0
        },
        {
            "id": "100075869032843",
            "count": 0
        },
        {
            "id": "100040016051601",
            "count": 112
        },
        {
            "id": "100039280681898",
            "count": 29
        },
        {
            "id": "61552013202054",
            "count": 12
        },
        {
            "id": "61561189205730",
            "count": 52
        },
        {
            "id": "100077911564136",
            "count": 8
        },
        {
            "id": "100077015307223",
            "count": 1
        },
        {
            "id": "61555932398028",
            "count": 0
        },
        {
            "id": "100084144327993",
            "count": 0
        },
        {
            "id": "100082245489842",
            "count": 0
        },
        {
            "id": "61561902355729",
            "count": 256
        },
        {
            "id": "61554366891955",
            "count": 0
        },
        {
            "id": "100083308153068",
            "count": 2
        },
        {
            "id": "100055050498598",
            "count": 0
        },
        {
            "id": "61559538882987",
            "count": 0
        },
        {
            "id": "100081076272071",
            "count": 0
        },
        {
            "id": "100055251145078",
            "count": 0
        },
        {
            "id": "100060553428783",
            "count": 6
        },
        {
            "id": "61568256350932",
            "count": 4
        },
        {
            "id": "100077413134748",
            "count": 0
        },
        {
            "id": "100059755337630",
            "count": 0
        },
        {
            "id": "100055207646389",
            "count": 0
        },
        {
            "id": "61556790745892",
            "count": 10
        },
        {
            "id": "100041795028611",
            "count": 7
        },
        {
            "id": "61550877275248",
            "count": 3
        },
        {
            "id": "100089364373706",
            "count": 17
        },
        {
            "id": "100084048971740",
            "count": 0
        },
        {
            "id": "100089495562459",
            "count": 0
        },
        {
            "id": "61550000344652",
            "count": 0
        },
        {
            "id": "61562305834257",
            "count": 9
        },
        {
            "id": "100006581768449",
            "count": 0
        },
        {
            "id": "100075137453277",
            "count": 0
        },
        {
            "id": "61550232217797",
            "count": 0
        },
        {
            "id": "61550085340327",
            "count": 5
        },
        {
            "id": "61555757316177",
            "count": 0
        },
        {
            "id": "100083738094416",
            "count": 1
        },
        {
            "id": "100092331973420",
            "count": 0
        },
        {
            "id": "100079446966714",
            "count": 45
        },
        {
            "id": "100086281845942",
            "count": 11
        },
        {
            "id": "61561530282324",
            "count": 166
        },
        {
            "id": "100085073240621",
            "count": 76
        },
        {
            "id": "61568088777546",
            "count": 0
        },
        {
            "id": "100065733430253",
            "count": 41
        },
        {
            "id": "100094323722243",
            "count": 0
        },
        {
            "id": "100091926078619",
            "count": 27
        }
    ],
    "day": [
        {
            "id": "100043876595319",
            "count": 0,
            "name": "Hoang Van Ngoc"
        },
        {
            "id": "100076639452361",
            "count": 0,
            "name": "Bình Minh"
        },
        {
            "id": "100075557201412",
            "count": 0,
            "name": "Hoàng Tùng"
        },
        {
            "id": "100081909275245",
            "count": 0,
            "name": "Harold Blackk"
        },
        {
            "id": "100080342901620",
            "count": 0,
            "name": "Huỳnh Khang"
        },
        {
            "id": "100095269923702",
            "count": 0,
            "name": "Ngô Huy"
        },
        {
            "id": "100025001059515",
            "count": 0,
            "name": "Trịnh Huỳnh Đức"
        },
        {
            "id": "100085018448030",
            "count": 0,
            "name": "Đức Phúc"
        },
        {
            "id": "100019269863301",
            "count": 0,
            "name": "Phát Phạm"
        },
        {
            "id": "100078174063308",
            "count": 0,
            "name": "Phúc Hoàng"
        },
        {
            "id": "100090259706396",
            "count": 0,
            "name": "Trung Đứcc"
        },
        {
            "id": "100045209133040",
            "count": 0,
            "name": "Minh Khang"
        },
        {
            "id": "100095327631767",
            "count": 0,
            "name": "Cristiano Ph"
        },
        {
            "id": "100068359899529",
            "count": 0,
            "name": "Thịnh Huỳnh"
        },
        {
            "id": "100085015140603",
            "count": 0,
            "name": "Phạm Lực"
        },
        {
            "id": "61565554419857",
            "count": 0,
            "name": "Nghĩa Thanh"
        },
        {
            "id": "61550297447072",
            "count": 0,
            "name": "Quang Hải"
        },
        {
            "id": "61551867894005",
            "count": 0,
            "name": "Phan Duy Khánh"
        },
        {
            "id": "61557052582411",
            "count": 0,
            "name": "Quý Phạm"
        },
        {
            "id": "100059186996572",
            "count": 0,
            "name": "Phạm Nguyễn Ngọc Quang"
        },
        {
            "id": "100081839221735",
            "count": 0,
            "name": "Phạm Văn Mạnh"
        },
        {
            "id": "100040423743516",
            "count": 0,
            "name": "Minh Đạt"
        },
        {
            "id": "100064257484454",
            "count": 0,
            "name": "Hà Đình"
        },
        {
            "id": "100089620394832",
            "count": 0,
            "name": "Trường Hàn"
        },
        {
            "id": "61555951610119",
            "count": 0,
            "name": "Nguyễn Văn Công Hữu"
        },
        {
            "id": "100060204413810",
            "count": 0,
            "name": "Ngô Hồng Khanh"
        },
        {
            "id": "100082647211979",
            "count": 0,
            "name": "Bùi TuanKiet"
        },
        {
            "id": "100034898828652",
            "count": 0,
            "name": "Đông Phùng"
        },
        {
            "id": "100082788649829",
            "count": 0,
            "name": "Gia Khánh"
        },
        {
            "id": "61559627324840",
            "count": 0,
            "name": "Nguyễn Văn Vinh"
        },
        {
            "id": "100072126046519",
            "count": 0,
            "name": "Power Black"
        },
        {
            "id": "100075095855223",
            "count": 0,
            "name": "Đăng Minh"
        },
        {
            "id": "100080729895297",
            "count": 0,
            "name": "Ki Ra"
        },
        {
            "id": "61553540855150",
            "count": 0,
            "name": "Kiều Nguyễn Thái Dương"
        },
        {
            "id": "100091588267645",
            "count": 0,
            "name": "Nguyễn Bá Khôi"
        },
        {
            "id": "100094186960555",
            "count": 0,
            "name": "Gia Quân"
        },
        {
            "id": "100076563633200",
            "count": 0,
            "name": "Thịnh Nè"
        },
        {
            "id": "100048091328524",
            "count": 0,
            "name": "Trần Thuận"
        },
        {
            "id": "100073323897412",
            "count": 0,
            "name": "Trịnh Hoàng Minh Quân"
        },
        {
            "id": "61554567651409",
            "count": 0,
            "name": "Nguyễn Tâm"
        },
        {
            "id": "100089714409135",
            "count": 0,
            "name": "Tran Anh"
        },
        {
            "id": "100049004616230",
            "count": 0,
            "name": "Triết Huynhdoanminh"
        },
        {
            "id": "100066489441947",
            "count": 0,
            "name": "Tuan Long"
        },
        {
            "id": "100068016278962",
            "count": 0,
            "name": "Gia Thịnh"
        },
        {
            "id": "61555636167463",
            "count": 0,
            "name": "Ka Rai"
        },
        {
            "id": "100070573944995",
            "count": 0,
            "name": "Tran Quann"
        },
        {
            "id": "100092167340493",
            "count": 0,
            "name": "Xuan Nguyen"
        },
        {
            "id": "100083017277478",
            "count": 0,
            "name": "Duy Coby"
        },
        {
            "id": "61551991520591",
            "count": 0,
            "name": "Trần Lương"
        },
        {
            "id": "100087519011092",
            "count": 0,
            "name": "Sweetiegirll Kitty Bel"
        },
        {
            "id": "100085569302799",
            "count": 0,
            "name": "Đặng Đức"
        },
        {
            "id": "100091298093054",
            "count": 0,
            "name": "Văn Khôi"
        },
        {
            "id": "100055048871712",
            "count": 0,
            "name": "Lệ Phi Vũ"
        },
        {
            "id": "100039037914798",
            "count": 0,
            "name": "Hong Tram"
        },
        {
            "id": "100077012955918",
            "count": 0,
            "name": "Hoàng Nguyễn"
        },
        {
            "id": "100038858633920",
            "count": 0,
            "name": "Hung Cao"
        },
        {
            "id": "100053308073966",
            "count": 0,
            "name": "Bùi  Đức Tuấn"
        },
        {
            "id": "100050783505930",
            "count": 0,
            "name": "Thảo Nguyên"
        },
        {
            "id": "100089532555742",
            "count": 0,
            "name": "Phạm Đức"
        },
        {
            "id": "100070025053697",
            "count": 0,
            "name": "Gia Huy"
        },
        {
            "id": "100086480083298",
            "count": 0,
            "name": "Nguyễn Nam Đức"
        },
        {
            "id": "61550808262683",
            "count": 0,
            "name": "Chip Chip"
        },
        {
            "id": "100087512386183",
            "count": 0,
            "name": "Đỗ Nhựt Phi"
        },
        {
            "id": "61553952884408",
            "count": 0,
            "name": "Bao Ngoc"
        },
        {
            "id": "100081572200027",
            "count": 0,
            "name": "Tr Dmy"
        },
        {
            "id": "100053333080529",
            "count": 0,
            "name": "Nguyễn Trọng Tuấn"
        },
        {
            "id": "61553270465394",
            "count": 0,
            "name": "Khoa Anh"
        },
        {
            "id": "100079858287707",
            "count": 0,
            "name": "Hà Thư"
        },
        {
            "id": "61551422573041",
            "count": 0,
            "name": "Quang Huy"
        },
        {
            "id": "100075869032843",
            "count": 0,
            "name": "Trường Minh"
        },
        {
            "id": "100040016051601",
            "count": 0,
            "name": "Thái Phong"
        },
        {
            "id": "100039280681898",
            "count": 0,
            "name": "Tấn Đạt"
        },
        {
            "id": "61552013202054",
            "count": 0,
            "name": "Le Trường Zi"
        },
        {
            "id": "61561189205730",
            "count": 0,
            "name": "Nguyễn Quỳnh Hoa"
        },
        {
            "id": "100077911564136",
            "count": 0,
            "name": "Nguyễn Quân"
        },
        {
            "id": "100077015307223",
            "count": 0,
            "name": "Đức Mạnh"
        },
        {
            "id": "61555932398028",
            "count": 0,
            "name": "Thang Thang"
        },
        {
            "id": "100084144327993",
            "count": 0,
            "name": "Nguyễn Hùng"
        },
        {
            "id": "100082245489842",
            "count": 0,
            "name": "Xoài Non"
        },
        {
            "id": "61561902355729",
            "count": 0,
            "name": "Lê Thu Hà"
        },
        {
            "id": "61554366891955",
            "count": 0,
            "name": "Cẩm Tú"
        },
        {
            "id": "100083308153068",
            "count": 0,
            "name": "Anh Nguyet"
        },
        {
            "id": "100055050498598",
            "count": 0,
            "name": "Nguyễn Phát"
        },
        {
            "id": "61559538882987",
            "count": 0,
            "name": "Yusei Fudo"
        },
        {
            "id": "100081076272071",
            "count": 0,
            "name": "NM TLinh"
        },
        {
            "id": "100055251145078",
            "count": 0,
            "name": "Minh Thùy"
        },
        {
            "id": "100060553428783",
            "count": 0,
            "name": "Duong Điền"
        },
        {
            "id": "61568256350932",
            "count": 0,
            "name": "Khanh Uyen Tr"
        },
        {
            "id": "100077413134748",
            "count": 0,
            "name": "Nguyễn Quân"
        },
        {
            "id": "100059755337630",
            "count": 0,
            "name": "Tuấn Yeager"
        },
        {
            "id": "100055207646389",
            "count": 0,
            "name": "Trần Chiến"
        },
        {
            "id": "61556790745892",
            "count": 0,
            "name": "Phạm Đình Hiếu"
        },
        {
            "id": "100041795028611",
            "count": 0,
            "name": "Ngọc Ánh"
        },
        {
            "id": "61550877275248",
            "count": 0,
            "name": "Hoàng Hà"
        },
        {
            "id": "100089364373706",
            "count": 0,
            "name": "Nguyễn Trường Sinh"
        },
        {
            "id": "100084048971740",
            "count": 0,
            "name": "Nguyễn Phát"
        },
        {
            "id": "100089495562459",
            "count": 0,
            "name": "Vaan Anh"
        },
        {
            "id": "61550000344652",
            "count": 0,
            "name": "Gia Tue Nhii"
        },
        {
            "id": "61562305834257",
            "count": 0,
            "name": "Trang Hoàng"
        },
        {
            "id": "100006581768449",
            "count": 0,
            "name": "Ntt Ngọc"
        },
        {
            "id": "100075137453277",
            "count": 0,
            "name": "Nguyễn Lưu"
        },
        {
            "id": "61550232217797",
            "count": 0,
            "name": "SweetieBoyy Soda Dau Tayy"
        },
        {
            "id": "61550085340327",
            "count": 0,
            "name": "Đỗ Yến"
        },
        {
            "id": "61555757316177",
            "count": 0,
            "name": "Gia Hưng"
        },
        {
            "id": "100083738094416",
            "count": 0,
            "name": "Huỳnh Phước Tân"
        },
        {
            "id": "100092331973420",
            "count": 0,
            "name": "Nguyễn Hoàng Khang"
        },
        {
            "id": "100079446966714",
            "count": 0,
            "name": "Bún Đậu Nước Tương"
        },
        {
            "id": "100086281845942",
            "count": 0,
            "name": "Đức Đoàn"
        },
        {
            "id": "61561530282324",
            "count": 0,
            "name": "Roronoa Xoro"
        },
        {
            "id": "100085073240621",
            "count": 0,
            "name": "Dang Gia Khanh"
        },
        {
            "id": "61568088777546",
            "count": 0,
            "name": "Người dùng facebook"
        },
        {
            "id": "100065733430253",
            "count": 0,
            "name": "Nguyễn Nhân"
        },
        {
            "id": "100094323722243",
            "count": 0,
            "name": "Người dùng facebook"
        },
        {
            "id": "100091926078619",
            "count": 0,
            "name": "Drann Bell Dthuongg"
        }
    ],
    "time": 6,
    "last": {
        "time": 3,
        "day": [
            {
                "id": "100043876595319",
                "count": 0
            },
            {
                "id": "100076639452361",
                "count": 0
            },
            {
                "id": "100075557201412",
                "count": 0
            },
            {
                "id": "100081909275245",
                "count": 0
            },
            {
                "id": "100080342901620",
                "count": 0
            },
            {
                "id": "100095269923702",
                "count": 0
            },
            {
                "id": "100025001059515",
                "count": 0
            },
            {
                "id": "100085018448030",
                "count": 0
            },
            {
                "id": "100019269863301",
                "count": 0
            },
            {
                "id": "100078174063308",
                "count": 0
            },
            {
                "id": "100090259706396",
                "count": 0
            },
            {
                "id": "100045209133040",
                "count": 0
            },
            {
                "id": "100095327631767",
                "count": 0
            },
            {
                "id": "100068359899529",
                "count": 0
            },
            {
                "id": "100085015140603",
                "count": 0
            },
            {
                "id": "61565554419857",
                "count": 0
            },
            {
                "id": "61550297447072",
                "count": 0
            },
            {
                "id": "61551867894005",
                "count": 0
            },
            {
                "id": "61557052582411",
                "count": 0
            },
            {
                "id": "100059186996572",
                "count": 0
            },
            {
                "id": "100081839221735",
                "count": 0
            },
            {
                "id": "100040423743516",
                "count": 0
            },
            {
                "id": "100064257484454",
                "count": 0
            },
            {
                "id": "100089620394832",
                "count": 0
            },
            {
                "id": "61555951610119",
                "count": 0
            },
            {
                "id": "100060204413810",
                "count": 0
            },
            {
                "id": "100082647211979",
                "count": 0
            },
            {
                "id": "100034898828652",
                "count": 0
            },
            {
                "id": "100082788649829",
                "count": 0
            },
            {
                "id": "61559627324840",
                "count": 0
            },
            {
                "id": "100072126046519",
                "count": 0
            },
            {
                "id": "100075095855223",
                "count": 0
            },
            {
                "id": "100080729895297",
                "count": 0
            },
            {
                "id": "61553540855150",
                "count": 0
            },
            {
                "id": "100091588267645",
                "count": 0
            },
            {
                "id": "100094186960555",
                "count": 0
            },
            {
                "id": "100076563633200",
                "count": 0
            },
            {
                "id": "100048091328524",
                "count": 0
            },
            {
                "id": "100073323897412",
                "count": 0
            },
            {
                "id": "61554567651409",
                "count": 0
            },
            {
                "id": "100089714409135",
                "count": 0
            },
            {
                "id": "100049004616230",
                "count": 0
            },
            {
                "id": "100066489441947",
                "count": 0
            },
            {
                "id": "100068016278962",
                "count": 0
            },
            {
                "id": "100091926078619",
                "count": 0
            },
            {
                "id": "61555636167463",
                "count": 0
            },
            {
                "id": "100070573944995",
                "count": 0
            },
            {
                "id": "100092167340493",
                "count": 0
            },
            {
                "id": "100083017277478",
                "count": 0
            },
            {
                "id": "61551991520591",
                "count": 0
            },
            {
                "id": "100087519011092",
                "count": 0
            },
            {
                "id": "100085569302799",
                "count": 0
            },
            {
                "id": "100091298093054",
                "count": 0
            },
            {
                "id": "100055048871712",
                "count": 0
            },
            {
                "id": "100039037914798",
                "count": 0
            },
            {
                "id": "100077012955918",
                "count": 0
            },
            {
                "id": "100038858633920",
                "count": 0
            },
            {
                "id": "100053308073966",
                "count": 0
            },
            {
                "id": "100050783505930",
                "count": 0
            },
            {
                "id": "100089532555742",
                "count": 0
            },
            {
                "id": "100070025053697",
                "count": 0
            },
            {
                "id": "100086480083298",
                "count": 0
            },
            {
                "id": "61550808262683",
                "count": 0
            },
            {
                "id": "100087512386183",
                "count": 0
            },
            {
                "id": "61553952884408",
                "count": 0
            },
            {
                "id": "100081572200027",
                "count": 0
            },
            {
                "id": "100053333080529",
                "count": 0
            },
            {
                "id": "61553270465394",
                "count": 0
            },
            {
                "id": "100079858287707",
                "count": 0
            },
            {
                "id": "61551422573041",
                "count": 0
            },
            {
                "id": "100075869032843",
                "count": 0
            },
            {
                "id": "100040016051601",
                "count": 0
            },
            {
                "id": "100039280681898",
                "count": 0
            },
            {
                "id": "61552013202054",
                "count": 0
            },
            {
                "id": "61561189205730",
                "count": 0
            },
            {
                "id": "100077911564136",
                "count": 0
            },
            {
                "id": "100077015307223",
                "count": 0
            },
            {
                "id": "61555932398028",
                "count": 0
            },
            {
                "id": "100084144327993",
                "count": 0
            },
            {
                "id": "100082245489842",
                "count": 0
            },
            {
                "id": "61561902355729",
                "count": 0
            },
            {
                "id": "61554366891955",
                "count": 0
            },
            {
                "id": "100083308153068",
                "count": 0
            },
            {
                "id": "100055050498598",
                "count": 0
            },
            {
                "id": "61559538882987",
                "count": 0
            },
            {
                "id": "100081076272071",
                "count": 0
            },
            {
                "id": "100055251145078",
                "count": 0
            },
            {
                "id": "100060553428783",
                "count": 0
            },
            {
                "id": "61568256350932",
                "count": 0
            },
            {
                "id": "100077413134748",
                "count": 0
            },
            {
                "id": "100059755337630",
                "count": 0
            },
            {
                "id": "100055207646389",
                "count": 0
            },
            {
                "id": "61556790745892",
                "count": 0
            },
            {
                "id": "100041795028611",
                "count": 0
            },
            {
                "id": "61550877275248",
                "count": 0
            },
            {
                "id": "100089364373706",
                "count": 0
            },
            {
                "id": "100084048971740",
                "count": 0
            },
            {
                "id": "100089495562459",
                "count": 0
            },
            {
                "id": "61550000344652",
                "count": 0
            },
            {
                "id": "61562305834257",
                "count": 0
            },
            {
                "id": "100006581768449",
                "count": 0
            },
            {
                "id": "100075137453277",
                "count": 0
            },
            {
                "id": "61550232217797",
                "count": 0
            },
            {
                "id": "61550085340327",
                "count": 0
            },
            {
                "id": "61555757316177",
                "count": 0
            },
            {
                "id": "100083738094416",
                "count": 0
            },
            {
                "id": "100092331973420",
                "count": 0
            },
            {
                "id": "100079446966714",
                "count": 0
            },
            {
                "id": "100086281845942",
                "count": 0
            },
            {
                "id": "61561530282324",
                "count": 0
            },
            {
                "id": "100085073240621",
                "count": 0
            },
            {
                "id": "61568088777546",
                "count": 0
            },
            {
                "id": "100065733430253",
                "count": 0
            },
            {
                "id": "100094323722243",
                "count": 0
            }
        ],
        "week": [
            {
                "id": "100043876595319",
                "count": 0
            },
            {
                "id": "100076639452361",
                "count": 0
            },
            {
                "id": "100075557201412",
                "count": 0
            },
            {
                "id": "100081909275245",
                "count": 0
            },
            {
                "id": "100080342901620",
                "count": 0
            },
            {
                "id": "100095269923702",
                "count": 0
            },
            {
                "id": "100025001059515",
                "count": 0
            },
            {
                "id": "100085018448030",
                "count": 0
            },
            {
                "id": "100019269863301",
                "count": 0
            },
            {
                "id": "100078174063308",
                "count": 0
            },
            {
                "id": "100090259706396",
                "count": 0
            },
            {
                "id": "100045209133040",
                "count": 0
            },
            {
                "id": "100095327631767",
                "count": 0
            },
            {
                "id": "100068359899529",
                "count": 0
            },
            {
                "id": "100085015140603",
                "count": 0
            },
            {
                "id": "61565554419857",
                "count": 0
            },
            {
                "id": "61550297447072",
                "count": 0
            },
            {
                "id": "61551867894005",
                "count": 0
            },
            {
                "id": "61557052582411",
                "count": 0
            },
            {
                "id": "100059186996572",
                "count": 0
            },
            {
                "id": "100081839221735",
                "count": 0
            },
            {
                "id": "100040423743516",
                "count": 0
            },
            {
                "id": "100064257484454",
                "count": 0
            },
            {
                "id": "100089620394832",
                "count": 0
            },
            {
                "id": "61555951610119",
                "count": 0
            },
            {
                "id": "100060204413810",
                "count": 0
            },
            {
                "id": "100082647211979",
                "count": 0
            },
            {
                "id": "100034898828652",
                "count": 0
            },
            {
                "id": "100082788649829",
                "count": 0
            },
            {
                "id": "61559627324840",
                "count": 0
            },
            {
                "id": "100072126046519",
                "count": 0
            },
            {
                "id": "100075095855223",
                "count": 0
            },
            {
                "id": "100080729895297",
                "count": 0
            },
            {
                "id": "61553540855150",
                "count": 0
            },
            {
                "id": "100091588267645",
                "count": 0
            },
            {
                "id": "100094186960555",
                "count": 0
            },
            {
                "id": "100076563633200",
                "count": 0
            },
            {
                "id": "100048091328524",
                "count": 0
            },
            {
                "id": "100073323897412",
                "count": 0
            },
            {
                "id": "61554567651409",
                "count": 0
            },
            {
                "id": "100089714409135",
                "count": 0
            },
            {
                "id": "100049004616230",
                "count": 0
            },
            {
                "id": "100066489441947",
                "count": 0
            },
            {
                "id": "100068016278962",
                "count": 0
            },
            {
                "id": "100091926078619",
                "count": 0
            },
            {
                "id": "61555636167463",
                "count": 0
            },
            {
                "id": "100070573944995",
                "count": 0
            },
            {
                "id": "100092167340493",
                "count": 0
            },
            {
                "id": "100083017277478",
                "count": 0
            },
            {
                "id": "61551991520591",
                "count": 0
            },
            {
                "id": "100087519011092",
                "count": 0
            },
            {
                "id": "100085569302799",
                "count": 0
            },
            {
                "id": "100091298093054",
                "count": 0
            },
            {
                "id": "100055048871712",
                "count": 0
            },
            {
                "id": "100039037914798",
                "count": 0
            },
            {
                "id": "100077012955918",
                "count": 0
            },
            {
                "id": "100038858633920",
                "count": 0
            },
            {
                "id": "100053308073966",
                "count": 0
            },
            {
                "id": "100050783505930",
                "count": 0
            },
            {
                "id": "100089532555742",
                "count": 0
            },
            {
                "id": "100070025053697",
                "count": 0
            },
            {
                "id": "100086480083298",
                "count": 0
            },
            {
                "id": "61550808262683",
                "count": 0
            },
            {
                "id": "100087512386183",
                "count": 0
            },
            {
                "id": "61553952884408",
                "count": 0
            },
            {
                "id": "100081572200027",
                "count": 0
            },
            {
                "id": "100053333080529",
                "count": 0
            },
            {
                "id": "61553270465394",
                "count": 0
            },
            {
                "id": "100079858287707",
                "count": 0
            },
            {
                "id": "61551422573041",
                "count": 0
            },
            {
                "id": "100075869032843",
                "count": 0
            },
            {
                "id": "100040016051601",
                "count": 0
            },
            {
                "id": "100039280681898",
                "count": 0
            },
            {
                "id": "61552013202054",
                "count": 0
            },
            {
                "id": "61561189205730",
                "count": 0
            },
            {
                "id": "100077911564136",
                "count": 0
            },
            {
                "id": "100077015307223",
                "count": 0
            },
            {
                "id": "61555932398028",
                "count": 0
            },
            {
                "id": "100084144327993",
                "count": 0
            },
            {
                "id": "100082245489842",
                "count": 0
            },
            {
                "id": "61561902355729",
                "count": 0
            },
            {
                "id": "61554366891955",
                "count": 0
            },
            {
                "id": "100083308153068",
                "count": 0
            },
            {
                "id": "100055050498598",
                "count": 0
            },
            {
                "id": "61559538882987",
                "count": 0
            },
            {
                "id": "100081076272071",
                "count": 0
            },
            {
                "id": "100055251145078",
                "count": 0
            },
            {
                "id": "100060553428783",
                "count": 0
            },
            {
                "id": "61568256350932",
                "count": 0
            },
            {
                "id": "100077413134748",
                "count": 0
            },
            {
                "id": "100059755337630",
                "count": 0
            },
            {
                "id": "100055207646389",
                "count": 0
            },
            {
                "id": "61556790745892",
                "count": 0
            },
            {
                "id": "100041795028611",
                "count": 0
            },
            {
                "id": "61550877275248",
                "count": 0
            },
            {
                "id": "100089364373706",
                "count": 0
            },
            {
                "id": "100084048971740",
                "count": 0
            },
            {
                "id": "100089495562459",
                "count": 0
            },
            {
                "id": "61550000344652",
                "count": 0
            },
            {
                "id": "61562305834257",
                "count": 0
            },
            {
                "id": "100006581768449",
                "count": 0
            },
            {
                "id": "100075137453277",
                "count": 0
            },
            {
                "id": "61550232217797",
                "count": 0
            },
            {
                "id": "61550085340327",
                "count": 0
            },
            {
                "id": "61555757316177",
                "count": 0
            },
            {
                "id": "100083738094416",
                "count": 0
            },
            {
                "id": "100092331973420",
                "count": 0
            },
            {
                "id": "100079446966714",
                "count": 0
            },
            {
                "id": "100086281845942",
                "count": 0
            },
            {
                "id": "61561530282324",
                "count": 0
            },
            {
                "id": "100085073240621",
                "count": 0
            },
            {
                "id": "61568088777546",
                "count": 0
            },
            {
                "id": "100065733430253",
                "count": 0
            },
            {
                "id": "100094323722243",
                "count": 0
            }
        ]
    }
}