{
    "total": [
        {
            "id": "100084062762464",
            "count": 0
        },
        {
            "id": "61561530282324",
            "count": 8
        }
    ],
    "week": [
        {
            "id": "100084062762464",
            "count": 0,
            "name": "Hương Thùy"
        },
        {
            "id": "61561530282324",
            "count": 8,
            "name": "Roronoa Xoro"
        }
    ],
    "day": [
        {
            "id": "100084062762464",
            "count": 0,
            "name": "Hương Thùy"
        },
        {
            "id": "61561530282324",
            "count": 0,
            "name": "Roronoa Xoro"
        }
    ],
    "time": 6,
    "last": {
        "time": 3,
        "day": [
            {
                "id": "100093577001548",
                "count": 0
            },
            {
                "id": "100081217884852",
                "count": 0
            },
            {
                "id": "100084062762464",
                "count": 0
            },
            {
                "id": "61566904705360",
                "count": 0
            },
            {
                "id": "61561530282324",
                "count": 0
            }
        ],
        "week": [
            {
                "id": "100093577001548",
                "count": 0
            },
            {
                "id": "100081217884852",
                "count": 0
            },
            {
                "id": "100084062762464",
                "count": 0
            },
            {
                "id": "61566904705360",
                "count": 0
            },
            {
                "id": "61561530282324",
                "count": 0
            }
        ]
    }
}