{
    "total": [
        {
            "id": "100061952104653",
            "count": 31
        },
        {
            "id": "100081302041378",
            "count": 0
        },
        {
            "id": "100083580193400",
            "count": 5
        },
        {
            "id": "100025563589945",
            "count": 0
        },
        {
            "id": "100047233570858",
            "count": 0
        },
        {
            "id": "100086552671256",
            "count": 19
        },
        {
            "id": "61561530282324",
            "count": 211
        },
        {
            "id": "100072750111275",
            "count": 2
        },
        {
            "id": "100088048402943",
            "count": 18
        },
        {
            "id": "100079812767240",
            "count": 106
        },
        {
            "id": "100094284952085",
            "count": 104
        },
        {
            "id": "100040436703304",
            "count": 216
        },
        {
            "id": "61555371626774",
            "count": 2
        },
        {
            "id": "100061737669806",
            "count": 0
        },
        {
            "id": "61554191030610",
            "count": 3
        },
        {
            "id": "100072972284690",
            "count": 0
        },
        {
            "id": "61567382331421",
            "count": 27
        },
        {
            "id": "61567569929551",
            "count": 0
        },
        {
            "id": "100075891860250",
            "count": 7
        },
        {
            "id": "61559079650241",
            "count": 13
        },
        {
            "id": "100093573949830",
            "count": 7
        }
    ],
    "week": [
        {
            "id": "100061952104653",
            "count": 31
        },
        {
            "id": "100081302041378",
            "count": 0
        },
        {
            "id": "100083580193400",
            "count": 5
        },
        {
            "id": "100025563589945",
            "count": 0
        },
        {
            "id": "100047233570858",
            "count": 0
        },
        {
            "id": "100086552671256",
            "count": 19
        },
        {
            "id": "61561530282324",
            "count": 211
        },
        {
            "id": "100072750111275",
            "count": 2
        },
        {
            "id": "100088048402943",
            "count": 18
        },
        {
            "id": "100079812767240",
            "count": 106
        },
        {
            "id": "100094284952085",
            "count": 104
        },
        {
            "id": "100040436703304",
            "count": 216
        },
        {
            "id": "61555371626774",
            "count": 2
        },
        {
            "id": "100061737669806",
            "count": 0
        },
        {
            "id": "61554191030610",
            "count": 3
        },
        {
            "id": "100072972284690",
            "count": 0
        },
        {
            "id": "61567382331421",
            "count": 27
        },
        {
            "id": "61567569929551",
            "count": 0
        },
        {
            "id": "100075891860250",
            "count": 7
        },
        {
            "id": "61559079650241",
            "count": 13
        },
        {
            "id": "100093573949830",
            "count": 7
        }
    ],
    "day": [
        {
            "id": "100061952104653",
            "count": 0,
            "name": "Lã Kim Hoa"
        },
        {
            "id": "100081302041378",
            "count": 0,
            "name": "Quynn Moon"
        },
        {
            "id": "100083580193400",
            "count": 0,
            "name": "Chung Típp"
        },
        {
            "id": "100025563589945",
            "count": 0,
            "name": "Dương Thị Mĩ Duyên."
        },
        {
            "id": "100047233570858",
            "count": 0,
            "name": "Trang"
        },
        {
            "id": "100086552671256",
            "count": 0,
            "name": "Xu Xinh"
        },
        {
            "id": "61561530282324",
            "count": 0,
            "name": "Roronoa Xoro"
        },
        {
            "id": "100072750111275",
            "count": 0,
            "name": "Thị Hến"
        },
        {
            "id": "100088048402943",
            "count": 0,
            "name": "Xoài Chấm Mắm Tôm"
        },
        {
            "id": "100079812767240",
            "count": 0,
            "name": "Ngọc Ánh"
        },
        {
            "id": "100094284952085",
            "count": 0,
            "name": "Đỗ Quýy"
        },
        {
            "id": "100040436703304",
            "count": 0,
            "name": "Trần Thị Hà Vy"
        },
        {
            "id": "61555371626774",
            "count": 0,
            "name": "Thị Sen"
        },
        {
            "id": "100061737669806",
            "count": 0,
            "name": "Trần Hoàng Bảo Long"
        },
        {
            "id": "61554191030610",
            "count": 0,
            "name": "ThỎ CoN"
        },
        {
            "id": "100072972284690",
            "count": 0,
            "name": "Người dùng facebook"
        },
        {
            "id": "61567382331421",
            "count": 0,
            "name": "Sgp Zey"
        },
        {
            "id": "61567569929551",
            "count": 0,
            "name": "Người dùng facebook"
        },
        {
            "id": "100075891860250",
            "count": 0,
            "name": "Thu Trang"
        },
        {
            "id": "61559079650241",
            "count": 0,
            "name": "Nguyễn Thanh Tùng"
        },
        {
            "id": "100093573949830",
            "count": 0,
            "name": "Lê Trọng Hảo"
        }
    ],
    "time": 6,
    "last": {
        "time": 1,
        "day": [
            {
                "id": "100080294643237",
                "count": 0
            },
            {
                "id": "100093573949830",
                "count": 0
            },
            {
                "id": "100087379939725",
                "count": 0
            },
            {
                "id": "100021153082764",
                "count": 0
            },
            {
                "id": "61559407241172",
                "count": 0
            },
            {
                "id": "100051435607188",
                "count": 0
            },
            {
                "id": "100087939275337",
                "count": 0
            },
            {
                "id": "100061952104653",
                "count": 0
            },
            {
                "id": "100057908912152",
                "count": 0
            },
            {
                "id": "100081302041378",
                "count": 0
            },
            {
                "id": "61561729449635",
                "count": 0
            },
            {
                "id": "61560665607831",
                "count": 0
            },
            {
                "id": "61566579658995",
                "count": 0
            },
            {
                "id": "100060803392885",
                "count": 0
            },
            {
                "id": "100083580193400",
                "count": 0
            },
            {
                "id": "100073233097927",
                "count": 0
            },
            {
                "id": "100024572383966",
                "count": 0
            },
            {
                "id": "100075714832954",
                "count": 0
            },
            {
                "id": "100076516191750",
                "count": 0
            },
            {
                "id": "100000211810711",
                "count": 0
            },
            {
                "id": "100025563589945",
                "count": 0
            },
            {
                "id": "100015994744896",
                "count": 0
            },
            {
                "id": "100068328111468",
                "count": 0
            },
            {
                "id": "100083042726357",
                "count": 0
            },
            {
                "id": "100023047793948",
                "count": 0
            },
            {
                "id": "100019036960085",
                "count": 0
            },
            {
                "id": "100027829883468",
                "count": 0
            },
            {
                "id": "100044646483792",
                "count": 0
            },
            {
                "id": "100090410919439",
                "count": 0
            },
            {
                "id": "100081218162568",
                "count": 0
            },
            {
                "id": "100027639495360",
                "count": 0
            },
            {
                "id": "100018247056780",
                "count": 0
            },
            {
                "id": "100029641890324",
                "count": 0
            },
            {
                "id": "100047233570858",
                "count": 0
            },
            {
                "id": "100091313230064",
                "count": 0
            },
            {
                "id": "100094683207136",
                "count": 0
            },
            {
                "id": "100035244290886",
                "count": 0
            },
            {
                "id": "100086552671256",
                "count": 0
            },
            {
                "id": "61559079650241",
                "count": 0
            },
            {
                "id": "61561530282324",
                "count": 0
            },
            {
                "id": "61558117404405",
                "count": 0
            },
            {
                "id": "100072750111275",
                "count": 0
            },
            {
                "id": "100093135556804",
                "count": 0
            },
            {
                "id": "100088048402943",
                "count": 0
            },
            {
                "id": "100030544268552",
                "count": 0
            },
            {
                "id": "100073206068791",
                "count": 0
            },
            {
                "id": "100082271839099",
                "count": 0
            },
            {
                "id": "100012533167625",
                "count": 0
            },
            {
                "id": "100079812767240",
                "count": 0
            },
            {
                "id": "100077819349918",
                "count": 0
            },
            {
                "id": "100047417837795",
                "count": 0
            },
            {
                "id": "100094284952085",
                "count": 0
            },
            {
                "id": "100069401892640",
                "count": 0
            },
            {
                "id": "100087773523479",
                "count": 0
            },
            {
                "id": "100040436703304",
                "count": 0
            },
            {
                "id": "61552852561179",
                "count": 0
            },
            {
                "id": "61555371626774",
                "count": 0
            },
            {
                "id": "100073438476128",
                "count": 0
            },
            {
                "id": "100061737669806",
                "count": 0
            },
            {
                "id": "61559907900593",
                "count": 0
            },
            {
                "id": "100080370022559",
                "count": 0
            },
            {
                "id": "100006521178447",
                "count": 0
            },
            {
                "id": "100087739640511",
                "count": 0
            },
            {
                "id": "61554191030610",
                "count": 0
            },
            {
                "id": "100095217651181",
                "count": 0
            },
            {
                "id": "100072972284690",
                "count": 0
            },
            {
                "id": "61567382331421",
                "count": 0
            },
            {
                "id": "61567569929551",
                "count": 0
            },
            {
                "id": "100075891860250",
                "count": 0
            },
            {
                "id": "100079896987458",
                "count": 0
            }
        ],
        "week": [
            {
                "id": "100080294643237",
                "count": 0
            },
            {
                "id": "100093573949830",
                "count": 0
            },
            {
                "id": "100087379939725",
                "count": 0
            },
            {
                "id": "100021153082764",
                "count": 0
            },
            {
                "id": "61559407241172",
                "count": 0
            },
            {
                "id": "100051435607188",
                "count": 0
            },
            {
                "id": "100087939275337",
                "count": 0
            },
            {
                "id": "100061952104653",
                "count": 0
            },
            {
                "id": "100057908912152",
                "count": 0
            },
            {
                "id": "100081302041378",
                "count": 0
            },
            {
                "id": "61561729449635",
                "count": 0
            },
            {
                "id": "61560665607831",
                "count": 0
            },
            {
                "id": "61566579658995",
                "count": 0
            },
            {
                "id": "100060803392885",
                "count": 0
            },
            {
                "id": "100083580193400",
                "count": 0
            },
            {
                "id": "100073233097927",
                "count": 0
            },
            {
                "id": "100024572383966",
                "count": 0
            },
            {
                "id": "100075714832954",
                "count": 0
            },
            {
                "id": "100076516191750",
                "count": 0
            },
            {
                "id": "100000211810711",
                "count": 0
            },
            {
                "id": "100025563589945",
                "count": 0
            },
            {
                "id": "100015994744896",
                "count": 0
            },
            {
                "id": "100068328111468",
                "count": 0
            },
            {
                "id": "100083042726357",
                "count": 0
            },
            {
                "id": "100023047793948",
                "count": 0
            },
            {
                "id": "100019036960085",
                "count": 0
            },
            {
                "id": "100027829883468",
                "count": 0
            },
            {
                "id": "100044646483792",
                "count": 0
            },
            {
                "id": "100090410919439",
                "count": 0
            },
            {
                "id": "100081218162568",
                "count": 0
            },
            {
                "id": "100027639495360",
                "count": 0
            },
            {
                "id": "100018247056780",
                "count": 0
            },
            {
                "id": "100029641890324",
                "count": 0
            },
            {
                "id": "100047233570858",
                "count": 0
            },
            {
                "id": "100091313230064",
                "count": 0
            },
            {
                "id": "100094683207136",
                "count": 0
            },
            {
                "id": "100035244290886",
                "count": 0
            },
            {
                "id": "100086552671256",
                "count": 0
            },
            {
                "id": "61559079650241",
                "count": 0
            },
            {
                "id": "61561530282324",
                "count": 0
            },
            {
                "id": "61558117404405",
                "count": 0
            },
            {
                "id": "100072750111275",
                "count": 0
            },
            {
                "id": "100093135556804",
                "count": 0
            },
            {
                "id": "100088048402943",
                "count": 0
            },
            {
                "id": "100030544268552",
                "count": 0
            },
            {
                "id": "100073206068791",
                "count": 0
            },
            {
                "id": "100082271839099",
                "count": 0
            },
            {
                "id": "100012533167625",
                "count": 0
            },
            {
                "id": "100079812767240",
                "count": 0
            },
            {
                "id": "100077819349918",
                "count": 0
            },
            {
                "id": "100047417837795",
                "count": 0
            },
            {
                "id": "100094284952085",
                "count": 0
            },
            {
                "id": "100069401892640",
                "count": 0
            },
            {
                "id": "100087773523479",
                "count": 0
            },
            {
                "id": "100040436703304",
                "count": 0
            },
            {
                "id": "61552852561179",
                "count": 0
            },
            {
                "id": "61555371626774",
                "count": 0
            },
            {
                "id": "100073438476128",
                "count": 0
            },
            {
                "id": "100061737669806",
                "count": 0
            },
            {
                "id": "61559907900593",
                "count": 0
            },
            {
                "id": "100080370022559",
                "count": 0
            },
            {
                "id": "100006521178447",
                "count": 0
            },
            {
                "id": "100087739640511",
                "count": 0
            },
            {
                "id": "61554191030610",
                "count": 0
            },
            {
                "id": "100095217651181",
                "count": 0
            },
            {
                "id": "100072972284690",
                "count": 0
            },
            {
                "id": "61567382331421",
                "count": 0
            },
            {
                "id": "61567569929551",
                "count": 0
            },
            {
                "id": "100075891860250",
                "count": 0
            },
            {
                "id": "100079896987458",
                "count": 0
            }
        ]
    }
}