{
    "total": [
        {
            "id": "100095503776610",
            "count": 0
        },
        {
            "id": "100044861808989",
            "count": 0
        },
        {
            "id": "100070200092705",
            "count": 2774
        },
        {
            "id": "100068556584412",
            "count": 43
        },
        {
            "id": "100061897765344",
            "count": 106
        },
        {
            "id": "100093173181151",
            "count": 13
        },
        {
            "id": "100063565895669",
            "count": 8
        },
        {
            "id": "100023726118197",
            "count": 83
        },
        {
            "id": "100092974080725",
            "count": 31
        },
        {
            "id": "100033332783438",
            "count": 159
        },
        {
            "id": "100011373806095",
            "count": 360
        },
        {
            "id": "61565605177167",
            "count": 19
        },
        {
            "id": "100089313071051",
            "count": 52
        },
        {
            "id": "100089665992465",
            "count": 16
        },
        {
            "id": "100045136928312",
            "count": 671
        },
        {
            "id": "100075468513139",
            "count": 35
        },
        {
            "id": "100078745431801",
            "count": 46
        },
        {
            "id": "100036665254754",
            "count": 865
        },
        {
            "id": "100072050832041",
            "count": 300
        },
        {
            "id": "100059186305124",
            "count": 68
        },
        {
            "id": "100064793914795",
            "count": 45
        },
        {
            "id": "100054593002833",
            "count": 30
        },
        {
            "id": "100019454072208",
            "count": 77
        },
        {
            "id": "100024549649482",
            "count": 27
        },
        {
            "id": "61551511925102",
            "count": 35
        },
        {
            "id": "100021024375065",
            "count": 13
        },
        {
            "id": "61559079650241",
            "count": 60
        },
        {
            "id": "61561530282324",
            "count": 0
        },
        {
            "id": "100044268969964",
            "count": 50
        },
        {
            "id": "100064329961429",
            "count": 16
        },
        {
            "id": "100094334769643",
            "count": 277
        },
        {
            "id": "100070006783724",
            "count": 33
        },
        {
            "id": "100088677670003",
            "count": 37
        },
        {
            "id": "100026973343160",
            "count": 94
        },
        {
            "id": "100052360790117",
            "count": 596
        },
        {
            "id": "100009957939798",
            "count": 102
        },
        {
            "id": "100024737767724",
            "count": 15
        },
        {
            "id": "100046470879396",
            "count": 73
        },
        {
            "id": "61568145590006",
            "count": 274
        },
        {
            "id": "100083551536736",
            "count": 140
        },
        {
            "id": "100073950591890",
            "count": 120
        },
        {
            "id": "61554470975669",
            "count": 59
        },
        {
            "id": "61562826629283",
            "count": 9
        }
    ],
    "week": [
        {
            "id": "100095503776610",
            "count": 0,
            "name": "Nguyễn Duy"
        },
        {
            "id": "100044861808989",
            "count": 0,
            "name": "Giaa Huyy"
        },
        {
            "id": "100070200092705",
            "count": 0,
            "name": "Phátt Nguyễnn"
        },
        {
            "id": "100068556584412",
            "count": 0,
            "name": "Thu Phương"
        },
        {
            "id": "100061897765344",
            "count": 0,
            "name": "Lộc Thanh Nga"
        },
        {
            "id": "100093173181151",
            "count": 0,
            "name": "Suu Elm"
        },
        {
            "id": "100063565895669",
            "count": 0,
            "name": "Bảo Trốn Học"
        },
        {
            "id": "100023726118197",
            "count": 0,
            "name": "Nguyen Quoc Viet"
        },
        {
            "id": "100092974080725",
            "count": 0,
            "name": "Tàii Trần"
        },
        {
            "id": "100033332783438",
            "count": 0,
            "name": "Nguyễn Quốc Đạt"
        },
        {
            "id": "100011373806095",
            "count": 0,
            "name": "Trần Công Hiền"
        },
        {
            "id": "61565605177167",
            "count": 0,
            "name": "호앙두옹"
        },
        {
            "id": "100089313071051",
            "count": 0,
            "name": "Đặng Hùng"
        },
        {
            "id": "100089665992465",
            "count": 0,
            "name": "Hoàng Huy"
        },
        {
            "id": "100045136928312",
            "count": 0,
            "name": "NT Hồng Hạnh"
        },
        {
            "id": "100075468513139",
            "count": 0,
            "name": "Bận Làm Việc"
        },
        {
            "id": "100078745431801",
            "count": 0,
            "name": "Gia Bảo"
        },
        {
            "id": "100036665254754",
            "count": 0,
            "name": "Huỳnh Khang"
        },
        {
            "id": "100072050832041",
            "count": 0,
            "name": "Diem Diem"
        },
        {
            "id": "100059186305124",
            "count": 0,
            "name": "Dương Nguyễn Huy Hoàng"
        },
        {
            "id": "100064793914795",
            "count": 0,
            "name": "Hoàng Việt"
        },
        {
            "id": "100054593002833",
            "count": 0,
            "name": "Hoàng Đạt"
        },
        {
            "id": "100019454072208",
            "count": 0,
            "name": "Bùi Tuyên"
        },
        {
            "id": "100024549649482",
            "count": 0,
            "name": "Tín Đặng"
        },
        {
            "id": "61551511925102",
            "count": 0,
            "name": "Zai Xau"
        },
        {
            "id": "100021024375065",
            "count": 0,
            "name": "Huỳnh Hà"
        },
        {
            "id": "61559079650241",
            "count": 0,
            "name": "Nguyễn Thanh Tùng"
        },
        {
            "id": "61561530282324",
            "count": 0,
            "name": "Roronoa Xoro"
        },
        {
            "id": "100044268969964",
            "count": 0,
            "name": "Duck Duck Ngx"
        },
        {
            "id": "100064329961429",
            "count": 0,
            "name": "Đỗ Ming Vương"
        },
        {
            "id": "100094334769643",
            "count": 0,
            "name": "Duy Trung"
        },
        {
            "id": "100070006783724",
            "count": 0,
            "name": "Cỏ Plus"
        },
        {
            "id": "100088677670003",
            "count": 0,
            "name": "Ai Đó"
        },
        {
            "id": "100026973343160",
            "count": 0,
            "name": "Thắng Vũ"
        },
        {
            "id": "100052360790117",
            "count": 0,
            "name": "Hải Đăng"
        },
        {
            "id": "100009957939798",
            "count": 0,
            "name": "Lê Văn Vương"
        },
        {
            "id": "100024737767724",
            "count": 0,
            "name": "Khánh Đặng"
        },
        {
            "id": "100046470879396",
            "count": 0,
            "name": "Pham The Anh"
        },
        {
            "id": "61568145590006",
            "count": 0,
            "name": "Lê Huy"
        },
        {
            "id": "100083551536736",
            "count": 0,
            "name": "Như Nguyễn"
        },
        {
            "id": "100073950591890",
            "count": 0,
            "name": "Bảo Thy"
        },
        {
            "id": "61554470975669",
            "count": 0,
            "name": "X. Việt"
        },
        {
            "id": "61562826629283",
            "count": 0,
            "name": "Nam Trần"
        }
    ],
    "day": [
        {
            "id": "100095503776610",
            "count": 0,
            "name": "Nguyễn Duy"
        },
        {
            "id": "100044861808989",
            "count": 0,
            "name": "Giaa Huyy"
        },
        {
            "id": "100070200092705",
            "count": 0,
            "name": "Phátt Nguyễnn"
        },
        {
            "id": "100068556584412",
            "count": 0,
            "name": "Thu Phương"
        },
        {
            "id": "100061897765344",
            "count": 0,
            "name": "Lộc Thanh Nga"
        },
        {
            "id": "100093173181151",
            "count": 0,
            "name": "Suu Elm"
        },
        {
            "id": "100063565895669",
            "count": 0,
            "name": "Bảo Trốn Học"
        },
        {
            "id": "100023726118197",
            "count": 0,
            "name": "Nguyen Quoc Viet"
        },
        {
            "id": "100092974080725",
            "count": 0,
            "name": "Tàii Trần"
        },
        {
            "id": "100033332783438",
            "count": 0,
            "name": "Nguyễn Quốc Đạt"
        },
        {
            "id": "100011373806095",
            "count": 0,
            "name": "Trần Công Hiền"
        },
        {
            "id": "61565605177167",
            "count": 0,
            "name": "호앙두옹"
        },
        {
            "id": "100089313071051",
            "count": 0,
            "name": "Đặng Hùng"
        },
        {
            "id": "100089665992465",
            "count": 0,
            "name": "Hoàng Huy"
        },
        {
            "id": "100045136928312",
            "count": 0,
            "name": "NT Hồng Hạnh"
        },
        {
            "id": "100075468513139",
            "count": 0,
            "name": "Bận Làm Việc"
        },
        {
            "id": "100078745431801",
            "count": 0,
            "name": "Gia Bảo"
        },
        {
            "id": "100036665254754",
            "count": 0,
            "name": "Huỳnh Khang"
        },
        {
            "id": "100072050832041",
            "count": 0,
            "name": "Diem Diem"
        },
        {
            "id": "100059186305124",
            "count": 0,
            "name": "Dương Nguyễn Huy Hoàng"
        },
        {
            "id": "100064793914795",
            "count": 0,
            "name": "Hoàng Việt"
        },
        {
            "id": "100054593002833",
            "count": 0,
            "name": "Hoàng Đạt"
        },
        {
            "id": "100019454072208",
            "count": 0,
            "name": "Bùi Tuyên"
        },
        {
            "id": "100024549649482",
            "count": 0,
            "name": "Tín Đặng"
        },
        {
            "id": "61551511925102",
            "count": 0,
            "name": "Zai Xau"
        },
        {
            "id": "100021024375065",
            "count": 0,
            "name": "Huỳnh Hà"
        },
        {
            "id": "61559079650241",
            "count": 0,
            "name": "Nguyễn Thanh Tùng"
        },
        {
            "id": "61561530282324",
            "count": 0,
            "name": "Roronoa Xoro"
        },
        {
            "id": "100044268969964",
            "count": 0,
            "name": "Duck Duck Ngx"
        },
        {
            "id": "100064329961429",
            "count": 0,
            "name": "Đỗ Ming Vương"
        },
        {
            "id": "100094334769643",
            "count": 0,
            "name": "Duy Trung"
        },
        {
            "id": "100070006783724",
            "count": 0,
            "name": "Cỏ Plus"
        },
        {
            "id": "100088677670003",
            "count": 0,
            "name": "Ai Đó"
        },
        {
            "id": "100026973343160",
            "count": 0,
            "name": "Thắng Vũ"
        },
        {
            "id": "100052360790117",
            "count": 0,
            "name": "Hải Đăng"
        },
        {
            "id": "100009957939798",
            "count": 0,
            "name": "Lê Văn Vương"
        },
        {
            "id": "100024737767724",
            "count": 0,
            "name": "Khánh Đặng"
        },
        {
            "id": "100046470879396",
            "count": 0,
            "name": "Pham The Anh"
        },
        {
            "id": "61568145590006",
            "count": 0,
            "name": "Lê Huy"
        },
        {
            "id": "100083551536736",
            "count": 0,
            "name": "Như Nguyễn"
        },
        {
            "id": "100073950591890",
            "count": 0,
            "name": "Bảo Thy"
        },
        {
            "id": "61554470975669",
            "count": 0,
            "name": "X. Việt"
        },
        {
            "id": "61562826629283",
            "count": 0,
            "name": "Nam Trần"
        }
    ],
    "time": 6,
    "last": {
        "time": 5,
        "day": [
            {
                "id": "100095503776610",
                "count": 0
            },
            {
                "id": "100044861808989",
                "count": 0
            },
            {
                "id": "100070200092705",
                "count": 0
            },
            {
                "id": "100081338948537",
                "count": 0
            },
            {
                "id": "100081950761714",
                "count": 0
            },
            {
                "id": "61558445753371",
                "count": 0
            },
            {
                "id": "100088671859555",
                "count": 0
            },
            {
                "id": "100068556584412",
                "count": 0
            },
            {
                "id": "100075865595585",
                "count": 0
            },
            {
                "id": "100048420243949",
                "count": 0
            },
            {
                "id": "61557727763870",
                "count": 0
            },
            {
                "id": "100061897765344",
                "count": 0
            },
            {
                "id": "100093173181151",
                "count": 0
            },
            {
                "id": "100063565895669",
                "count": 0
            },
            {
                "id": "61555714153051",
                "count": 0
            },
            {
                "id": "100035520931571",
                "count": 0
            },
            {
                "id": "100058514365327",
                "count": 0
            },
            {
                "id": "100023726118197",
                "count": 0
            },
            {
                "id": "100092974080725",
                "count": 0
            },
            {
                "id": "100033332783438",
                "count": 0
            },
            {
                "id": "100011373806095",
                "count": 0
            },
            {
                "id": "61565605177167",
                "count": 0
            },
            {
                "id": "100089313071051",
                "count": 0
            },
            {
                "id": "100089665992465",
                "count": 0
            },
            {
                "id": "61551005071240",
                "count": 0
            },
            {
                "id": "100082860623631",
                "count": 0
            },
            {
                "id": "100045136928312",
                "count": 0
            },
            {
                "id": "100040896841265",
                "count": 0
            },
            {
                "id": "100075468513139",
                "count": 0
            },
            {
                "id": "100089480535101",
                "count": 0
            },
            {
                "id": "100078745431801",
                "count": 0
            },
            {
                "id": "100036665254754",
                "count": 0
            },
            {
                "id": "100072050832041",
                "count": 0
            },
            {
                "id": "61556908407025",
                "count": 0
            },
            {
                "id": "100059186305124",
                "count": 0
            },
            {
                "id": "100091635818989",
                "count": 0
            },
            {
                "id": "61552294640505",
                "count": 0
            },
            {
                "id": "100064793914795",
                "count": 0
            },
            {
                "id": "100090113251576",
                "count": 0
            },
            {
                "id": "100057218376737",
                "count": 0
            },
            {
                "id": "100072143828112",
                "count": 0
            },
            {
                "id": "100054593002833",
                "count": 0
            },
            {
                "id": "100019454072208",
                "count": 0
            },
            {
                "id": "100067056423954",
                "count": 0
            },
            {
                "id": "100024549649482",
                "count": 0
            },
            {
                "id": "100056916074461",
                "count": 0
            },
            {
                "id": "100075218660818",
                "count": 0
            },
            {
                "id": "61551511925102",
                "count": 0
            },
            {
                "id": "100021598969526",
                "count": 0
            },
            {
                "id": "100021024375065",
                "count": 0
            },
            {
                "id": "100052533131303",
                "count": 0
            },
            {
                "id": "100051418031885",
                "count": 0
            },
            {
                "id": "61563096895794",
                "count": 0
            },
            {
                "id": "61557599305219",
                "count": 0
            },
            {
                "id": "100054784207686",
                "count": 0
            },
            {
                "id": "61559079650241",
                "count": 0
            },
            {
                "id": "61561530282324",
                "count": 0
            },
            {
                "id": "100044268969964",
                "count": 0
            },
            {
                "id": "100065853377601",
                "count": 0
            },
            {
                "id": "100078010461846",
                "count": 0
            },
            {
                "id": "100091941377657",
                "count": 0
            },
            {
                "id": "100092582312478",
                "count": 0
            },
            {
                "id": "100064329961429",
                "count": 0
            },
            {
                "id": "100056749604491",
                "count": 0
            },
            {
                "id": "100065701728451",
                "count": 0
            },
            {
                "id": "100092500392041",
                "count": 0
            },
            {
                "id": "61554741933121",
                "count": 0
            },
            {
                "id": "100062054508201",
                "count": 0
            },
            {
                "id": "61557372210032",
                "count": 0
            },
            {
                "id": "100028607117943",
                "count": 0
            },
            {
                "id": "100051026808065",
                "count": 0
            },
            {
                "id": "61566171441498",
                "count": 0
            },
            {
                "id": "100094334769643",
                "count": 0
            },
            {
                "id": "100091350494014",
                "count": 0
            },
            {
                "id": "100057069830214",
                "count": 0
            },
            {
                "id": "100069652317280",
                "count": 0
            },
            {
                "id": "100093273597666",
                "count": 0
            },
            {
                "id": "100070006783724",
                "count": 0
            },
            {
                "id": "100088677670003",
                "count": 0
            },
            {
                "id": "100026973343160",
                "count": 0
            },
            {
                "id": "100052360790117",
                "count": 0
            },
            {
                "id": "100009957939798",
                "count": 0
            },
            {
                "id": "100077903707832",
                "count": 0
            },
            {
                "id": "100077739370855",
                "count": 0
            },
            {
                "id": "100024737767724",
                "count": 0
            },
            {
                "id": "100046470879396",
                "count": 0
            },
            {
                "id": "61568145590006",
                "count": 0
            },
            {
                "id": "100084941397068",
                "count": 0
            },
            {
                "id": "100028334359298",
                "count": 0
            },
            {
                "id": "100083551536736",
                "count": 0
            },
            {
                "id": "100073950591890",
                "count": 0
            },
            {
                "id": "100088686969597",
                "count": 0
            },
            {
                "id": "61554470975669",
                "count": 0
            },
            {
                "id": "61562826629283",
                "count": 0
            }
        ],
        "week": [
            {
                "id": "100095503776610",
                "count": 0
            },
            {
                "id": "100044861808989",
                "count": 0
            },
            {
                "id": "100070200092705",
                "count": 0
            },
            {
                "id": "100081338948537",
                "count": 0
            },
            {
                "id": "100081950761714",
                "count": 0
            },
            {
                "id": "61558445753371",
                "count": 0
            },
            {
                "id": "100088671859555",
                "count": 0
            },
            {
                "id": "100068556584412",
                "count": 0
            },
            {
                "id": "100075865595585",
                "count": 0
            },
            {
                "id": "100048420243949",
                "count": 0
            },
            {
                "id": "61557727763870",
                "count": 0
            },
            {
                "id": "100061897765344",
                "count": 0
            },
            {
                "id": "100093173181151",
                "count": 0
            },
            {
                "id": "100063565895669",
                "count": 0
            },
            {
                "id": "61555714153051",
                "count": 0
            },
            {
                "id": "100035520931571",
                "count": 0
            },
            {
                "id": "100058514365327",
                "count": 0
            },
            {
                "id": "100023726118197",
                "count": 0
            },
            {
                "id": "100092974080725",
                "count": 0
            },
            {
                "id": "100033332783438",
                "count": 0
            },
            {
                "id": "100011373806095",
                "count": 0
            },
            {
                "id": "61565605177167",
                "count": 0
            },
            {
                "id": "100089313071051",
                "count": 0
            },
            {
                "id": "100089665992465",
                "count": 0
            },
            {
                "id": "61551005071240",
                "count": 0
            },
            {
                "id": "100082860623631",
                "count": 0
            },
            {
                "id": "100045136928312",
                "count": 0
            },
            {
                "id": "100040896841265",
                "count": 0
            },
            {
                "id": "100075468513139",
                "count": 0
            },
            {
                "id": "100089480535101",
                "count": 0
            },
            {
                "id": "100078745431801",
                "count": 0
            },
            {
                "id": "100036665254754",
                "count": 0
            },
            {
                "id": "100072050832041",
                "count": 0
            },
            {
                "id": "61556908407025",
                "count": 0
            },
            {
                "id": "100059186305124",
                "count": 0
            },
            {
                "id": "100091635818989",
                "count": 0
            },
            {
                "id": "61552294640505",
                "count": 0
            },
            {
                "id": "100064793914795",
                "count": 0
            },
            {
                "id": "100090113251576",
                "count": 0
            },
            {
                "id": "100057218376737",
                "count": 0
            },
            {
                "id": "100072143828112",
                "count": 0
            },
            {
                "id": "100054593002833",
                "count": 0
            },
            {
                "id": "100019454072208",
                "count": 0
            },
            {
                "id": "100067056423954",
                "count": 0
            },
            {
                "id": "100024549649482",
                "count": 0
            },
            {
                "id": "100056916074461",
                "count": 0
            },
            {
                "id": "100075218660818",
                "count": 0
            },
            {
                "id": "61551511925102",
                "count": 0
            },
            {
                "id": "100021598969526",
                "count": 0
            },
            {
                "id": "100021024375065",
                "count": 0
            },
            {
                "id": "100052533131303",
                "count": 0
            },
            {
                "id": "100051418031885",
                "count": 0
            },
            {
                "id": "61563096895794",
                "count": 0
            },
            {
                "id": "61557599305219",
                "count": 0
            },
            {
                "id": "100054784207686",
                "count": 0
            },
            {
                "id": "61559079650241",
                "count": 0
            },
            {
                "id": "61561530282324",
                "count": 0
            },
            {
                "id": "100044268969964",
                "count": 0
            },
            {
                "id": "100065853377601",
                "count": 0
            },
            {
                "id": "100078010461846",
                "count": 0
            },
            {
                "id": "100091941377657",
                "count": 0
            },
            {
                "id": "100092582312478",
                "count": 0
            },
            {
                "id": "100064329961429",
                "count": 0
            },
            {
                "id": "100056749604491",
                "count": 0
            },
            {
                "id": "100065701728451",
                "count": 0
            },
            {
                "id": "100092500392041",
                "count": 0
            },
            {
                "id": "61554741933121",
                "count": 0
            },
            {
                "id": "100062054508201",
                "count": 0
            },
            {
                "id": "61557372210032",
                "count": 0
            },
            {
                "id": "100028607117943",
                "count": 0
            },
            {
                "id": "100051026808065",
                "count": 0
            },
            {
                "id": "61566171441498",
                "count": 0
            },
            {
                "id": "100094334769643",
                "count": 0
            },
            {
                "id": "100091350494014",
                "count": 0
            },
            {
                "id": "100057069830214",
                "count": 0
            },
            {
                "id": "100069652317280",
                "count": 0
            },
            {
                "id": "100093273597666",
                "count": 0
            },
            {
                "id": "100070006783724",
                "count": 0
            },
            {
                "id": "100088677670003",
                "count": 0
            },
            {
                "id": "100026973343160",
                "count": 0
            },
            {
                "id": "100052360790117",
                "count": 0
            },
            {
                "id": "100009957939798",
                "count": 0
            },
            {
                "id": "100077903707832",
                "count": 0
            },
            {
                "id": "100077739370855",
                "count": 0
            },
            {
                "id": "100024737767724",
                "count": 0
            },
            {
                "id": "100046470879396",
                "count": 0
            },
            {
                "id": "61568145590006",
                "count": 0
            },
            {
                "id": "100084941397068",
                "count": 0
            },
            {
                "id": "100028334359298",
                "count": 0
            },
            {
                "id": "100083551536736",
                "count": 0
            },
            {
                "id": "100073950591890",
                "count": 0
            },
            {
                "id": "100088686969597",
                "count": 0
            },
            {
                "id": "61554470975669",
                "count": 0
            },
            {
                "id": "61562826629283",
                "count": 0
            }
        ]
    }
}