{
    "total": [
        {
            "id": "100049967332022",
            "count": 51
        },
        {
            "id": "100008132139387",
            "count": 1087
        },
        {
            "id": "100040105587303",
            "count": 237
        },
        {
            "id": "100093647125381",
            "count": 171
        },
        {
            "id": "100082143115969",
            "count": 981
        },
        {
            "id": "100072930363867",
            "count": 625
        },
        {
            "id": "100015746226873",
            "count": 17
        },
        {
            "id": "100090272140030",
            "count": 120
        },
        {
            "id": "100037847806855",
            "count": 261
        },
        {
            "id": "100089005271194",
            "count": 288
        },
        {
            "id": "100049024920375",
            "count": 2021
        },
        {
            "id": "61561530282324",
            "count": 29
        },
        {
            "id": "61555762781780",
            "count": 21
        },
        {
            "id": "100084280711696",
            "count": 52
        },
        {
            "id": "100062554702462",
            "count": 346
        },
        {
            "id": "100089743836358",
            "count": 90
        },
        {
            "id": "100089661317794",
            "count": 280
        },
        {
            "id": "61565019717058",
            "count": 51
        },
        {
            "id": "100094172302681",
            "count": 320
        },
        {
            "id": "61563862929879",
            "count": 28
        },
        {
            "id": "100089192687146",
            "count": 17
        },
        {
            "id": "100064282457996",
            "count": 32
        },
        {
            "id": "61566809417152",
            "count": 37
        },
        {
            "id": "100092610196781",
            "count": 40
        },
        {
            "id": "61558947235559",
            "count": 1085
        },
        {
            "id": "61566808768550",
            "count": 1107
        },
        {
            "id": "100045569497803",
            "count": 97
        },
        {
            "id": "100095052176152",
            "count": 519
        },
        {
            "id": "100094299677036",
            "count": 125
        },
        {
            "id": "100078817899294",
            "count": 22
        },
        {
            "id": "61566432523509",
            "count": 273
        },
        {
            "id": "100063895457553",
            "count": 600
        },
        {
            "id": "100075814871703",
            "count": 494
        },
        {
            "id": "100059411716480",
            "count": 23
        },
        {
            "id": "100083846476341",
            "count": 161
        },
        {
            "id": "100060458093986",
            "count": 54
        },
        {
            "id": "61561260117704",
            "count": 28
        },
        {
            "id": "100074686485074",
            "count": 70
        },
        {
            "id": "61554358040890",
            "count": 489
        },
        {
            "id": "61564874176759",
            "count": 24
        },
        {
            "id": "100084638735600",
            "count": 42
        },
        {
            "id": "61559079650241",
            "count": 19
        },
        {
            "id": "100067105721545",
            "count": 11
        },
        {
            "id": "61550050013866",
            "count": 4
        },
        {
            "id": "100062848670300",
            "count": 28
        },
        {
            "id": "100078862383443",
            "count": 23
        }
    ],
    "week": [
        {
            "id": "100049967332022",
            "count": 8,
            "name": "Tuấn Lê"
        },
        {
            "id": "100008132139387",
            "count": 112,
            "name": "An Ann"
        },
        {
            "id": "100040105587303",
            "count": 1,
            "name": "Mỹ Huyền"
        },
        {
            "id": "100093647125381",
            "count": 20,
            "name": "Trần Kiên"
        },
        {
            "id": "100082143115969",
            "count": 147,
            "name": "Ys Nhi"
        },
        {
            "id": "100072930363867",
            "count": 18,
            "name": "Hoàng Mạnh"
        },
        {
            "id": "100015746226873",
            "count": 0,
            "name": "Bìnhh Võ"
        },
        {
            "id": "100090272140030",
            "count": 3,
            "name": "Trangg BaBi"
        },
        {
            "id": "100037847806855",
            "count": 120,
            "name": "Lâm Trọng"
        },
        {
            "id": "100089005271194",
            "count": 1,
            "name": "Tuyet Ly"
        },
        {
            "id": "100049024920375",
            "count": 35,
            "name": "Gia Huy"
        },
        {
            "id": "61561530282324",
            "count": 29,
            "name": "Roronoa Xoro"
        },
        {
            "id": "61555762781780",
            "count": 0,
            "name": "Thanh Nguyễn"
        },
        {
            "id": "100084280711696",
            "count": 0,
            "name": "Ney Dương"
        },
        {
            "id": "100062554702462",
            "count": 28,
            "name": "Hoang Kieu Anh"
        },
        {
            "id": "100089743836358",
            "count": 1,
            "name": "Viet Anh"
        },
        {
            "id": "100089661317794",
            "count": 0,
            "name": "Trần Quang Phong"
        },
        {
            "id": "61565019717058",
            "count": 0,
            "name": "Viet Anh"
        },
        {
            "id": "100094172302681",
            "count": 0,
            "name": "Người dùng Facebook"
        },
        {
            "id": "61563862929879",
            "count": 0,
            "name": "Huỳnh Chii"
        },
        {
            "id": "100089192687146",
            "count": 0,
            "name": "Hoang Minh"
        },
        {
            "id": "100064282457996",
            "count": 6,
            "name": "Huỳnh Hữu Tín"
        },
        {
            "id": "61566809417152",
            "count": 1,
            "name": "Lê Anh Khoa"
        },
        {
            "id": "100092610196781",
            "count": 2,
            "name": "Không Tên"
        },
        {
            "id": "61558947235559",
            "count": 4,
            "name": "Yến Maii"
        },
        {
            "id": "61566808768550",
            "count": 233,
            "name": "Nguyễn Hùng"
        },
        {
            "id": "100045569497803",
            "count": 0,
            "name": "Thành Trần"
        },
        {
            "id": "100095052176152",
            "count": 95,
            "name": "Phu Nguyen"
        },
        {
            "id": "100094299677036",
            "count": 0,
            "name": "Cam Cam"
        },
        {
            "id": "100078817899294",
            "count": 0,
            "name": "Minh Tú"
        },
        {
            "id": "61566432523509",
            "count": 0,
            "name": "LH Hl"
        },
        {
            "id": "100063895457553",
            "count": 72,
            "name": "Hoàng Thiện"
        },
        {
            "id": "100075814871703",
            "count": 0,
            "name": "Đứcc Tuấnn"
        },
        {
            "id": "100059411716480",
            "count": 2,
            "name": "Tr Văn Thành"
        },
        {
            "id": "100083846476341",
            "count": 1,
            "name": "Manhh Đucc"
        },
        {
            "id": "100060458093986",
            "count": 11,
            "name": "Quang Anh"
        },
        {
            "id": "61561260117704",
            "count": 3,
            "name": "Phuong Linh"
        },
        {
            "id": "100074686485074",
            "count": 2,
            "name": "Phan Thành Thái"
        },
        {
            "id": "61554358040890",
            "count": 134,
            "name": "Panh Đoàn"
        },
        {
            "id": "61564874176759",
            "count": 4,
            "name": "Thw Lee"
        },
        {
            "id": "100084638735600",
            "count": 1,
            "name": "Gia Kỳ"
        },
        {
            "id": "61559079650241",
            "count": 8,
            "name": "Nguyễn Thanh Tùng"
        },
        {
            "id": "100067105721545",
            "count": 11
        },
        {
            "id": "61550050013866",
            "count": 4
        },
        {
            "id": "100062848670300",
            "count": 28
        },
        {
            "id": "100078862383443",
            "count": 23
        }
    ],
    "day": [
        {
            "id": "100049967332022",
            "count": 0,
            "name": "Tuấn Lê"
        },
        {
            "id": "100008132139387",
            "count": 0,
            "name": "An Ann"
        },
        {
            "id": "100040105587303",
            "count": 0,
            "name": "Mỹ Huyền"
        },
        {
            "id": "100093647125381",
            "count": 0,
            "name": "Trần Kiên"
        },
        {
            "id": "100082143115969",
            "count": 0,
            "name": "Ys Nhi"
        },
        {
            "id": "100072930363867",
            "count": 0,
            "name": "Hoàng Mạnh"
        },
        {
            "id": "100015746226873",
            "count": 0,
            "name": "Bìnhh Võ"
        },
        {
            "id": "100090272140030",
            "count": 0,
            "name": "Trangg BaBi"
        },
        {
            "id": "100037847806855",
            "count": 0,
            "name": "Lâm Trọng"
        },
        {
            "id": "100089005271194",
            "count": 0,
            "name": "Tuyet Ly"
        },
        {
            "id": "100049024920375",
            "count": 0,
            "name": "Gia Huy"
        },
        {
            "id": "61561530282324",
            "count": 0,
            "name": "Roronoa Xoro"
        },
        {
            "id": "61555762781780",
            "count": 0,
            "name": "Thanh Nguyễn"
        },
        {
            "id": "100084280711696",
            "count": 0,
            "name": "Ney Dương"
        },
        {
            "id": "100062554702462",
            "count": 0,
            "name": "Hoang Kieu Anh"
        },
        {
            "id": "100089743836358",
            "count": 0,
            "name": "Viet Anh"
        },
        {
            "id": "100089661317794",
            "count": 0,
            "name": "Trần Quang Phong"
        },
        {
            "id": "61565019717058",
            "count": 0,
            "name": "Viet Anh"
        },
        {
            "id": "100094172302681",
            "count": 0,
            "name": "Người dùng Facebook"
        },
        {
            "id": "61563862929879",
            "count": 0,
            "name": "Huỳnh Chii"
        },
        {
            "id": "100089192687146",
            "count": 0,
            "name": "Hoang Minh"
        },
        {
            "id": "100064282457996",
            "count": 0,
            "name": "Huỳnh Hữu Tín"
        },
        {
            "id": "61566809417152",
            "count": 0,
            "name": "Lê Anh Khoa"
        },
        {
            "id": "100092610196781",
            "count": 0,
            "name": "Không Tên"
        },
        {
            "id": "61558947235559",
            "count": 0,
            "name": "Yến Maii"
        },
        {
            "id": "61566808768550",
            "count": 0,
            "name": "Nguyễn Hùng"
        },
        {
            "id": "100045569497803",
            "count": 0,
            "name": "Thành Trần"
        },
        {
            "id": "100095052176152",
            "count": 0,
            "name": "Phu Nguyen"
        },
        {
            "id": "100094299677036",
            "count": 0,
            "name": "Cam Cam"
        },
        {
            "id": "100078817899294",
            "count": 0,
            "name": "Minh Tú"
        },
        {
            "id": "61566432523509",
            "count": 0,
            "name": "LH Hl"
        },
        {
            "id": "100063895457553",
            "count": 0,
            "name": "Hoàng Thiện"
        },
        {
            "id": "100075814871703",
            "count": 0,
            "name": "Đứcc Tuấnn"
        },
        {
            "id": "100059411716480",
            "count": 0,
            "name": "Tr Văn Thành"
        },
        {
            "id": "100083846476341",
            "count": 0,
            "name": "Manhh Đucc"
        },
        {
            "id": "100060458093986",
            "count": 0,
            "name": "Quang Anh"
        },
        {
            "id": "61561260117704",
            "count": 0,
            "name": "Phuong Linh"
        },
        {
            "id": "100074686485074",
            "count": 0,
            "name": "Phan Thành Thái"
        },
        {
            "id": "61554358040890",
            "count": 0,
            "name": "Panh Đoàn"
        },
        {
            "id": "61564874176759",
            "count": 0,
            "name": "Thw Lee"
        },
        {
            "id": "100084638735600",
            "count": 0,
            "name": "Gia Kỳ"
        },
        {
            "id": "61559079650241",
            "count": 0,
            "name": "Nguyễn Thanh Tùng"
        },
        {
            "id": "100067105721545",
            "count": 0,
            "name": "Vanh Nguyễn"
        },
        {
            "id": "61550050013866",
            "count": 0,
            "name": "Minh Hy"
        },
        {
            "id": "100062848670300",
            "count": 0,
            "name": "Minh Phong"
        },
        {
            "id": "100078862383443",
            "count": 0,
            "name": "Thành Đạt"
        }
    ],
    "time": 6,
    "last": {
        "time": 0,
        "day": [
            {
                "id": "100023555594553",
                "count": 0
            },
            {
                "id": "100049967332022",
                "count": 0
            },
            {
                "id": "100008132139387",
                "count": 0
            },
            {
                "id": "100040105587303",
                "count": 0
            },
            {
                "id": "100019140146636",
                "count": 0
            },
            {
                "id": "61564230065022",
                "count": 0
            },
            {
                "id": "100075153512316",
                "count": 0
            },
            {
                "id": "100093647125381",
                "count": 0
            },
            {
                "id": "100072827499399",
                "count": 0
            },
            {
                "id": "100082143115969",
                "count": 0
            },
            {
                "id": "100030727339475",
                "count": 0
            },
            {
                "id": "100044550545969",
                "count": 0
            },
            {
                "id": "61564471059003",
                "count": 0
            },
            {
                "id": "100025481560934",
                "count": 0
            },
            {
                "id": "100084601860342",
                "count": 0
            },
            {
                "id": "100086745204494",
                "count": 0
            },
            {
                "id": "100010564806503",
                "count": 0
            },
            {
                "id": "100079251053157",
                "count": 0
            },
            {
                "id": "100072930363867",
                "count": 0
            },
            {
                "id": "100008398248770",
                "count": 0
            },
            {
                "id": "100091573927131",
                "count": 0
            },
            {
                "id": "100050781094556",
                "count": 0
            },
            {
                "id": "100073566744698",
                "count": 0
            },
            {
                "id": "100015746226873",
                "count": 0
            },
            {
                "id": "100077995729801",
                "count": 0
            },
            {
                "id": "100090272140030",
                "count": 0
            },
            {
                "id": "100037847806855",
                "count": 0
            },
            {
                "id": "100088668694167",
                "count": 0
            },
            {
                "id": "100086055816119",
                "count": 0
            },
            {
                "id": "61555602417358",
                "count": 0
            },
            {
                "id": "100089005271194",
                "count": 0
            },
            {
                "id": "100090335570221",
                "count": 0
            },
            {
                "id": "100065079225771",
                "count": 0
            },
            {
                "id": "100073669545523",
                "count": 0
            },
            {
                "id": "100027726024166",
                "count": 0
            },
            {
                "id": "100081013140853",
                "count": 0
            },
            {
                "id": "61554358040890",
                "count": 0
            },
            {
                "id": "100049024920375",
                "count": 0
            },
            {
                "id": "61559079650241",
                "count": 0
            },
            {
                "id": "100008109367985",
                "count": 0
            },
            {
                "id": "61561530282324",
                "count": 0
            },
            {
                "id": "61553184116890",
                "count": 0
            },
            {
                "id": "100093370886147",
                "count": 0
            },
            {
                "id": "61555762781780",
                "count": 0
            },
            {
                "id": "100084280711696",
                "count": 0
            },
            {
                "id": "61566826751267",
                "count": 0
            },
            {
                "id": "100062554702462",
                "count": 0
            },
            {
                "id": "100089743836358",
                "count": 0
            },
            {
                "id": "100069873608364",
                "count": 0
            },
            {
                "id": "100089661317794",
                "count": 0
            },
            {
                "id": "61550578182328",
                "count": 0
            },
            {
                "id": "61565019717058",
                "count": 0
            },
            {
                "id": "61566472169842",
                "count": 0
            },
            {
                "id": "100094172302681",
                "count": 0
            },
            {
                "id": "61563862929879",
                "count": 0
            },
            {
                "id": "100068946270202",
                "count": 0
            },
            {
                "id": "100089192687146",
                "count": 0
            },
            {
                "id": "100064282457996",
                "count": 0
            },
            {
                "id": "61559769796976",
                "count": 0
            },
            {
                "id": "61566809417152",
                "count": 0
            },
            {
                "id": "61559526562667",
                "count": 0
            },
            {
                "id": "100090526237601",
                "count": 0
            },
            {
                "id": "100092610196781",
                "count": 0
            },
            {
                "id": "100088852191151",
                "count": 0
            },
            {
                "id": "61558947235559",
                "count": 0
            },
            {
                "id": "61566808768550",
                "count": 0
            },
            {
                "id": "61565450240118",
                "count": 0
            },
            {
                "id": "61567137991360",
                "count": 0
            },
            {
                "id": "100045569497803",
                "count": 0
            },
            {
                "id": "100095052176152",
                "count": 0
            },
            {
                "id": "100094299677036",
                "count": 0
            },
            {
                "id": "61561935353894",
                "count": 0
            },
            {
                "id": "100052132940476",
                "count": 0
            },
            {
                "id": "61552044337068",
                "count": 0
            },
            {
                "id": "100030422182208",
                "count": 0
            },
            {
                "id": "100078817899294",
                "count": 0
            },
            {
                "id": "100022199220928",
                "count": 0
            },
            {
                "id": "61566432523509",
                "count": 0
            },
            {
                "id": "100063895457553",
                "count": 0
            },
            {
                "id": "100075057601354",
                "count": 0
            },
            {
                "id": "100083051926069",
                "count": 0
            },
            {
                "id": "100075814871703",
                "count": 0
            },
            {
                "id": "61550975301996",
                "count": 0
            },
            {
                "id": "100082521752295",
                "count": 0
            },
            {
                "id": "100059411716480",
                "count": 0
            },
            {
                "id": "61567480494587",
                "count": 0
            },
            {
                "id": "100083846476341",
                "count": 0
            },
            {
                "id": "100060458093986",
                "count": 0
            },
            {
                "id": "61567686770290",
                "count": 0
            },
            {
                "id": "61561260117704",
                "count": 0
            },
            {
                "id": "100074686485074",
                "count": 0
            },
            {
                "id": "61564874176759",
                "count": 0
            },
            {
                "id": "100084638735600",
                "count": 0
            },
            {
                "id": "61558117404405",
                "count": 0
            },
            {
                "id": "100067105721545",
                "count": 0
            },
            {
                "id": "61550050013866",
                "count": 0
            },
            {
                "id": "100062848670300",
                "count": 0
            },
            {
                "id": "100078862383443",
                "count": 0
            }
        ],
        "week": [
            {
                "id": "100023555594553",
                "count": 0
            },
            {
                "id": "100049967332022",
                "count": 0
            },
            {
                "id": "100008132139387",
                "count": 0
            },
            {
                "id": "100040105587303",
                "count": 0
            },
            {
                "id": "100019140146636",
                "count": 0
            },
            {
                "id": "61564230065022",
                "count": 0
            },
            {
                "id": "100075153512316",
                "count": 0
            },
            {
                "id": "100093647125381",
                "count": 0
            },
            {
                "id": "100072827499399",
                "count": 0
            },
            {
                "id": "100082143115969",
                "count": 0
            },
            {
                "id": "100030727339475",
                "count": 0
            },
            {
                "id": "100044550545969",
                "count": 0
            },
            {
                "id": "61564471059003",
                "count": 0
            },
            {
                "id": "100025481560934",
                "count": 0
            },
            {
                "id": "100084601860342",
                "count": 0
            },
            {
                "id": "100086745204494",
                "count": 0
            },
            {
                "id": "100010564806503",
                "count": 0
            },
            {
                "id": "100079251053157",
                "count": 0
            },
            {
                "id": "100072930363867",
                "count": 0
            },
            {
                "id": "100008398248770",
                "count": 0
            },
            {
                "id": "100091573927131",
                "count": 0
            },
            {
                "id": "100050781094556",
                "count": 0
            },
            {
                "id": "100073566744698",
                "count": 0
            },
            {
                "id": "100015746226873",
                "count": 0
            },
            {
                "id": "100077995729801",
                "count": 0
            },
            {
                "id": "100090272140030",
                "count": 0
            },
            {
                "id": "100037847806855",
                "count": 0
            },
            {
                "id": "100088668694167",
                "count": 0
            },
            {
                "id": "100086055816119",
                "count": 0
            },
            {
                "id": "61555602417358",
                "count": 0
            },
            {
                "id": "100089005271194",
                "count": 0
            },
            {
                "id": "100090335570221",
                "count": 0
            },
            {
                "id": "100065079225771",
                "count": 0
            },
            {
                "id": "100073669545523",
                "count": 0
            },
            {
                "id": "100027726024166",
                "count": 0
            },
            {
                "id": "100081013140853",
                "count": 0
            },
            {
                "id": "61554358040890",
                "count": 0
            },
            {
                "id": "100049024920375",
                "count": 0
            },
            {
                "id": "61559079650241",
                "count": 0
            },
            {
                "id": "100008109367985",
                "count": 0
            },
            {
                "id": "61561530282324",
                "count": 0
            },
            {
                "id": "61553184116890",
                "count": 0
            },
            {
                "id": "100093370886147",
                "count": 0
            },
            {
                "id": "61555762781780",
                "count": 0
            },
            {
                "id": "100084280711696",
                "count": 0
            },
            {
                "id": "61566826751267",
                "count": 0
            },
            {
                "id": "100062554702462",
                "count": 0
            },
            {
                "id": "100089743836358",
                "count": 0
            },
            {
                "id": "100069873608364",
                "count": 0
            },
            {
                "id": "100089661317794",
                "count": 0
            },
            {
                "id": "61550578182328",
                "count": 0
            },
            {
                "id": "61565019717058",
                "count": 0
            },
            {
                "id": "61566472169842",
                "count": 0
            },
            {
                "id": "100094172302681",
                "count": 0
            },
            {
                "id": "61563862929879",
                "count": 0
            },
            {
                "id": "100068946270202",
                "count": 0
            },
            {
                "id": "100089192687146",
                "count": 0
            },
            {
                "id": "100064282457996",
                "count": 0
            },
            {
                "id": "61559769796976",
                "count": 0
            },
            {
                "id": "61566809417152",
                "count": 0
            },
            {
                "id": "61559526562667",
                "count": 0
            },
            {
                "id": "100090526237601",
                "count": 0
            },
            {
                "id": "100092610196781",
                "count": 0
            },
            {
                "id": "100088852191151",
                "count": 0
            },
            {
                "id": "61558947235559",
                "count": 0
            },
            {
                "id": "61566808768550",
                "count": 0
            },
            {
                "id": "61565450240118",
                "count": 0
            },
            {
                "id": "61567137991360",
                "count": 0
            },
            {
                "id": "100045569497803",
                "count": 0
            },
            {
                "id": "100095052176152",
                "count": 0
            },
            {
                "id": "100094299677036",
                "count": 0
            },
            {
                "id": "61561935353894",
                "count": 0
            },
            {
                "id": "100052132940476",
                "count": 0
            },
            {
                "id": "61552044337068",
                "count": 0
            },
            {
                "id": "100030422182208",
                "count": 0
            },
            {
                "id": "100078817899294",
                "count": 0
            },
            {
                "id": "100022199220928",
                "count": 0
            },
            {
                "id": "61566432523509",
                "count": 0
            },
            {
                "id": "100063895457553",
                "count": 0
            },
            {
                "id": "100075057601354",
                "count": 0
            },
            {
                "id": "100083051926069",
                "count": 0
            },
            {
                "id": "100075814871703",
                "count": 0
            },
            {
                "id": "61550975301996",
                "count": 0
            },
            {
                "id": "100082521752295",
                "count": 0
            },
            {
                "id": "100059411716480",
                "count": 0
            },
            {
                "id": "61567480494587",
                "count": 0
            },
            {
                "id": "100083846476341",
                "count": 0
            },
            {
                "id": "100060458093986",
                "count": 0
            },
            {
                "id": "61567686770290",
                "count": 0
            },
            {
                "id": "61561260117704",
                "count": 0
            },
            {
                "id": "100074686485074",
                "count": 0
            },
            {
                "id": "61564874176759",
                "count": 0
            },
            {
                "id": "100084638735600",
                "count": 0
            },
            {
                "id": "61558117404405",
                "count": 0
            },
            {
                "id": "100067105721545",
                "count": 0
            },
            {
                "id": "61550050013866",
                "count": 0
            },
            {
                "id": "100062848670300",
                "count": 0
            },
            {
                "id": "100078862383443",
                "count": 0
            }
        ]
    }
}