{
    "total": [
        {
            "id": "100085073240621",
            "count": 5660
        },
        {
            "id": "100072439105441",
            "count": 2008
        },
        {
            "id": "61561530282324",
            "count": 1324
        },
        {
            "id": "100073420669646",
            "count": 760
        },
        {
            "id": "61550343162256",
            "count": 0
        },
        {
            "id": "100055236161579",
            "count": 415
        },
        {
            "id": "61554387913255",
            "count": 3
        },
        {
            "id": "100001113278043",
            "count": 0
        }
    ],
    "week": [
        {
            "id": "100085073240621",
            "count": 1866,
            "name": "Dang Gia Khanh"
        },
        {
            "id": "100072439105441",
            "count": 711,
            "name": "Lê Chí"
        },
        {
            "id": "61561530282324",
            "count": 1240,
            "name": "Roronoa Xoro"
        },
        {
            "id": "100073420669646",
            "count": 151,
            "name": "Trần Ngọc Phương Linh"
        },
        {
            "id": "61550343162256",
            "count": 0,
            "name": "Dang Gia Khanh"
        },
        {
            "id": "100055236161579",
            "count": 399,
            "name": "Nguyễn Hà Chi"
        },
        {
            "id": "61554387913255",
            "count": 3
        },
        {
            "id": "100001113278043",
            "count": 0
        }
    ],
    "day": [
        {
            "id": "100085073240621",
            "count": 75,
            "name": "Dang Gia Khanh"
        },
        {
            "id": "100072439105441",
            "count": 7,
            "name": "Lê Chí"
        },
        {
            "id": "61561530282324",
            "count": 71,
            "name": "Roronoa Xoro"
        },
        {
            "id": "100073420669646",
            "count": 0,
            "name": "Trần Ngọc Phương Linh"
        },
        {
            "id": "61550343162256",
            "count": 0,
            "name": "Dang Gia Khanh"
        },
        {
            "id": "100055236161579",
            "count": 1,
            "name": "Nguyễn Hà Chi"
        },
        {
            "id": "61554387913255",
            "count": 0,
            "name": "Hương Quỳnh"
        },
        {
            "id": "100001113278043",
            "count": 0,
            "name": "Phương Huyền"
        }
    ],
    "time": 6,
    "last": {
        "time": 2,
        "day": [
            {
                "id": "100085073240621",
                "count": 0
            },
            {
                "id": "100072439105441",
                "count": 0
            },
            {
                "id": "61562953168002",
                "count": 0
            },
            {
                "id": "100055236161579",
                "count": 0
            },
            {
                "id": "100073420669646",
                "count": 0
            },
            {
                "id": "61553203100073",
                "count": 0
            },
            {
                "id": "61561530282324",
                "count": 0
            },
            {
                "id": "100004752336149",
                "count": 0
            },
            {
                "id": "100077026869574",
                "count": 0
            },
            {
                "id": "61566826751267",
                "count": 0
            },
            {
                "id": "61556666968083",
                "count": 0
            },
            {
                "id": "100008024501481",
                "count": 0
            },
            {
                "id": "61553349840198",
                "count": 0
            },
            {
                "id": "100087128565622",
                "count": 0
            },
            {
                "id": "61550343162256",
                "count": 0
            },
            {
                "id": "61554387913255",
                "count": 0
            },
            {
                "id": "100001113278043",
                "count": 0
            }
        ],
        "week": [
            {
                "id": "100085073240621",
                "count": 0
            },
            {
                "id": "100072439105441",
                "count": 0
            },
            {
                "id": "61562953168002",
                "count": 0
            },
            {
                "id": "100055236161579",
                "count": 0
            },
            {
                "id": "100073420669646",
                "count": 0
            },
            {
                "id": "61553203100073",
                "count": 0
            },
            {
                "id": "61561530282324",
                "count": 0
            },
            {
                "id": "100004752336149",
                "count": 0
            },
            {
                "id": "100077026869574",
                "count": 0
            },
            {
                "id": "61566826751267",
                "count": 0
            },
            {
                "id": "61556666968083",
                "count": 0
            },
            {
                "id": "100008024501481",
                "count": 0
            },
            {
                "id": "61553349840198",
                "count": 0
            },
            {
                "id": "100087128565622",
                "count": 0
            },
            {
                "id": "61550343162256",
                "count": 0
            },
            {
                "id": "61554387913255",
                "count": 0
            },
            {
                "id": "100001113278043",
                "count": 0
            }
        ]
    }
}