{
    "total": [
        {
            "id": "100094264624284",
            "count": 10
        },
        {
            "id": "100084104992463",
            "count": 368
        },
        {
            "id": "61560811187659",
            "count": 108
        },
        {
            "id": "100090497915418",
            "count": 83
        },
        {
            "id": "100070742534230",
            "count": 383
        },
        {
            "id": "100091698967622",
            "count": 1
        },
        {
            "id": "100077466978854",
            "count": 5
        },
        {
            "id": "100058567603377",
            "count": 66
        },
        {
            "id": "61559079650241",
            "count": 47
        },
        {
            "id": "100083056190432",
            "count": 2
        },
        {
            "id": "61557323480787",
            "count": 282
        },
        {
            "id": "100081933152243",
            "count": 908
        },
        {
            "id": "61563810711937",
            "count": 0
        },
        {
            "id": "100001113278043",
            "count": 0
        },
        {
            "id": "100026092560208",
            "count": 81
        },
        {
            "id": "61554797734379",
            "count": 3
        },
        {
            "id": "61566838239088",
            "count": 29
        },
        {
            "id": "61550899653332",
            "count": 26
        },
        {
            "id": "61561530282324",
            "count": 10
        },
        {
            "id": "100080470805469",
            "count": 44
        },
        {
            "id": "100064288352237",
            "count": 94
        },
        {
            "id": "100070321627426",
            "count": 127
        },
        {
            "id": "61566171441498",
            "count": 11
        },
        {
            "id": "100092721879227",
            "count": 4
        },
        {
            "id": "100041467163902",
            "count": 34
        },
        {
            "id": "100093602172787",
            "count": 26
        },
        {
            "id": "100095043218340",
            "count": 82
        },
        {
            "id": "100091490010802",
            "count": 26
        },
        {
            "id": "100064793365320",
            "count": 51
        },
        {
            "id": "100069570312625",
            "count": 6
        },
        {
            "id": "100090954408481",
            "count": 83
        },
        {
            "id": "61552906461571",
            "count": 1
        },
        {
            "id": "61566826751267",
            "count": 0
        },
        {
            "id": "61560216274112",
            "count": 1
        },
        {
            "id": "61560699120388",
            "count": 45
        },
        {
            "id": "100064094276248",
            "count": 37
        },
        {
            "id": "100047276328496",
            "count": 17
        }
    ],
    "week": [
        {
            "id": "100094264624284",
            "count": 0,
            "name": "Ly Na"
        },
        {
            "id": "100084104992463",
            "count": 1,
            "name": "Thế Tráng"
        },
        {
            "id": "61560811187659",
            "count": 23,
            "name": "gia huy"
        },
        {
            "id": "100090497915418",
            "count": 10,
            "name": "PhAnh Tuan"
        },
        {
            "id": "100070742534230",
            "count": 20,
            "name": "Minh Trí"
        },
        {
            "id": "100091698967622",
            "count": 0,
            "name": "Nguyễn Mạnh"
        },
        {
            "id": "100077466978854",
            "count": 1,
            "name": "Lường Mạnh"
        },
        {
            "id": "100058567603377",
            "count": 5,
            "name": "Trần Văn Sơn"
        },
        {
            "id": "61559079650241",
            "count": 0,
            "name": "Nguyễn Thanh Tùng"
        },
        {
            "id": "100083056190432",
            "count": 0,
            "name": "Văn Tường"
        },
        {
            "id": "61557323480787",
            "count": 10,
            "name": "CThành Đạii"
        },
        {
            "id": "100081933152243",
            "count": 117,
            "name": "Hưng Nguyễn"
        },
        {
            "id": "61563810711937",
            "count": 0,
            "name": "Tuyết Nhi"
        },
        {
            "id": "100001113278043",
            "count": 0,
            "name": "Phương Huyền"
        },
        {
            "id": "100026092560208",
            "count": 6,
            "name": "Quốc Dương"
        },
        {
            "id": "61554797734379",
            "count": 0,
            "name": "Hoàng Văn Longg"
        },
        {
            "id": "61566838239088",
            "count": 18,
            "name": "Nguyễn Quốc Tú"
        },
        {
            "id": "61550899653332",
            "count": 0,
            "name": "Khang Võ"
        },
        {
            "id": "61561530282324",
            "count": 10,
            "name": "Roronoa Xoro"
        },
        {
            "id": "100080470805469",
            "count": 1,
            "name": "Quốc Khánh"
        },
        {
            "id": "100064288352237",
            "count": 52,
            "name": "Huyên Hồ"
        },
        {
            "id": "100070321627426",
            "count": 28,
            "name": "Nguyễn Vân Khôi"
        },
        {
            "id": "61566171441498",
            "count": 0,
            "name": "Tiên Khánh"
        },
        {
            "id": "100092721879227",
            "count": 0,
            "name": "🍌 Bui Tuan Tu 🍌"
        },
        {
            "id": "100041467163902",
            "count": 8,
            "name": "Hoàng Khải"
        },
        {
            "id": "100093602172787",
            "count": 0,
            "name": "Phúc Bùi Gia"
        },
        {
            "id": "100095043218340",
            "count": 0,
            "name": "Finn Watson"
        },
        {
            "id": "100091490010802",
            "count": 0,
            "name": "Ắc Quỹ PhiPhai"
        },
        {
            "id": "100064793365320",
            "count": 0,
            "name": "Trinh Duc Anh"
        },
        {
            "id": "100069570312625",
            "count": 0,
            "name": "Xuân Đạt"
        },
        {
            "id": "100090954408481",
            "count": 2,
            "name": "NgPh Vinh Quangg"
        },
        {
            "id": "61552906461571",
            "count": 0,
            "name": "Tuan Tuan"
        },
        {
            "id": "61566826751267",
            "count": 0,
            "name": "Tùng Thanh"
        },
        {
            "id": "61560216274112",
            "count": 0,
            "name": "Nguyễn Rio"
        },
        {
            "id": "61560699120388",
            "count": 23,
            "name": "Hoàng Nguyễn"
        },
        {
            "id": "100064094276248",
            "count": 0,
            "name": "Tạ Văn Toàn"
        },
        {
            "id": "100047276328496",
            "count": 17,
            "name": "Quốc Thuận"
        }
    ],
    "day": [
        {
            "id": "100094264624284",
            "count": 0,
            "name": "Ly Na"
        },
        {
            "id": "100084104992463",
            "count": 0,
            "name": "Thế Tráng"
        },
        {
            "id": "61560811187659",
            "count": 0,
            "name": "gia huy"
        },
        {
            "id": "100090497915418",
            "count": 0,
            "name": "PhAnh Tuan"
        },
        {
            "id": "100070742534230",
            "count": 0,
            "name": "Minh Trí"
        },
        {
            "id": "100091698967622",
            "count": 0,
            "name": "Nguyễn Mạnh"
        },
        {
            "id": "100077466978854",
            "count": 0,
            "name": "Lường Mạnh"
        },
        {
            "id": "100058567603377",
            "count": 0,
            "name": "Trần Văn Sơn"
        },
        {
            "id": "61559079650241",
            "count": 0,
            "name": "Nguyễn Thanh Tùng"
        },
        {
            "id": "100083056190432",
            "count": 0,
            "name": "Văn Tường"
        },
        {
            "id": "61557323480787",
            "count": 0,
            "name": "CThành Đạii"
        },
        {
            "id": "100081933152243",
            "count": 0,
            "name": "Hưng Nguyễn"
        },
        {
            "id": "61563810711937",
            "count": 0,
            "name": "Tuyết Nhi"
        },
        {
            "id": "100001113278043",
            "count": 0,
            "name": "Phương Huyền"
        },
        {
            "id": "100026092560208",
            "count": 0,
            "name": "Quốc Dương"
        },
        {
            "id": "61554797734379",
            "count": 0,
            "name": "Hoàng Văn Longg"
        },
        {
            "id": "61566838239088",
            "count": 0,
            "name": "Nguyễn Quốc Tú"
        },
        {
            "id": "61550899653332",
            "count": 0,
            "name": "Khang Võ"
        },
        {
            "id": "61561530282324",
            "count": 0,
            "name": "Roronoa Xoro"
        },
        {
            "id": "100080470805469",
            "count": 0,
            "name": "Quốc Khánh"
        },
        {
            "id": "100064288352237",
            "count": 0,
            "name": "Huyên Hồ"
        },
        {
            "id": "100070321627426",
            "count": 0,
            "name": "Nguyễn Vân Khôi"
        },
        {
            "id": "61566171441498",
            "count": 0,
            "name": "Tiên Khánh"
        },
        {
            "id": "100092721879227",
            "count": 0,
            "name": "🍌 Bui Tuan Tu 🍌"
        },
        {
            "id": "100041467163902",
            "count": 0,
            "name": "Hoàng Khải"
        },
        {
            "id": "100093602172787",
            "count": 0,
            "name": "Phúc Bùi Gia"
        },
        {
            "id": "100095043218340",
            "count": 0,
            "name": "Finn Watson"
        },
        {
            "id": "100091490010802",
            "count": 0,
            "name": "Ắc Quỹ PhiPhai"
        },
        {
            "id": "100064793365320",
            "count": 0,
            "name": "Trinh Duc Anh"
        },
        {
            "id": "100069570312625",
            "count": 0,
            "name": "Xuân Đạt"
        },
        {
            "id": "100090954408481",
            "count": 0,
            "name": "NgPh Vinh Quangg"
        },
        {
            "id": "61552906461571",
            "count": 0,
            "name": "Tuan Tuan"
        },
        {
            "id": "61566826751267",
            "count": 0,
            "name": "Tùng Thanh"
        },
        {
            "id": "61560216274112",
            "count": 0,
            "name": "Nguyễn Rio"
        },
        {
            "id": "61560699120388",
            "count": 0,
            "name": "Hoàng Nguyễn"
        },
        {
            "id": "100064094276248",
            "count": 0,
            "name": "Tạ Văn Toàn"
        },
        {
            "id": "100047276328496",
            "count": 0,
            "name": "Quốc Thuận"
        }
    ],
    "time": 6,
    "last": {
        "time": 6,
        "day": [
            {
                "id": "100029847884297",
                "count": 0
            },
            {
                "id": "61561574221262",
                "count": 0
            },
            {
                "id": "100073435087888",
                "count": 0
            },
            {
                "id": "100094274320915",
                "count": 0
            },
            {
                "id": "100030259830001",
                "count": 0
            },
            {
                "id": "100037038936909",
                "count": 0
            },
            {
                "id": "100094264624284",
                "count": 0
            },
            {
                "id": "100075685882720",
                "count": 0
            },
            {
                "id": "61567096710137",
                "count": 0
            },
            {
                "id": "100005348494216",
                "count": 0
            },
            {
                "id": "100084104992463",
                "count": 0
            },
            {
                "id": "61560811187659",
                "count": 0
            },
            {
                "id": "100090497915418",
                "count": 0
            },
            {
                "id": "100070742534230",
                "count": 0
            },
            {
                "id": "100087529545352",
                "count": 0
            },
            {
                "id": "100091698967622",
                "count": 0
            },
            {
                "id": "100053953027577",
                "count": 0
            },
            {
                "id": "100077466978854",
                "count": 0
            },
            {
                "id": "100080890328466",
                "count": 0
            },
            {
                "id": "100058567603377",
                "count": 0
            },
            {
                "id": "100045919253962",
                "count": 0
            },
            {
                "id": "100086949336333",
                "count": 0
            },
            {
                "id": "61559079650241",
                "count": 0
            },
            {
                "id": "100047276328496",
                "count": 0
            },
            {
                "id": "100045440990083",
                "count": 0
            },
            {
                "id": "100083056190432",
                "count": 0
            },
            {
                "id": "61557323480787",
                "count": 0
            },
            {
                "id": "100081933152243",
                "count": 0
            },
            {
                "id": "61563810711937",
                "count": 0
            },
            {
                "id": "100001113278043",
                "count": 0
            },
            {
                "id": "61558392544624",
                "count": 0
            },
            {
                "id": "100027167889761",
                "count": 0
            },
            {
                "id": "100089806920525",
                "count": 0
            },
            {
                "id": "100075413442360",
                "count": 0
            },
            {
                "id": "61566358785059",
                "count": 0
            },
            {
                "id": "100026092560208",
                "count": 0
            },
            {
                "id": "61554797734379",
                "count": 0
            },
            {
                "id": "61566838239088",
                "count": 0
            },
            {
                "id": "61550899653332",
                "count": 0
            },
            {
                "id": "61561530282324",
                "count": 0
            },
            {
                "id": "100076382147045",
                "count": 0
            },
            {
                "id": "100050419012502",
                "count": 0
            },
            {
                "id": "100080470805469",
                "count": 0
            },
            {
                "id": "100064288352237",
                "count": 0
            },
            {
                "id": "100070321627426",
                "count": 0
            },
            {
                "id": "61566171441498",
                "count": 0
            },
            {
                "id": "100086484671997",
                "count": 0
            },
            {
                "id": "100092721879227",
                "count": 0
            },
            {
                "id": "100041467163902",
                "count": 0
            },
            {
                "id": "61567765050281",
                "count": 0
            },
            {
                "id": "61567038872405",
                "count": 0
            },
            {
                "id": "61555668033967",
                "count": 0
            },
            {
                "id": "100093602172787",
                "count": 0
            },
            {
                "id": "100064674406021",
                "count": 0
            },
            {
                "id": "100070873156936",
                "count": 0
            },
            {
                "id": "100095043218340",
                "count": 0
            },
            {
                "id": "100091490010802",
                "count": 0
            },
            {
                "id": "100064793365320",
                "count": 0
            },
            {
                "id": "100075352265489",
                "count": 0
            },
            {
                "id": "100069570312625",
                "count": 0
            },
            {
                "id": "100090954408481",
                "count": 0
            },
            {
                "id": "61552906461571",
                "count": 0
            },
            {
                "id": "61566826751267",
                "count": 0
            },
            {
                "id": "61560216274112",
                "count": 0
            },
            {
                "id": "61560699120388",
                "count": 0
            },
            {
                "id": "100064094276248",
                "count": 0
            }
        ],
        "week": [
            {
                "id": "100029847884297",
                "count": 0
            },
            {
                "id": "61561574221262",
                "count": 0
            },
            {
                "id": "100073435087888",
                "count": 0
            },
            {
                "id": "100094274320915",
                "count": 0
            },
            {
                "id": "100030259830001",
                "count": 0
            },
            {
                "id": "100037038936909",
                "count": 0
            },
            {
                "id": "100094264624284",
                "count": 0
            },
            {
                "id": "100075685882720",
                "count": 0
            },
            {
                "id": "61567096710137",
                "count": 0
            },
            {
                "id": "100005348494216",
                "count": 0
            },
            {
                "id": "100084104992463",
                "count": 0
            },
            {
                "id": "61560811187659",
                "count": 0
            },
            {
                "id": "100090497915418",
                "count": 0
            },
            {
                "id": "100070742534230",
                "count": 0
            },
            {
                "id": "100087529545352",
                "count": 0
            },
            {
                "id": "100091698967622",
                "count": 0
            },
            {
                "id": "100053953027577",
                "count": 0
            },
            {
                "id": "100077466978854",
                "count": 0
            },
            {
                "id": "100080890328466",
                "count": 0
            },
            {
                "id": "100058567603377",
                "count": 0
            },
            {
                "id": "100045919253962",
                "count": 0
            },
            {
                "id": "100086949336333",
                "count": 0
            },
            {
                "id": "61559079650241",
                "count": 0
            },
            {
                "id": "100047276328496",
                "count": 0
            },
            {
                "id": "100045440990083",
                "count": 0
            },
            {
                "id": "100083056190432",
                "count": 0
            },
            {
                "id": "61557323480787",
                "count": 0
            },
            {
                "id": "100081933152243",
                "count": 0
            },
            {
                "id": "61563810711937",
                "count": 0
            },
            {
                "id": "100001113278043",
                "count": 0
            },
            {
                "id": "61558392544624",
                "count": 0
            },
            {
                "id": "100027167889761",
                "count": 0
            },
            {
                "id": "100089806920525",
                "count": 0
            },
            {
                "id": "100075413442360",
                "count": 0
            },
            {
                "id": "61566358785059",
                "count": 0
            },
            {
                "id": "100026092560208",
                "count": 0
            },
            {
                "id": "61554797734379",
                "count": 0
            },
            {
                "id": "61566838239088",
                "count": 0
            },
            {
                "id": "61550899653332",
                "count": 0
            },
            {
                "id": "61561530282324",
                "count": 0
            },
            {
                "id": "100076382147045",
                "count": 0
            },
            {
                "id": "100050419012502",
                "count": 0
            },
            {
                "id": "100080470805469",
                "count": 0
            },
            {
                "id": "100064288352237",
                "count": 0
            },
            {
                "id": "100070321627426",
                "count": 0
            },
            {
                "id": "61566171441498",
                "count": 0
            },
            {
                "id": "100086484671997",
                "count": 0
            },
            {
                "id": "100092721879227",
                "count": 0
            },
            {
                "id": "100041467163902",
                "count": 0
            },
            {
                "id": "61567765050281",
                "count": 0
            },
            {
                "id": "61567038872405",
                "count": 0
            },
            {
                "id": "61555668033967",
                "count": 0
            },
            {
                "id": "100093602172787",
                "count": 0
            },
            {
                "id": "100064674406021",
                "count": 0
            },
            {
                "id": "100070873156936",
                "count": 0
            },
            {
                "id": "100095043218340",
                "count": 0
            },
            {
                "id": "100091490010802",
                "count": 0
            },
            {
                "id": "100064793365320",
                "count": 0
            },
            {
                "id": "100075352265489",
                "count": 0
            },
            {
                "id": "100069570312625",
                "count": 0
            },
            {
                "id": "100090954408481",
                "count": 0
            },
            {
                "id": "61552906461571",
                "count": 0
            },
            {
                "id": "61566826751267",
                "count": 0
            },
            {
                "id": "61560216274112",
                "count": 0
            },
            {
                "id": "61560699120388",
                "count": 0
            },
            {
                "id": "100064094276248",
                "count": 0
            }
        ]
    }
}