{
    "total": [
        {
            "id": "100060853993426",
            "count": 4
        },
        {
            "id": "61552169117471",
            "count": 608
        },
        {
            "id": "100062121891385",
            "count": 47
        },
        {
            "id": "100047488841753",
            "count": 63
        },
        {
            "id": "100079077840348",
            "count": 12
        },
        {
            "id": "100048992714080",
            "count": 46
        },
        {
            "id": "100004480424452",
            "count": 6
        },
        {
            "id": "100034177100897",
            "count": 15
        },
        {
            "id": "100084154012986",
            "count": 3
        },
        {
            "id": "100029255854963",
            "count": 7
        },
        {
            "id": "100057753856625",
            "count": 2
        },
        {
            "id": "61565450240118",
            "count": 30
        },
        {
            "id": "100092236818672",
            "count": 61
        },
        {
            "id": "61561382925437",
            "count": 824
        },
        {
            "id": "100050363678955",
            "count": 30
        },
        {
            "id": "100076609205680",
            "count": 3
        },
        {
            "id": "100023062935069",
            "count": 387
        },
        {
            "id": "100014832991915",
            "count": 30
        },
        {
            "id": "100077562694455",
            "count": 35
        },
        {
            "id": "100082877079448",
            "count": 133
        },
        {
            "id": "100075550998512",
            "count": 13
        },
        {
            "id": "100033168757299",
            "count": 6
        },
        {
            "id": "100035121941183",
            "count": 40
        },
        {
            "id": "100070354172490",
            "count": 14
        },
        {
            "id": "61555803170721",
            "count": 1
        },
        {
            "id": "100084335645615",
            "count": 25
        },
        {
            "id": "100050694853545",
            "count": 30
        },
        {
            "id": "825467509",
            "count": 19
        },
        {
            "id": "100023915627218",
            "count": 8
        },
        {
            "id": "100010591837454",
            "count": 1
        },
        {
            "id": "100057133516667",
            "count": 2
        },
        {
            "id": "100078294995001",
            "count": 3
        },
        {
            "id": "61565356817481",
            "count": 23
        },
        {
            "id": "100027418304848",
            "count": 7
        },
        {
            "id": "61565250419018",
            "count": 21
        },
        {
            "id": "100022740544335",
            "count": 1
        },
        {
            "id": "100084949157903",
            "count": 49
        },
        {
            "id": "100051888469187",
            "count": 21
        },
        {
            "id": "100039470115552",
            "count": 685
        },
        {
            "id": "100064158051375",
            "count": 20
        },
        {
            "id": "100016455451330",
            "count": 9
        },
        {
            "id": "61561530282324",
            "count": 204
        },
        {
            "id": "100021412457071",
            "count": 828
        },
        {
            "id": "100087759383089",
            "count": 1
        },
        {
            "id": "100055529637163",
            "count": 40
        },
        {
            "id": "100058884841649",
            "count": 321
        },
        {
            "id": "61561384074948",
            "count": 29
        },
        {
            "id": "100087654114764",
            "count": 1
        },
        {
            "id": "61564063166326",
            "count": 444
        },
        {
            "id": "61554842817786",
            "count": 96
        },
        {
            "id": "100036361973798",
            "count": 85
        },
        {
            "id": "100090168919472",
            "count": 23
        },
        {
            "id": "100004683196476",
            "count": 6
        },
        {
            "id": "100089818622454",
            "count": 239
        },
        {
            "id": "100041359081042",
            "count": 11
        },
        {
            "id": "100094979513899",
            "count": 130
        },
        {
            "id": "100037456073180",
            "count": 85
        },
        {
            "id": "100034097743109",
            "count": 10
        },
        {
            "id": "100074913247768",
            "count": 0
        },
        {
            "id": "100005529426068",
            "count": 0
        },
        {
            "id": "100014147194167",
            "count": 0
        },
        {
            "id": "100079193495791",
            "count": 0
        },
        {
            "id": "100082331423922",
            "count": 0
        },
        {
            "id": "100045203107499",
            "count": 0
        },
        {
            "id": "100062258945566",
            "count": 0
        },
        {
            "id": "100009681077701",
            "count": 10
        },
        {
            "id": "100015647791389",
            "count": 10
        },
        {
            "id": "61567160277853",
            "count": 3
        },
        {
            "id": "61563285663183",
            "count": 4
        },
        {
            "id": "100056313992082",
            "count": 0
        },
        {
            "id": "100005418997459",
            "count": 3
        }
    ],
    "week": [
        {
            "id": "100060853993426",
            "count": 0,
            "name": "Huyền'z Cherry'z"
        },
        {
            "id": "61552169117471",
            "count": 0,
            "name": "Nguyễn Hoàng Long"
        },
        {
            "id": "100062121891385",
            "count": 0,
            "name": "Tuấn Ngư"
        },
        {
            "id": "100047488841753",
            "count": 0,
            "name": "Văn Giang"
        },
        {
            "id": "100079077840348",
            "count": 0,
            "name": "Minh Tài"
        },
        {
            "id": "100048992714080",
            "count": 0,
            "name": "Huy Nguyễn"
        },
        {
            "id": "100004480424452",
            "count": 0,
            "name": "Minh Thành"
        },
        {
            "id": "100034177100897",
            "count": 0,
            "name": "Chu Tuấn Anh"
        },
        {
            "id": "100084154012986",
            "count": 0,
            "name": "Ng Ngoc Kha Han"
        },
        {
            "id": "100029255854963",
            "count": 0,
            "name": "Thu Trang"
        },
        {
            "id": "100057753856625",
            "count": 0,
            "name": "Hàn Thiên"
        },
        {
            "id": "61565450240118",
            "count": 0,
            "name": "Vân Nguyễn"
        },
        {
            "id": "100092236818672",
            "count": 0,
            "name": "Xuân Sinh"
        },
        {
            "id": "61561382925437",
            "count": 0,
            "name": "Đoá Đoá"
        },
        {
            "id": "100050363678955",
            "count": 0,
            "name": "Lê Đình Lực"
        },
        {
            "id": "100076609205680",
            "count": 0,
            "name": "Nguyễn Quốc Vỹ"
        },
        {
            "id": "100023062935069",
            "count": 0,
            "name": "Quỳnh Nguyễn"
        },
        {
            "id": "100014832991915",
            "count": 0,
            "name": "Nguyễn Minh Hoàng"
        },
        {
            "id": "100077562694455",
            "count": 0,
            "name": "Nguyen Ha Chau🧸💞"
        },
        {
            "id": "100082877079448",
            "count": 0,
            "name": "Ng Ngọc Thu Hien🐾💤"
        },
        {
            "id": "100075550998512",
            "count": 0,
            "name": "Nguyễn Thanh Dân"
        },
        {
            "id": "100033168757299",
            "count": 0,
            "name": "Nguyễn Văn Thế"
        },
        {
            "id": "100035121941183",
            "count": 0,
            "name": "Go Hoàng"
        },
        {
            "id": "100070354172490",
            "count": 0,
            "name": "Tri Minh"
        },
        {
            "id": "61555803170721",
            "count": 0,
            "name": "Đoàn Thái An Chi"
        },
        {
            "id": "100084335645615",
            "count": 0,
            "name": "Quốc Khánh"
        },
        {
            "id": "100050694853545",
            "count": 0,
            "name": "Bảo Linh"
        },
        {
            "id": "825467509",
            "count": 0,
            "name": "Nguyễn Trưởng"
        },
        {
            "id": "100023915627218",
            "count": 0,
            "name": "Duy Khoi"
        },
        {
            "id": "100010591837454",
            "count": 0,
            "name": "Trần Văn Hiệp"
        },
        {
            "id": "100057133516667",
            "count": 0,
            "name": "Trương Tuyết"
        },
        {
            "id": "100078294995001",
            "count": 0,
            "name": "Đào Thanh Thảo"
        },
        {
            "id": "61565356817481",
            "count": 0,
            "name": "Đăng Nhật"
        },
        {
            "id": "100027418304848",
            "count": 0,
            "name": "Su Bơ"
        },
        {
            "id": "61565250419018",
            "count": 0,
            "name": "Thảo Vi"
        },
        {
            "id": "100022740544335",
            "count": 0,
            "name": "Hưng Lê"
        },
        {
            "id": "100084949157903",
            "count": 0,
            "name": "Bảo Lâm"
        },
        {
            "id": "100051888469187",
            "count": 0,
            "name": "Việt Linh"
        },
        {
            "id": "100039470115552",
            "count": 0,
            "name": "Ánh Thủy"
        },
        {
            "id": "100064158051375",
            "count": 0,
            "name": "T. Thịnh"
        },
        {
            "id": "100016455451330",
            "count": 0,
            "name": "Hữu Đức"
        },
        {
            "id": "61561530282324",
            "count": 0,
            "name": "Roronoa Xoro"
        },
        {
            "id": "100021412457071",
            "count": 0,
            "name": "Hưng NooTy"
        },
        {
            "id": "100087759383089",
            "count": 0,
            "name": "Việt Khanh"
        },
        {
            "id": "100055529637163",
            "count": 0,
            "name": "Duyên Trang"
        },
        {
            "id": "100058884841649",
            "count": 0,
            "name": "Hoàng Duy"
        },
        {
            "id": "61561384074948",
            "count": 0,
            "name": "Nguyễn Thị Thanh Trúc"
        },
        {
            "id": "100087654114764",
            "count": 0,
            "name": "Nguyễn Vọng"
        },
        {
            "id": "61564063166326",
            "count": 0,
            "name": "Linh Thùy"
        },
        {
            "id": "61554842817786",
            "count": 0,
            "name": "Đông Bế"
        },
        {
            "id": "100036361973798",
            "count": 0,
            "name": "Đặng Hải"
        },
        {
            "id": "100090168919472",
            "count": 0,
            "name": "Vĩnh Nguyễn"
        },
        {
            "id": "100004683196476",
            "count": 0,
            "name": "Đức Huy"
        },
        {
            "id": "100089818622454",
            "count": 0,
            "name": "An Em"
        },
        {
            "id": "100041359081042",
            "count": 0,
            "name": "Lê Điệp"
        },
        {
            "id": "100094979513899",
            "count": 0,
            "name": "Nguyen Kha"
        },
        {
            "id": "100037456073180",
            "count": 0,
            "name": "Trầm Thuận Tuấn"
        },
        {
            "id": "100034097743109",
            "count": 0,
            "name": "Trần Hoàng"
        },
        {
            "id": "100074913247768",
            "count": 0,
            "name": "Người dùng facebook"
        },
        {
            "id": "100005529426068",
            "count": 0,
            "name": "Nhân Đặng"
        },
        {
            "id": "100014147194167",
            "count": 0,
            "name": "Người dùng facebook"
        },
        {
            "id": "100079193495791",
            "count": 0,
            "name": "Trần Hữu Thế"
        },
        {
            "id": "100082331423922",
            "count": 0,
            "name": "Người dùng facebook"
        },
        {
            "id": "100045203107499",
            "count": 0,
            "name": "Người dùng facebook"
        },
        {
            "id": "100062258945566",
            "count": 0,
            "name": "Người dùng facebook"
        },
        {
            "id": "100009681077701",
            "count": 0,
            "name": "Phương Quỳnh"
        },
        {
            "id": "100015647791389",
            "count": 0,
            "name": "Nguyễn Lê Quốc Huy"
        },
        {
            "id": "61567160277853",
            "count": 0,
            "name": "Bot Táo "
        },
        {
            "id": "61563285663183",
            "count": 0,
            "name": "Bot táo"
        },
        {
            "id": "100056313992082",
            "count": 0,
            "name": "Người dùng facebook"
        },
        {
            "id": "100005418997459",
            "count": 0,
            "name": "Paul Paul"
        }
    ],
    "day": [
        {
            "id": "100060853993426",
            "count": 0,
            "name": "Huyền'z Cherry'z"
        },
        {
            "id": "61552169117471",
            "count": 0,
            "name": "Nguyễn Hoàng Long"
        },
        {
            "id": "100062121891385",
            "count": 0,
            "name": "Tuấn Ngư"
        },
        {
            "id": "100047488841753",
            "count": 0,
            "name": "Văn Giang"
        },
        {
            "id": "100079077840348",
            "count": 0,
            "name": "Minh Tài"
        },
        {
            "id": "100048992714080",
            "count": 0,
            "name": "Huy Nguyễn"
        },
        {
            "id": "100004480424452",
            "count": 0,
            "name": "Minh Thành"
        },
        {
            "id": "100034177100897",
            "count": 0,
            "name": "Chu Tuấn Anh"
        },
        {
            "id": "100084154012986",
            "count": 0,
            "name": "Ng Ngoc Kha Han"
        },
        {
            "id": "100029255854963",
            "count": 0,
            "name": "Thu Trang"
        },
        {
            "id": "100057753856625",
            "count": 0,
            "name": "Hàn Thiên"
        },
        {
            "id": "61565450240118",
            "count": 0,
            "name": "Vân Nguyễn"
        },
        {
            "id": "100092236818672",
            "count": 0,
            "name": "Xuân Sinh"
        },
        {
            "id": "61561382925437",
            "count": 0,
            "name": "Đoá Đoá"
        },
        {
            "id": "100050363678955",
            "count": 0,
            "name": "Lê Đình Lực"
        },
        {
            "id": "100076609205680",
            "count": 0,
            "name": "Nguyễn Quốc Vỹ"
        },
        {
            "id": "100023062935069",
            "count": 0,
            "name": "Quỳnh Nguyễn"
        },
        {
            "id": "100014832991915",
            "count": 0,
            "name": "Nguyễn Minh Hoàng"
        },
        {
            "id": "100077562694455",
            "count": 0,
            "name": "Nguyen Ha Chau🧸💞"
        },
        {
            "id": "100082877079448",
            "count": 0,
            "name": "Ng Ngọc Thu Hien🐾💤"
        },
        {
            "id": "100075550998512",
            "count": 0,
            "name": "Nguyễn Thanh Dân"
        },
        {
            "id": "100033168757299",
            "count": 0,
            "name": "Nguyễn Văn Thế"
        },
        {
            "id": "100035121941183",
            "count": 0,
            "name": "Go Hoàng"
        },
        {
            "id": "100070354172490",
            "count": 0,
            "name": "Tri Minh"
        },
        {
            "id": "61555803170721",
            "count": 0,
            "name": "Đoàn Thái An Chi"
        },
        {
            "id": "100084335645615",
            "count": 0,
            "name": "Quốc Khánh"
        },
        {
            "id": "100050694853545",
            "count": 0,
            "name": "Bảo Linh"
        },
        {
            "id": "825467509",
            "count": 0,
            "name": "Nguyễn Trưởng"
        },
        {
            "id": "100023915627218",
            "count": 0,
            "name": "Duy Khoi"
        },
        {
            "id": "100010591837454",
            "count": 0,
            "name": "Trần Văn Hiệp"
        },
        {
            "id": "100057133516667",
            "count": 0,
            "name": "Trương Tuyết"
        },
        {
            "id": "100078294995001",
            "count": 0,
            "name": "Đào Thanh Thảo"
        },
        {
            "id": "61565356817481",
            "count": 0,
            "name": "Đăng Nhật"
        },
        {
            "id": "100027418304848",
            "count": 0,
            "name": "Su Bơ"
        },
        {
            "id": "61565250419018",
            "count": 0,
            "name": "Thảo Vi"
        },
        {
            "id": "100022740544335",
            "count": 0,
            "name": "Hưng Lê"
        },
        {
            "id": "100084949157903",
            "count": 0,
            "name": "Bảo Lâm"
        },
        {
            "id": "100051888469187",
            "count": 0,
            "name": "Việt Linh"
        },
        {
            "id": "100039470115552",
            "count": 0,
            "name": "Ánh Thủy"
        },
        {
            "id": "100064158051375",
            "count": 0,
            "name": "T. Thịnh"
        },
        {
            "id": "100016455451330",
            "count": 0,
            "name": "Hữu Đức"
        },
        {
            "id": "61561530282324",
            "count": 0,
            "name": "Roronoa Xoro"
        },
        {
            "id": "100021412457071",
            "count": 0,
            "name": "Hưng NooTy"
        },
        {
            "id": "100087759383089",
            "count": 0,
            "name": "Việt Khanh"
        },
        {
            "id": "100055529637163",
            "count": 0,
            "name": "Duyên Trang"
        },
        {
            "id": "100058884841649",
            "count": 0,
            "name": "Hoàng Duy"
        },
        {
            "id": "61561384074948",
            "count": 0,
            "name": "Nguyễn Thị Thanh Trúc"
        },
        {
            "id": "100087654114764",
            "count": 0,
            "name": "Nguyễn Vọng"
        },
        {
            "id": "61564063166326",
            "count": 0,
            "name": "Linh Thùy"
        },
        {
            "id": "61554842817786",
            "count": 0,
            "name": "Đông Bế"
        },
        {
            "id": "100036361973798",
            "count": 0,
            "name": "Đặng Hải"
        },
        {
            "id": "100090168919472",
            "count": 0,
            "name": "Vĩnh Nguyễn"
        },
        {
            "id": "100004683196476",
            "count": 0,
            "name": "Đức Huy"
        },
        {
            "id": "100089818622454",
            "count": 0,
            "name": "An Em"
        },
        {
            "id": "100041359081042",
            "count": 0,
            "name": "Lê Điệp"
        },
        {
            "id": "100094979513899",
            "count": 0,
            "name": "Nguyen Kha"
        },
        {
            "id": "100037456073180",
            "count": 0,
            "name": "Trầm Thuận Tuấn"
        },
        {
            "id": "100034097743109",
            "count": 0,
            "name": "Trần Hoàng"
        },
        {
            "id": "100074913247768",
            "count": 0,
            "name": "Người dùng facebook"
        },
        {
            "id": "100005529426068",
            "count": 0,
            "name": "Nhân Đặng"
        },
        {
            "id": "100014147194167",
            "count": 0,
            "name": "Người dùng facebook"
        },
        {
            "id": "100079193495791",
            "count": 0,
            "name": "Trần Hữu Thế"
        },
        {
            "id": "100082331423922",
            "count": 0,
            "name": "Người dùng facebook"
        },
        {
            "id": "100045203107499",
            "count": 0,
            "name": "Người dùng facebook"
        },
        {
            "id": "100062258945566",
            "count": 0,
            "name": "Người dùng facebook"
        },
        {
            "id": "100009681077701",
            "count": 0,
            "name": "Phương Quỳnh"
        },
        {
            "id": "100015647791389",
            "count": 0,
            "name": "Nguyễn Lê Quốc Huy"
        },
        {
            "id": "61567160277853",
            "count": 0,
            "name": "Bot Táo "
        },
        {
            "id": "61563285663183",
            "count": 0,
            "name": "Bot táo"
        },
        {
            "id": "100056313992082",
            "count": 0,
            "name": "Người dùng facebook"
        },
        {
            "id": "100005418997459",
            "count": 0,
            "name": "Paul Paul"
        }
    ],
    "time": 6,
    "last": {
        "time": 4,
        "day": [
            {
                "id": "100060853993426",
                "count": 0
            },
            {
                "id": "61552169117471",
                "count": 0
            },
            {
                "id": "100062121891385",
                "count": 0
            },
            {
                "id": "100047488841753",
                "count": 0
            },
            {
                "id": "100079193495791",
                "count": 0
            },
            {
                "id": "61553661921100",
                "count": 0
            },
            {
                "id": "100089990010687",
                "count": 0
            },
            {
                "id": "100005529426068",
                "count": 0
            },
            {
                "id": "61555236660088",
                "count": 0
            },
            {
                "id": "100079077840348",
                "count": 0
            },
            {
                "id": "100048992714080",
                "count": 0
            },
            {
                "id": "100023324646731",
                "count": 0
            },
            {
                "id": "100064843245987",
                "count": 0
            },
            {
                "id": "100004480424452",
                "count": 0
            },
            {
                "id": "100066793608898",
                "count": 0
            },
            {
                "id": "100034177100897",
                "count": 0
            },
            {
                "id": "100084154012986",
                "count": 0
            },
            {
                "id": "61559408285314",
                "count": 0
            },
            {
                "id": "100048351423390",
                "count": 0
            },
            {
                "id": "100029255854963",
                "count": 0
            },
            {
                "id": "100057753856625",
                "count": 0
            },
            {
                "id": "61565450240118",
                "count": 0
            },
            {
                "id": "100085881027143",
                "count": 0
            },
            {
                "id": "100083376082905",
                "count": 0
            },
            {
                "id": "61556125195251",
                "count": 0
            },
            {
                "id": "100028313932184",
                "count": 0
            },
            {
                "id": "100092236818672",
                "count": 0
            },
            {
                "id": "100005329058729",
                "count": 0
            },
            {
                "id": "100087617979103",
                "count": 0
            },
            {
                "id": "61551617706733",
                "count": 0
            },
            {
                "id": "61561382925437",
                "count": 0
            },
            {
                "id": "100051242523947",
                "count": 0
            },
            {
                "id": "100050363678955",
                "count": 0
            },
            {
                "id": "100076609205680",
                "count": 0
            },
            {
                "id": "100064802475214",
                "count": 0
            },
            {
                "id": "100023062935069",
                "count": 0
            },
            {
                "id": "100081814973944",
                "count": 0
            },
            {
                "id": "100014832991915",
                "count": 0
            },
            {
                "id": "100077562694455",
                "count": 0
            },
            {
                "id": "100035801321915",
                "count": 0
            },
            {
                "id": "100082877079448",
                "count": 0
            },
            {
                "id": "100075550998512",
                "count": 0
            },
            {
                "id": "100093572625180",
                "count": 0
            },
            {
                "id": "100067587112854",
                "count": 0
            },
            {
                "id": "100004862252001",
                "count": 0
            },
            {
                "id": "100033168757299",
                "count": 0
            },
            {
                "id": "100035121941183",
                "count": 0
            },
            {
                "id": "100070354172490",
                "count": 0
            },
            {
                "id": "100021412457071",
                "count": 0
            },
            {
                "id": "100079330054920",
                "count": 0
            },
            {
                "id": "100089679197441",
                "count": 0
            },
            {
                "id": "100056004973910",
                "count": 0
            },
            {
                "id": "61555803170721",
                "count": 0
            },
            {
                "id": "100084335645615",
                "count": 0
            },
            {
                "id": "61566717860086",
                "count": 0
            },
            {
                "id": "100050694853545",
                "count": 0
            },
            {
                "id": "825467509",
                "count": 0
            },
            {
                "id": "100078750285225",
                "count": 0
            },
            {
                "id": "100023915627218",
                "count": 0
            },
            {
                "id": "100010591837454",
                "count": 0
            },
            {
                "id": "61558877113563",
                "count": 0
            },
            {
                "id": "61566539472596",
                "count": 0
            },
            {
                "id": "61565088693608",
                "count": 0
            },
            {
                "id": "100041784247643",
                "count": 0
            },
            {
                "id": "100057133516667",
                "count": 0
            },
            {
                "id": "61555755077865",
                "count": 0
            },
            {
                "id": "100079685150148",
                "count": 0
            },
            {
                "id": "100094203982428",
                "count": 0
            },
            {
                "id": "100078294995001",
                "count": 0
            },
            {
                "id": "61565356817481",
                "count": 0
            },
            {
                "id": "100027418304848",
                "count": 0
            },
            {
                "id": "61565250419018",
                "count": 0
            },
            {
                "id": "100022740544335",
                "count": 0
            },
            {
                "id": "100045030352649",
                "count": 0
            },
            {
                "id": "100003541467416",
                "count": 0
            },
            {
                "id": "100009681077701",
                "count": 0
            },
            {
                "id": "100094979513899",
                "count": 0
            },
            {
                "id": "100037923755087",
                "count": 0
            },
            {
                "id": "100056749604491",
                "count": 0
            },
            {
                "id": "61559084297025",
                "count": 0
            },
            {
                "id": "100084949157903",
                "count": 0
            },
            {
                "id": "100087397017469",
                "count": 0
            },
            {
                "id": "100074777209845",
                "count": 0
            },
            {
                "id": "100005456144612",
                "count": 0
            },
            {
                "id": "100051888469187",
                "count": 0
            },
            {
                "id": "100002325576391",
                "count": 0
            },
            {
                "id": "100029761903234",
                "count": 0
            },
            {
                "id": "100028054664270",
                "count": 0
            },
            {
                "id": "100039470115552",
                "count": 0
            },
            {
                "id": "61564981257529",
                "count": 0
            },
            {
                "id": "100035755776083",
                "count": 0
            },
            {
                "id": "100015951547752",
                "count": 0
            },
            {
                "id": "100094469692954",
                "count": 0
            },
            {
                "id": "100064158051375",
                "count": 0
            },
            {
                "id": "61559079650241",
                "count": 0
            },
            {
                "id": "100016455451330",
                "count": 0
            },
            {
                "id": "61561530282324",
                "count": 0
            },
            {
                "id": "100009397313522",
                "count": 0
            },
            {
                "id": "100009390496784",
                "count": 0
            },
            {
                "id": "100087759383089",
                "count": 0
            },
            {
                "id": "100055529637163",
                "count": 0
            },
            {
                "id": "61551991705314",
                "count": 0
            },
            {
                "id": "100079268466007",
                "count": 0
            },
            {
                "id": "100058884841649",
                "count": 0
            },
            {
                "id": "61561384074948",
                "count": 0
            },
            {
                "id": "100058747040240",
                "count": 0
            },
            {
                "id": "100087654114764",
                "count": 0
            },
            {
                "id": "100071965874896",
                "count": 0
            },
            {
                "id": "100078164394107",
                "count": 0
            },
            {
                "id": "100041973063457",
                "count": 0
            },
            {
                "id": "61564063166326",
                "count": 0
            },
            {
                "id": "100041506811441",
                "count": 0
            },
            {
                "id": "100060070931190",
                "count": 0
            },
            {
                "id": "61566358785059",
                "count": 0
            },
            {
                "id": "61554842817786",
                "count": 0
            },
            {
                "id": "100036361973798",
                "count": 0
            },
            {
                "id": "100090168919472",
                "count": 0
            },
            {
                "id": "100004683196476",
                "count": 0
            },
            {
                "id": "100089818622454",
                "count": 0
            },
            {
                "id": "100004752336149",
                "count": 0
            },
            {
                "id": "100041359081042",
                "count": 0
            },
            {
                "id": "100037456073180",
                "count": 0
            },
            {
                "id": "100034097743109",
                "count": 0
            },
            {
                "id": "100074913247768",
                "count": 0
            },
            {
                "id": "100014147194167",
                "count": 0
            },
            {
                "id": "100082331423922",
                "count": 0
            },
            {
                "id": "100045203107499",
                "count": 0
            },
            {
                "id": "100062258945566",
                "count": 0
            },
            {
                "id": "100015647791389",
                "count": 0
            },
            {
                "id": "61567160277853",
                "count": 0
            },
            {
                "id": "61563285663183",
                "count": 0
            },
            {
                "id": "100056313992082",
                "count": 0
            },
            {
                "id": "100005418997459",
                "count": 0
            }
        ],
        "week": [
            {
                "id": "100060853993426",
                "count": 0
            },
            {
                "id": "61552169117471",
                "count": 0
            },
            {
                "id": "100062121891385",
                "count": 0
            },
            {
                "id": "100047488841753",
                "count": 0
            },
            {
                "id": "100079193495791",
                "count": 0
            },
            {
                "id": "61553661921100",
                "count": 0
            },
            {
                "id": "100089990010687",
                "count": 0
            },
            {
                "id": "100005529426068",
                "count": 0
            },
            {
                "id": "61555236660088",
                "count": 0
            },
            {
                "id": "100079077840348",
                "count": 0
            },
            {
                "id": "100048992714080",
                "count": 0
            },
            {
                "id": "100023324646731",
                "count": 0
            },
            {
                "id": "100064843245987",
                "count": 0
            },
            {
                "id": "100004480424452",
                "count": 0
            },
            {
                "id": "100066793608898",
                "count": 0
            },
            {
                "id": "100034177100897",
                "count": 0
            },
            {
                "id": "100084154012986",
                "count": 0
            },
            {
                "id": "61559408285314",
                "count": 0
            },
            {
                "id": "100048351423390",
                "count": 0
            },
            {
                "id": "100029255854963",
                "count": 0
            },
            {
                "id": "100057753856625",
                "count": 0
            },
            {
                "id": "61565450240118",
                "count": 0
            },
            {
                "id": "100085881027143",
                "count": 0
            },
            {
                "id": "100083376082905",
                "count": 0
            },
            {
                "id": "61556125195251",
                "count": 0
            },
            {
                "id": "100028313932184",
                "count": 0
            },
            {
                "id": "100092236818672",
                "count": 0
            },
            {
                "id": "100005329058729",
                "count": 0
            },
            {
                "id": "100087617979103",
                "count": 0
            },
            {
                "id": "61551617706733",
                "count": 0
            },
            {
                "id": "61561382925437",
                "count": 0
            },
            {
                "id": "100051242523947",
                "count": 0
            },
            {
                "id": "100050363678955",
                "count": 0
            },
            {
                "id": "100076609205680",
                "count": 0
            },
            {
                "id": "100064802475214",
                "count": 0
            },
            {
                "id": "100023062935069",
                "count": 0
            },
            {
                "id": "100081814973944",
                "count": 0
            },
            {
                "id": "100014832991915",
                "count": 0
            },
            {
                "id": "100077562694455",
                "count": 0
            },
            {
                "id": "100035801321915",
                "count": 0
            },
            {
                "id": "100082877079448",
                "count": 0
            },
            {
                "id": "100075550998512",
                "count": 0
            },
            {
                "id": "100093572625180",
                "count": 0
            },
            {
                "id": "100067587112854",
                "count": 0
            },
            {
                "id": "100004862252001",
                "count": 0
            },
            {
                "id": "100033168757299",
                "count": 0
            },
            {
                "id": "100035121941183",
                "count": 0
            },
            {
                "id": "100070354172490",
                "count": 0
            },
            {
                "id": "100021412457071",
                "count": 0
            },
            {
                "id": "100079330054920",
                "count": 0
            },
            {
                "id": "100089679197441",
                "count": 0
            },
            {
                "id": "100056004973910",
                "count": 0
            },
            {
                "id": "61555803170721",
                "count": 0
            },
            {
                "id": "100084335645615",
                "count": 0
            },
            {
                "id": "61566717860086",
                "count": 0
            },
            {
                "id": "100050694853545",
                "count": 0
            },
            {
                "id": "825467509",
                "count": 0
            },
            {
                "id": "100078750285225",
                "count": 0
            },
            {
                "id": "100023915627218",
                "count": 0
            },
            {
                "id": "100010591837454",
                "count": 0
            },
            {
                "id": "61558877113563",
                "count": 0
            },
            {
                "id": "61566539472596",
                "count": 0
            },
            {
                "id": "61565088693608",
                "count": 0
            },
            {
                "id": "100041784247643",
                "count": 0
            },
            {
                "id": "100057133516667",
                "count": 0
            },
            {
                "id": "61555755077865",
                "count": 0
            },
            {
                "id": "100079685150148",
                "count": 0
            },
            {
                "id": "100094203982428",
                "count": 0
            },
            {
                "id": "100078294995001",
                "count": 0
            },
            {
                "id": "61565356817481",
                "count": 0
            },
            {
                "id": "100027418304848",
                "count": 0
            },
            {
                "id": "61565250419018",
                "count": 0
            },
            {
                "id": "100022740544335",
                "count": 0
            },
            {
                "id": "100045030352649",
                "count": 0
            },
            {
                "id": "100003541467416",
                "count": 0
            },
            {
                "id": "100009681077701",
                "count": 0
            },
            {
                "id": "100094979513899",
                "count": 0
            },
            {
                "id": "100037923755087",
                "count": 0
            },
            {
                "id": "100056749604491",
                "count": 0
            },
            {
                "id": "61559084297025",
                "count": 0
            },
            {
                "id": "100084949157903",
                "count": 0
            },
            {
                "id": "100087397017469",
                "count": 0
            },
            {
                "id": "100074777209845",
                "count": 0
            },
            {
                "id": "100005456144612",
                "count": 0
            },
            {
                "id": "100051888469187",
                "count": 0
            },
            {
                "id": "100002325576391",
                "count": 0
            },
            {
                "id": "100029761903234",
                "count": 0
            },
            {
                "id": "100028054664270",
                "count": 0
            },
            {
                "id": "100039470115552",
                "count": 0
            },
            {
                "id": "61564981257529",
                "count": 0
            },
            {
                "id": "100035755776083",
                "count": 0
            },
            {
                "id": "100015951547752",
                "count": 0
            },
            {
                "id": "100094469692954",
                "count": 0
            },
            {
                "id": "100064158051375",
                "count": 0
            },
            {
                "id": "61559079650241",
                "count": 0
            },
            {
                "id": "100016455451330",
                "count": 0
            },
            {
                "id": "61561530282324",
                "count": 0
            },
            {
                "id": "100009397313522",
                "count": 0
            },
            {
                "id": "100009390496784",
                "count": 0
            },
            {
                "id": "100087759383089",
                "count": 0
            },
            {
                "id": "100055529637163",
                "count": 0
            },
            {
                "id": "61551991705314",
                "count": 0
            },
            {
                "id": "100079268466007",
                "count": 0
            },
            {
                "id": "100058884841649",
                "count": 0
            },
            {
                "id": "61561384074948",
                "count": 0
            },
            {
                "id": "100058747040240",
                "count": 0
            },
            {
                "id": "100087654114764",
                "count": 0
            },
            {
                "id": "100071965874896",
                "count": 0
            },
            {
                "id": "100078164394107",
                "count": 0
            },
            {
                "id": "100041973063457",
                "count": 0
            },
            {
                "id": "61564063166326",
                "count": 0
            },
            {
                "id": "100041506811441",
                "count": 0
            },
            {
                "id": "100060070931190",
                "count": 0
            },
            {
                "id": "61566358785059",
                "count": 0
            },
            {
                "id": "61554842817786",
                "count": 0
            },
            {
                "id": "100036361973798",
                "count": 0
            },
            {
                "id": "100090168919472",
                "count": 0
            },
            {
                "id": "100004683196476",
                "count": 0
            },
            {
                "id": "100089818622454",
                "count": 0
            },
            {
                "id": "100004752336149",
                "count": 0
            },
            {
                "id": "100041359081042",
                "count": 0
            },
            {
                "id": "100037456073180",
                "count": 0
            },
            {
                "id": "100034097743109",
                "count": 0
            },
            {
                "id": "100074913247768",
                "count": 0
            },
            {
                "id": "100014147194167",
                "count": 0
            },
            {
                "id": "100082331423922",
                "count": 0
            },
            {
                "id": "100045203107499",
                "count": 0
            },
            {
                "id": "100062258945566",
                "count": 0
            },
            {
                "id": "100015647791389",
                "count": 0
            },
            {
                "id": "61567160277853",
                "count": 0
            },
            {
                "id": "61563285663183",
                "count": 0
            },
            {
                "id": "100056313992082",
                "count": 0
            },
            {
                "id": "100005418997459",
                "count": 0
            }
        ]
    }
}