{
    "total": [
        {
            "id": "61553377659101",
            "count": 0
        },
        {
            "id": "100082920265631",
            "count": 0
        },
        {
            "id": "100083708317296",
            "count": 103
        },
        {
            "id": "61561491366210",
            "count": 0
        },
        {
            "id": "100079917672513",
            "count": 2
        },
        {
            "id": "100083920076199",
            "count": 0
        },
        {
            "id": "61552093070084",
            "count": 0
        },
        {
            "id": "61559480153992",
            "count": 0
        },
        {
            "id": "61557501579675",
            "count": 0
        },
        {
            "id": "100084538839728",
            "count": 0
        },
        {
            "id": "61556960979868",
            "count": 0
        },
        {
            "id": "61555846787248",
            "count": 17
        },
        {
            "id": "100092503428118",
            "count": 0
        },
        {
            "id": "100058677146081",
            "count": 0
        },
        {
            "id": "61556917857366",
            "count": 0
        },
        {
            "id": "100023276603562",
            "count": 0
        },
        {
            "id": "100075534391123",
            "count": 0
        },
        {
            "id": "61565969280598",
            "count": 0
        },
        {
            "id": "61560403698005",
            "count": 0
        },
        {
            "id": "61566654712213",
            "count": 0
        },
        {
            "id": "61560624424311",
            "count": 0
        },
        {
            "id": "61567086630535",
            "count": 0
        },
        {
            "id": "61559726913506",
            "count": 0
        },
        {
            "id": "61563770764153",
            "count": 0
        },
        {
            "id": "61550540369882",
            "count": 0
        },
        {
            "id": "61552979192095",
            "count": 0
        },
        {
            "id": "100090826595863",
            "count": 0
        },
        {
            "id": "61556735962507",
            "count": 0
        },
        {
            "id": "61567050483150",
            "count": 0
        },
        {
            "id": "61566661621375",
            "count": 0
        },
        {
            "id": "61556879559906",
            "count": 0
        },
        {
            "id": "61567033207472",
            "count": 0
        },
        {
            "id": "100089596664798",
            "count": 0
        },
        {
            "id": "61566749724850",
            "count": 0
        },
        {
            "id": "100041121319863",
            "count": 26
        },
        {
            "id": "61565351676226",
            "count": 0
        },
        {
            "id": "61559079650241",
            "count": 19
        },
        {
            "id": "61566826751267",
            "count": 0
        },
        {
            "id": "61559248086806",
            "count": 6
        },
        {
            "id": "61552423621449",
            "count": 54
        },
        {
            "id": "61555659577732",
            "count": 16
        }
    ],
    "week": [
        {
            "id": "61553377659101",
            "count": 0,
            "name": "Nguyễn Thư"
        },
        {
            "id": "100082920265631",
            "count": 0,
            "name": "Gia An"
        },
        {
            "id": "100083708317296",
            "count": 0,
            "name": "Pt Vu"
        },
        {
            "id": "61561491366210",
            "count": 0,
            "name": "Nguyễn Tú"
        },
        {
            "id": "100079917672513",
            "count": 0,
            "name": "Ph Khánh Ly"
        },
        {
            "id": "100083920076199",
            "count": 0,
            "name": "Trần Minh Anh"
        },
        {
            "id": "61552093070084",
            "count": 0,
            "name": "Linh Vũ"
        },
        {
            "id": "61559480153992",
            "count": 0,
            "name": "Cun Xinh"
        },
        {
            "id": "61557501579675",
            "count": 0,
            "name": "Cont Vu"
        },
        {
            "id": "100084538839728",
            "count": 0,
            "name": "Thảo Nhi"
        },
        {
            "id": "61556960979868",
            "count": 0,
            "name": "Thảo Nguyên"
        },
        {
            "id": "61555846787248",
            "count": 0,
            "name": "Nguyễn San"
        },
        {
            "id": "100092503428118",
            "count": 0,
            "name": "Nha Phuong"
        },
        {
            "id": "100058677146081",
            "count": 0,
            "name": "Lương Thị Bích"
        },
        {
            "id": "61556917857366",
            "count": 0,
            "name": "Thiên An"
        },
        {
            "id": "100023276603562",
            "count": 0,
            "name": "Khánh Đann"
        },
        {
            "id": "100075534391123",
            "count": 0,
            "name": "VT Bảo Ngọc"
        },
        {
            "id": "61565969280598",
            "count": 0,
            "name": "Linh Phuong"
        },
        {
            "id": "61560403698005",
            "count": 0,
            "name": "Hoàng Tấn Dũng"
        },
        {
            "id": "61566654712213",
            "count": 0,
            "name": "️️️️️️️️️️️️️️️️️️️️️️️️️️️️️️️️️️️️️️️️️️️️️️️️️️️️️️️️️️️️️️️️️️️️️️️️️️️️️️️️️️️️️️️️️️️️️️️️️️️️️️️️️️️️️️️️️️️️️️️️️️️️️️️️️️️️️️️️️️️️️️️️️️️️️️️️️️️️️️️️️️️️️️️️️️"
        },
        {
            "id": "61560624424311",
            "count": 0,
            "name": "Người dùng Facebook"
        },
        {
            "id": "61567086630535",
            "count": 0,
            "name": "Vo Ace"
        },
        {
            "id": "61559726913506",
            "count": 0,
            "name": "Phạm Thuỳ Chi"
        },
        {
            "id": "61563770764153",
            "count": 0,
            "name": "Cô Bé Hay Suy"
        },
        {
            "id": "61550540369882",
            "count": 0,
            "name": "Tr Gia Hoa"
        },
        {
            "id": "61552979192095",
            "count": 0,
            "name": "Nguyễn Hiền"
        },
        {
            "id": "100090826595863",
            "count": 0,
            "name": "Tran An Tan"
        },
        {
            "id": "61556735962507",
            "count": 0,
            "name": "Nguyễn Thị Thúy Vân"
        },
        {
            "id": "61567050483150",
            "count": 0,
            "name": "Mét Vu"
        },
        {
            "id": "61566661621375",
            "count": 0,
            "name": "Lê Sang"
        },
        {
            "id": "61556879559906",
            "count": 0,
            "name": "Đặng Minh Quân"
        },
        {
            "id": "61567033207472",
            "count": 0,
            "name": "Ng Hoàng Zĩnh"
        },
        {
            "id": "100089596664798",
            "count": 0,
            "name": "Nguyen Duc Toan"
        },
        {
            "id": "61566749724850",
            "count": 0,
            "name": "で︙ Boo︕　・　冬"
        },
        {
            "id": "100041121319863",
            "count": 0,
            "name": "Nguyễn Thư"
        },
        {
            "id": "61565351676226",
            "count": 0,
            "name": "Ngọc Linh"
        },
        {
            "id": "61559079650241",
            "count": 0,
            "name": "Nguyễn Thanh Tùng"
        },
        {
            "id": "61566826751267",
            "count": 0,
            "name": "Tùng Thanh"
        },
        {
            "id": "61559248086806",
            "count": 0,
            "name": "Phạmm Longg"
        },
        {
            "id": "61552423621449",
            "count": 0,
            "name": "Hiếu Trung"
        },
        {
            "id": "61555659577732",
            "count": 0,
            "name": "Đoàn Thiên Tri"
        }
    ],
    "day": [
        {
            "id": "61553377659101",
            "count": 0,
            "name": "Nguyễn Thư"
        },
        {
            "id": "100082920265631",
            "count": 0,
            "name": "Gia An"
        },
        {
            "id": "100083708317296",
            "count": 0,
            "name": "Pt Vu"
        },
        {
            "id": "61561491366210",
            "count": 0,
            "name": "Nguyễn Tú"
        },
        {
            "id": "100079917672513",
            "count": 0,
            "name": "Ph Khánh Ly"
        },
        {
            "id": "100083920076199",
            "count": 0,
            "name": "Trần Minh Anh"
        },
        {
            "id": "61552093070084",
            "count": 0,
            "name": "Linh Vũ"
        },
        {
            "id": "61559480153992",
            "count": 0,
            "name": "Cun Xinh"
        },
        {
            "id": "61557501579675",
            "count": 0,
            "name": "Cont Vu"
        },
        {
            "id": "100084538839728",
            "count": 0,
            "name": "Thảo Nhi"
        },
        {
            "id": "61556960979868",
            "count": 0,
            "name": "Thảo Nguyên"
        },
        {
            "id": "61555846787248",
            "count": 0,
            "name": "Nguyễn San"
        },
        {
            "id": "100092503428118",
            "count": 0,
            "name": "Nha Phuong"
        },
        {
            "id": "100058677146081",
            "count": 0,
            "name": "Lương Thị Bích"
        },
        {
            "id": "61556917857366",
            "count": 0,
            "name": "Thiên An"
        },
        {
            "id": "100023276603562",
            "count": 0,
            "name": "Khánh Đann"
        },
        {
            "id": "100075534391123",
            "count": 0,
            "name": "VT Bảo Ngọc"
        },
        {
            "id": "61565969280598",
            "count": 0,
            "name": "Linh Phuong"
        },
        {
            "id": "61560403698005",
            "count": 0,
            "name": "Hoàng Tấn Dũng"
        },
        {
            "id": "61566654712213",
            "count": 0,
            "name": "️️️️️️️️️️️️️️️️️️️️️️️️️️️️️️️️️️️️️️️️️️️️️️️️️️️️️️️️️️️️️️️️️️️️️️️️️️️️️️️️️️️️️️️️️️️️️️️️️️️️️️️️️️️️️️️️️️️️️️️️️️️️️️️️️️️️️️️️️️️️️️️️️️️️️️️️️️️️️️️️️️️️️️️️️️"
        },
        {
            "id": "61560624424311",
            "count": 0,
            "name": "Người dùng Facebook"
        },
        {
            "id": "61567086630535",
            "count": 0,
            "name": "Vo Ace"
        },
        {
            "id": "61559726913506",
            "count": 0,
            "name": "Phạm Thuỳ Chi"
        },
        {
            "id": "61563770764153",
            "count": 0,
            "name": "Cô Bé Hay Suy"
        },
        {
            "id": "61550540369882",
            "count": 0,
            "name": "Tr Gia Hoa"
        },
        {
            "id": "61552979192095",
            "count": 0,
            "name": "Nguyễn Hiền"
        },
        {
            "id": "100090826595863",
            "count": 0,
            "name": "Tran An Tan"
        },
        {
            "id": "61556735962507",
            "count": 0,
            "name": "Nguyễn Thị Thúy Vân"
        },
        {
            "id": "61567050483150",
            "count": 0,
            "name": "Mét Vu"
        },
        {
            "id": "61566661621375",
            "count": 0,
            "name": "Lê Sang"
        },
        {
            "id": "61556879559906",
            "count": 0,
            "name": "Đặng Minh Quân"
        },
        {
            "id": "61567033207472",
            "count": 0,
            "name": "Ng Hoàng Zĩnh"
        },
        {
            "id": "100089596664798",
            "count": 0,
            "name": "Nguyen Duc Toan"
        },
        {
            "id": "61566749724850",
            "count": 0,
            "name": "で︙ Boo︕　・　冬"
        },
        {
            "id": "100041121319863",
            "count": 0,
            "name": "Nguyễn Thư"
        },
        {
            "id": "61565351676226",
            "count": 0,
            "name": "Ngọc Linh"
        },
        {
            "id": "61559079650241",
            "count": 0,
            "name": "Nguyễn Thanh Tùng"
        },
        {
            "id": "61566826751267",
            "count": 0,
            "name": "Tùng Thanh"
        },
        {
            "id": "61559248086806",
            "count": 0,
            "name": "Phạmm Longg"
        },
        {
            "id": "61552423621449",
            "count": 0,
            "name": "Hiếu Trung"
        },
        {
            "id": "61555659577732",
            "count": 0,
            "name": "Đoàn Thiên Tri"
        }
    ],
    "time": 6,
    "last": {
        "time": 0,
        "day": [
            {
                "id": "61553377659101",
                "count": 0
            },
            {
                "id": "100082920265631",
                "count": 0
            },
            {
                "id": "100083708317296",
                "count": 0
            },
            {
                "id": "61561491366210",
                "count": 0
            },
            {
                "id": "100079917672513",
                "count": 0
            },
            {
                "id": "100083920076199",
                "count": 0
            },
            {
                "id": "100089825640119",
                "count": 0
            },
            {
                "id": "61552093070084",
                "count": 0
            },
            {
                "id": "61559480153992",
                "count": 0
            },
            {
                "id": "61557501579675",
                "count": 0
            },
            {
                "id": "100084538839728",
                "count": 0
            },
            {
                "id": "61556960979868",
                "count": 0
            },
            {
                "id": "61555846787248",
                "count": 0
            },
            {
                "id": "100092503428118",
                "count": 0
            },
            {
                "id": "100058677146081",
                "count": 0
            },
            {
                "id": "61556917857366",
                "count": 0
            },
            {
                "id": "100023276603562",
                "count": 0
            },
            {
                "id": "100075534391123",
                "count": 0
            },
            {
                "id": "61565969280598",
                "count": 0
            },
            {
                "id": "100037148340440",
                "count": 0
            },
            {
                "id": "61560403698005",
                "count": 0
            },
            {
                "id": "61566654712213",
                "count": 0
            },
            {
                "id": "61560624424311",
                "count": 0
            },
            {
                "id": "61567086630535",
                "count": 0
            },
            {
                "id": "61559726913506",
                "count": 0
            },
            {
                "id": "61563770764153",
                "count": 0
            },
            {
                "id": "61550540369882",
                "count": 0
            },
            {
                "id": "61552979192095",
                "count": 0
            },
            {
                "id": "100090826595863",
                "count": 0
            },
            {
                "id": "61556735962507",
                "count": 0
            },
            {
                "id": "61555919261080",
                "count": 0
            },
            {
                "id": "61567050483150",
                "count": 0
            },
            {
                "id": "61566661621375",
                "count": 0
            },
            {
                "id": "61556879559906",
                "count": 0
            },
            {
                "id": "61567033207472",
                "count": 0
            },
            {
                "id": "100089596664798",
                "count": 0
            },
            {
                "id": "61566749724850",
                "count": 0
            },
            {
                "id": "100041121319863",
                "count": 0
            },
            {
                "id": "61565351676226",
                "count": 0
            },
            {
                "id": "61559079650241",
                "count": 0
            },
            {
                "id": "61566826751267",
                "count": 0
            },
            {
                "id": "61559248086806",
                "count": 0
            },
            {
                "id": "61552423621449",
                "count": 0
            },
            {
                "id": "61555659577732",
                "count": 0
            }
        ],
        "week": [
            {
                "id": "61553377659101",
                "count": 0
            },
            {
                "id": "100082920265631",
                "count": 0
            },
            {
                "id": "100083708317296",
                "count": 0
            },
            {
                "id": "61561491366210",
                "count": 0
            },
            {
                "id": "100079917672513",
                "count": 0
            },
            {
                "id": "100083920076199",
                "count": 0
            },
            {
                "id": "100089825640119",
                "count": 0
            },
            {
                "id": "61552093070084",
                "count": 0
            },
            {
                "id": "61559480153992",
                "count": 0
            },
            {
                "id": "61557501579675",
                "count": 0
            },
            {
                "id": "100084538839728",
                "count": 0
            },
            {
                "id": "61556960979868",
                "count": 0
            },
            {
                "id": "61555846787248",
                "count": 0
            },
            {
                "id": "100092503428118",
                "count": 0
            },
            {
                "id": "100058677146081",
                "count": 0
            },
            {
                "id": "61556917857366",
                "count": 0
            },
            {
                "id": "100023276603562",
                "count": 0
            },
            {
                "id": "100075534391123",
                "count": 0
            },
            {
                "id": "61565969280598",
                "count": 0
            },
            {
                "id": "100037148340440",
                "count": 0
            },
            {
                "id": "61560403698005",
                "count": 0
            },
            {
                "id": "61566654712213",
                "count": 0
            },
            {
                "id": "61560624424311",
                "count": 0
            },
            {
                "id": "61567086630535",
                "count": 0
            },
            {
                "id": "61559726913506",
                "count": 0
            },
            {
                "id": "61563770764153",
                "count": 0
            },
            {
                "id": "61550540369882",
                "count": 0
            },
            {
                "id": "61552979192095",
                "count": 0
            },
            {
                "id": "100090826595863",
                "count": 0
            },
            {
                "id": "61556735962507",
                "count": 0
            },
            {
                "id": "61555919261080",
                "count": 0
            },
            {
                "id": "61567050483150",
                "count": 0
            },
            {
                "id": "61566661621375",
                "count": 0
            },
            {
                "id": "61556879559906",
                "count": 0
            },
            {
                "id": "61567033207472",
                "count": 0
            },
            {
                "id": "100089596664798",
                "count": 0
            },
            {
                "id": "61566749724850",
                "count": 0
            },
            {
                "id": "100041121319863",
                "count": 0
            },
            {
                "id": "61565351676226",
                "count": 0
            },
            {
                "id": "61559079650241",
                "count": 0
            },
            {
                "id": "61566826751267",
                "count": 0
            },
            {
                "id": "61559248086806",
                "count": 0
            },
            {
                "id": "61552423621449",
                "count": 0
            },
            {
                "id": "61555659577732",
                "count": 0
            }
        ]
    }
}