{
    "total": [
        {
            "id": "100085071460453",
            "count": 41
        },
        {
            "id": "61551032671028",
            "count": 11
        },
        {
            "id": "100085056310117",
            "count": 36
        },
        {
            "id": "100065684440555",
            "count": 3
        },
        {
            "id": "61561530282324",
            "count": 8
        }
    ],
    "week": [
        {
            "id": "100085071460453",
            "count": 0,
            "name": "Duc Anh"
        },
        {
            "id": "61551032671028",
            "count": 0,
            "name": "Chu Nam Anh"
        },
        {
            "id": "100085056310117",
            "count": 0,
            "name": "Quân"
        },
        {
            "id": "100065684440555",
            "count": 0,
            "name": "Yae Miko"
        },
        {
            "id": "61561530282324",
            "count": 8,
            "name": "Roronoa Xoro"
        }
    ],
    "day": [
        {
            "id": "100085071460453",
            "count": 0,
            "name": "Duc Anh"
        },
        {
            "id": "61551032671028",
            "count": 0,
            "name": "Chu Nam Anh"
        },
        {
            "id": "100085056310117",
            "count": 0,
            "name": "Quân"
        },
        {
            "id": "100065684440555",
            "count": 0,
            "name": "Yae Miko"
        },
        {
            "id": "61561530282324",
            "count": 0,
            "name": "Roronoa Xoro"
        }
    ],
    "time": 6,
    "last": {
        "time": 4,
        "day": [
            {
                "id": "100076427276402",
                "count": 0
            },
            {
                "id": "100085071460453",
                "count": 0
            },
            {
                "id": "100041567060329",
                "count": 0
            },
            {
                "id": "100057523724208",
                "count": 0
            },
            {
                "id": "100003946261138",
                "count": 0
            },
            {
                "id": "100082239588020",
                "count": 0
            },
            {
                "id": "61556402221384",
                "count": 0
            },
            {
                "id": "100080418210790",
                "count": 0
            },
            {
                "id": "100093236807106",
                "count": 0
            },
            {
                "id": "100047048534873",
                "count": 0
            },
            {
                "id": "100091645879269",
                "count": 0
            },
            {
                "id": "61551032671028",
                "count": 0
            },
            {
                "id": "61557354486365",
                "count": 0
            },
            {
                "id": "100067042311134",
                "count": 0
            },
            {
                "id": "100000079716663",
                "count": 0
            },
            {
                "id": "100049480308325",
                "count": 0
            },
            {
                "id": "100072458394289",
                "count": 0
            },
            {
                "id": "100073526257582",
                "count": 0
            },
            {
                "id": "100055104666027",
                "count": 0
            },
            {
                "id": "100085056310117",
                "count": 0
            },
            {
                "id": "100094019625484",
                "count": 0
            },
            {
                "id": "100010693453366",
                "count": 0
            },
            {
                "id": "61552565937955",
                "count": 0
            },
            {
                "id": "100067751537015",
                "count": 0
            },
            {
                "id": "61553557300750",
                "count": 0
            },
            {
                "id": "100091521467734",
                "count": 0
            },
            {
                "id": "100065684440555",
                "count": 0
            },
            {
                "id": "61559079650241",
                "count": 0
            },
            {
                "id": "61561530282324",
                "count": 0
            }
        ],
        "week": [
            {
                "id": "100076427276402",
                "count": 0
            },
            {
                "id": "100085071460453",
                "count": 0
            },
            {
                "id": "100041567060329",
                "count": 0
            },
            {
                "id": "100057523724208",
                "count": 0
            },
            {
                "id": "100003946261138",
                "count": 0
            },
            {
                "id": "100082239588020",
                "count": 0
            },
            {
                "id": "61556402221384",
                "count": 0
            },
            {
                "id": "100080418210790",
                "count": 0
            },
            {
                "id": "100093236807106",
                "count": 0
            },
            {
                "id": "100047048534873",
                "count": 0
            },
            {
                "id": "100091645879269",
                "count": 0
            },
            {
                "id": "61551032671028",
                "count": 0
            },
            {
                "id": "61557354486365",
                "count": 0
            },
            {
                "id": "100067042311134",
                "count": 0
            },
            {
                "id": "100000079716663",
                "count": 0
            },
            {
                "id": "100049480308325",
                "count": 0
            },
            {
                "id": "100072458394289",
                "count": 0
            },
            {
                "id": "100073526257582",
                "count": 0
            },
            {
                "id": "100055104666027",
                "count": 0
            },
            {
                "id": "100085056310117",
                "count": 0
            },
            {
                "id": "100094019625484",
                "count": 0
            },
            {
                "id": "100010693453366",
                "count": 0
            },
            {
                "id": "61552565937955",
                "count": 0
            },
            {
                "id": "100067751537015",
                "count": 0
            },
            {
                "id": "61553557300750",
                "count": 0
            },
            {
                "id": "100091521467734",
                "count": 0
            },
            {
                "id": "100065684440555",
                "count": 0
            },
            {
                "id": "61559079650241",
                "count": 0
            },
            {
                "id": "61561530282324",
                "count": 0
            }
        ]
    }
}