{
    "total": [
        {
            "id": "100054890805214",
            "count": 0
        },
        {
            "id": "100009375397776",
            "count": 8
        },
        {
            "id": "100093954204003",
            "count": 16
        },
        {
            "id": "100003635901501",
            "count": 0
        },
        {
            "id": "100038404628381",
            "count": 0
        },
        {
            "id": "100091365253715",
            "count": 0
        },
        {
            "id": "100068256963476",
            "count": 18
        },
        {
            "id": "100055187386338",
            "count": 0
        },
        {
            "id": "100088530438569",
            "count": 0
        },
        {
            "id": "100021471600922",
            "count": 0
        },
        {
            "id": "100079158731134",
            "count": 2
        },
        {
            "id": "61566414181000",
            "count": 0
        },
        {
            "id": "100045795293439",
            "count": 0
        },
        {
            "id": "100039318466804",
            "count": 0
        },
        {
            "id": "61552200220940",
            "count": 0
        },
        {
            "id": "100087128565622",
            "count": 0
        },
        {
            "id": "100067839414779",
            "count": 0
        },
        {
            "id": "61564360760992",
            "count": 0
        },
        {
            "id": "100054205152899",
            "count": 0
        },
        {
            "id": "100034927272019",
            "count": 0
        },
        {
            "id": "61558117404405",
            "count": 0
        },
        {
            "id": "100077018405888",
            "count": 0
        },
        {
            "id": "61553870854913",
            "count": 0
        },
        {
            "id": "100095164172272",
            "count": 28
        },
        {
            "id": "100095474042779",
            "count": 0
        },
        {
            "id": "100057693997977",
            "count": 0
        },
        {
            "id": "100062119238717",
            "count": 0
        },
        {
            "id": "100056815476214",
            "count": 8
        }
    ],
    "week": [
        {
            "id": "100054890805214",
            "count": 0,
            "name": "Duy Phan"
        },
        {
            "id": "100009375397776",
            "count": 0,
            "name": "Vũ Tuấn Minh"
        },
        {
            "id": "100093954204003",
            "count": 0,
            "name": "Giang Nguyễn"
        },
        {
            "id": "100003635901501",
            "count": 0,
            "name": "Luz Ngô"
        },
        {
            "id": "100038404628381",
            "count": 0,
            "name": "Lê Hiền"
        },
        {
            "id": "100091365253715",
            "count": 0,
            "name": "Quỳnh Quỳnh"
        },
        {
            "id": "100068256963476",
            "count": 0,
            "name": "Nguyễn Duy Mạnh"
        },
        {
            "id": "100055187386338",
            "count": 0,
            "name": "Tài Khoản Bị Khóa"
        },
        {
            "id": "100088530438569",
            "count": 0,
            "name": "Selena Maya"
        },
        {
            "id": "100021471600922",
            "count": 0,
            "name": "Bé Hi"
        },
        {
            "id": "100079158731134",
            "count": 0,
            "name": "Cô Bé Mùa Đông"
        },
        {
            "id": "61566414181000",
            "count": 0,
            "name": "Bi Wyn"
        },
        {
            "id": "100045795293439",
            "count": 0,
            "name": "Tú Trần"
        },
        {
            "id": "100039318466804",
            "count": 0,
            "name": "ThúyAnh Đinh"
        },
        {
            "id": "61552200220940",
            "count": 0,
            "name": "Bảo Nhi"
        },
        {
            "id": "100087128565622",
            "count": 0,
            "name": "Tiềncóthểmất Còn Emthìkhông"
        },
        {
            "id": "100067839414779",
            "count": 0,
            "name": "Phi Hùng Hoàng"
        },
        {
            "id": "61564360760992",
            "count": 0,
            "name": "Lê Hiền"
        },
        {
            "id": "100054205152899",
            "count": 0,
            "name": "Lê Huỳnh Ngọc Hân"
        },
        {
            "id": "100034927272019",
            "count": 0,
            "name": "Phi Hùng"
        },
        {
            "id": "61558117404405",
            "count": 0,
            "name": "Vu Dinh"
        },
        {
            "id": "100077018405888",
            "count": 0,
            "name": "Người dùng Facebook"
        },
        {
            "id": "61553870854913",
            "count": 0,
            "name": "Ngoc Hann"
        },
        {
            "id": "100095164172272",
            "count": 0,
            "name": "Quỳnh Như"
        },
        {
            "id": "100095474042779",
            "count": 0,
            "name": "Vũ Nguyễn"
        },
        {
            "id": "100057693997977",
            "count": 0,
            "name": "Lưu Thị Hải"
        },
        {
            "id": "100062119238717",
            "count": 0,
            "name": "Huy Nguyễn"
        },
        {
            "id": "100056815476214",
            "count": 0,
            "name": "Người dùng facebook"
        }
    ],
    "day": [
        {
            "id": "100054890805214",
            "count": 0,
            "name": "Duy Phan"
        },
        {
            "id": "100009375397776",
            "count": 0,
            "name": "Vũ Tuấn Minh"
        },
        {
            "id": "100093954204003",
            "count": 0,
            "name": "Giang Nguyễn"
        },
        {
            "id": "100003635901501",
            "count": 0,
            "name": "Luz Ngô"
        },
        {
            "id": "100038404628381",
            "count": 0,
            "name": "Lê Hiền"
        },
        {
            "id": "100091365253715",
            "count": 0,
            "name": "Quỳnh Quỳnh"
        },
        {
            "id": "100068256963476",
            "count": 0,
            "name": "Nguyễn Duy Mạnh"
        },
        {
            "id": "100055187386338",
            "count": 0,
            "name": "Tài Khoản Bị Khóa"
        },
        {
            "id": "100088530438569",
            "count": 0,
            "name": "Selena Maya"
        },
        {
            "id": "100021471600922",
            "count": 0,
            "name": "Bé Hi"
        },
        {
            "id": "100079158731134",
            "count": 0,
            "name": "Cô Bé Mùa Đông"
        },
        {
            "id": "61566414181000",
            "count": 0,
            "name": "Bi Wyn"
        },
        {
            "id": "100045795293439",
            "count": 0,
            "name": "Tú Trần"
        },
        {
            "id": "100039318466804",
            "count": 0,
            "name": "ThúyAnh Đinh"
        },
        {
            "id": "61552200220940",
            "count": 0,
            "name": "Bảo Nhi"
        },
        {
            "id": "100087128565622",
            "count": 0,
            "name": "Tiềncóthểmất Còn Emthìkhông"
        },
        {
            "id": "100067839414779",
            "count": 0,
            "name": "Phi Hùng Hoàng"
        },
        {
            "id": "61564360760992",
            "count": 0,
            "name": "Lê Hiền"
        },
        {
            "id": "100054205152899",
            "count": 0,
            "name": "Lê Huỳnh Ngọc Hân"
        },
        {
            "id": "100034927272019",
            "count": 0,
            "name": "Phi Hùng"
        },
        {
            "id": "61558117404405",
            "count": 0,
            "name": "Vu Dinh"
        },
        {
            "id": "100077018405888",
            "count": 0,
            "name": "Cậu Ba"
        },
        {
            "id": "61553870854913",
            "count": 0,
            "name": "Ngoc Hann"
        },
        {
            "id": "100095164172272",
            "count": 0,
            "name": "Quỳnh Như"
        },
        {
            "id": "100095474042779",
            "count": 0,
            "name": "Vũ Nguyễn"
        },
        {
            "id": "100057693997977",
            "count": 0,
            "name": "Lưu Thị Hải"
        },
        {
            "id": "100062119238717",
            "count": 0,
            "name": "Huy Nguyễn"
        },
        {
            "id": "100056815476214",
            "count": 0,
            "name": "Người dùng facebook"
        }
    ],
    "time": 6,
    "last": {
        "time": 5,
        "day": [
            {
                "id": "100054890805214",
                "count": 0
            },
            {
                "id": "100009375397776",
                "count": 0
            },
            {
                "id": "100093954204003",
                "count": 0
            },
            {
                "id": "100003635901501",
                "count": 0
            },
            {
                "id": "100038404628381",
                "count": 0
            },
            {
                "id": "100091365253715",
                "count": 0
            },
            {
                "id": "100068256963476",
                "count": 0
            },
            {
                "id": "100055187386338",
                "count": 0
            },
            {
                "id": "100088530438569",
                "count": 0
            },
            {
                "id": "100021471600922",
                "count": 0
            },
            {
                "id": "100079158731134",
                "count": 0
            },
            {
                "id": "61566414181000",
                "count": 0
            },
            {
                "id": "100045795293439",
                "count": 0
            },
            {
                "id": "100039318466804",
                "count": 0
            },
            {
                "id": "61552200220940",
                "count": 0
            },
            {
                "id": "100087128565622",
                "count": 0
            },
            {
                "id": "100067839414779",
                "count": 0
            },
            {
                "id": "61564360760992",
                "count": 0
            },
            {
                "id": "100054205152899",
                "count": 0
            },
            {
                "id": "100034927272019",
                "count": 0
            },
            {
                "id": "61558117404405",
                "count": 0
            },
            {
                "id": "100077018405888",
                "count": 0
            },
            {
                "id": "61553870854913",
                "count": 0
            },
            {
                "id": "100095164172272",
                "count": 0
            },
            {
                "id": "100095474042779",
                "count": 0
            },
            {
                "id": "100057693997977",
                "count": 0
            },
            {
                "id": "100062119238717",
                "count": 0
            },
            {
                "id": "100056815476214",
                "count": 0
            }
        ],
        "week": [
            {
                "id": "100054890805214",
                "count": 0
            },
            {
                "id": "100009375397776",
                "count": 0
            },
            {
                "id": "100093954204003",
                "count": 0
            },
            {
                "id": "100003635901501",
                "count": 0
            },
            {
                "id": "100038404628381",
                "count": 0
            },
            {
                "id": "100091365253715",
                "count": 0
            },
            {
                "id": "100068256963476",
                "count": 0
            },
            {
                "id": "100055187386338",
                "count": 0
            },
            {
                "id": "100088530438569",
                "count": 0
            },
            {
                "id": "100021471600922",
                "count": 0
            },
            {
                "id": "100079158731134",
                "count": 0
            },
            {
                "id": "61566414181000",
                "count": 0
            },
            {
                "id": "100045795293439",
                "count": 0
            },
            {
                "id": "100039318466804",
                "count": 0
            },
            {
                "id": "61552200220940",
                "count": 0
            },
            {
                "id": "100087128565622",
                "count": 0
            },
            {
                "id": "100067839414779",
                "count": 0
            },
            {
                "id": "61564360760992",
                "count": 0
            },
            {
                "id": "100054205152899",
                "count": 0
            },
            {
                "id": "100034927272019",
                "count": 0
            },
            {
                "id": "61558117404405",
                "count": 0
            },
            {
                "id": "100077018405888",
                "count": 0
            },
            {
                "id": "61553870854913",
                "count": 0
            },
            {
                "id": "100095164172272",
                "count": 0
            },
            {
                "id": "100095474042779",
                "count": 0
            },
            {
                "id": "100057693997977",
                "count": 0
            },
            {
                "id": "100062119238717",
                "count": 0
            },
            {
                "id": "100056815476214",
                "count": 0
            }
        ]
    }
}