{
    "total": [
        {
            "id": "100062422727195",
            "count": 232
        },
        {
            "id": "61559079650241",
            "count": 235
        },
        {
            "id": "100038949934558",
            "count": 626
        },
        {
            "id": "100041992714333",
            "count": 505
        },
        {
            "id": "61561530282324",
            "count": 50
        },
        {
            "id": "100006235235721",
            "count": 55
        },
        {
            "id": "100051666585272",
            "count": 12
        },
        {
            "id": "100030332872879",
            "count": 10
        },
        {
            "id": "61561027703105",
            "count": 1
        },
        {
            "id": "100007764540562",
            "count": 71
        },
        {
            "id": "100093421013310",
            "count": 13
        },
        {
            "id": "61556885406776",
            "count": 10
        },
        {
            "id": "100034801764187",
            "count": 22
        },
        {
            "id": "100080714927170",
            "count": 81
        },
        {
            "id": "100089336305430",
            "count": 1
        },
        {
            "id": "100036071297552",
            "count": 88
        },
        {
            "id": "100081113914154",
            "count": 11
        },
        {
            "id": "100019206381207",
            "count": 9
        },
        {
            "id": "61559320828665",
            "count": 57
        },
        {
            "id": "100041544143666",
            "count": 11
        },
        {
            "id": "100081073868309",
            "count": 2
        },
        {
            "id": "100052658871431",
            "count": 36
        },
        {
            "id": "100037234838883",
            "count": 2
        },
        {
            "id": "61555243865684",
            "count": 14
        },
        {
            "id": "100073148176305",
            "count": 6
        },
        {
            "id": "100073682359420",
            "count": 4
        },
        {
            "id": "100046292103991",
            "count": 3
        },
        {
            "id": "100029223124450",
            "count": 1
        },
        {
            "id": "100087310626515",
            "count": 53
        },
        {
            "id": "100013256611278",
            "count": 10
        },
        {
            "id": "100084260606796",
            "count": 39
        },
        {
            "id": "100073720928422",
            "count": 32
        },
        {
            "id": "61550346462562",
            "count": 0
        },
        {
            "id": "100065340383515",
            "count": 24
        },
        {
            "id": "61554692163129",
            "count": 1
        },
        {
            "id": "100037712326266",
            "count": 2
        }
    ],
    "week": [
        {
            "id": "100062422727195",
            "count": 43,
            "name": "Oanh Oanh"
        },
        {
            "id": "61559079650241",
            "count": 35,
            "name": "Nguyễn Thanh Tùng"
        },
        {
            "id": "100038949934558",
            "count": 121,
            "name": "Trương Huỳnh Mỹ Ngân"
        },
        {
            "id": "100041992714333",
            "count": 250,
            "name": "Uyen Nhi"
        },
        {
            "id": "61561530282324",
            "count": 50,
            "name": "Roronoa Xoro"
        },
        {
            "id": "100006235235721",
            "count": 0,
            "name": "Quốc Thắng"
        },
        {
            "id": "100051666585272",
            "count": 0,
            "name": "Thuậnn"
        },
        {
            "id": "100030332872879",
            "count": 0,
            "name": "Nguyễn Minh Hiếu"
        },
        {
            "id": "61561027703105",
            "count": 0,
            "name": "Vũ Huy"
        },
        {
            "id": "100007764540562",
            "count": 18,
            "name": "Trần Quốc Trường"
        },
        {
            "id": "100093421013310",
            "count": 0,
            "name": "Nhật Sinh"
        },
        {
            "id": "61556885406776",
            "count": 0,
            "name": "NgọC Tứn"
        },
        {
            "id": "100034801764187",
            "count": 0,
            "name": "Huyền"
        },
        {
            "id": "100080714927170",
            "count": 16,
            "name": "Quách Văn Thuỳ"
        },
        {
            "id": "100089336305430",
            "count": 0,
            "name": "Văn Nghĩa"
        },
        {
            "id": "100036071297552",
            "count": 51,
            "name": "Trọng Ân"
        },
        {
            "id": "100081113914154",
            "count": 0,
            "name": "Lương Mã Long"
        },
        {
            "id": "100019206381207",
            "count": 0,
            "name": "Quốc Nguyễn Mậm"
        },
        {
            "id": "61559320828665",
            "count": 12,
            "name": "Ng Quang Nam"
        },
        {
            "id": "100041544143666",
            "count": 10,
            "name": "Nguyễn Long"
        },
        {
            "id": "100081073868309",
            "count": 0,
            "name": "Tiến Thành"
        },
        {
            "id": "100052658871431",
            "count": 26,
            "name": "Lương Trực"
        },
        {
            "id": "100037234838883",
            "count": 0,
            "name": "Minh Thuận"
        },
        {
            "id": "61555243865684",
            "count": 11,
            "name": "Nguyễn Đăng Chiến"
        },
        {
            "id": "100073148176305",
            "count": 5,
            "name": "Ng Thị Thuý Ni"
        },
        {
            "id": "100073682359420",
            "count": 0,
            "name": "Khánh Ngọc"
        },
        {
            "id": "100046292103991",
            "count": 3,
            "name": "Người dùng facebook"
        },
        {
            "id": "100029223124450",
            "count": 1
        },
        {
            "id": "100087310626515",
            "count": 53
        },
        {
            "id": "100013256611278",
            "count": 10
        },
        {
            "id": "100084260606796",
            "count": 39
        },
        {
            "id": "100073720928422",
            "count": 32
        },
        {
            "id": "61550346462562",
            "count": 0
        },
        {
            "id": "100065340383515",
            "count": 24
        },
        {
            "id": "61554692163129",
            "count": 1
        },
        {
            "id": "100037712326266",
            "count": 2
        }
    ],
    "day": [
        {
            "id": "100062422727195",
            "count": 0,
            "name": "Oanh Oanh"
        },
        {
            "id": "61559079650241",
            "count": 0,
            "name": "Nguyễn Thanh Tùng"
        },
        {
            "id": "100038949934558",
            "count": 0,
            "name": "Trương Huỳnh Mỹ Ngân"
        },
        {
            "id": "100041992714333",
            "count": 0,
            "name": "Uyen Nhi"
        },
        {
            "id": "61561530282324",
            "count": 0,
            "name": "Roronoa Xoro"
        },
        {
            "id": "100006235235721",
            "count": 0,
            "name": "Quốc Thắng"
        },
        {
            "id": "100051666585272",
            "count": 0,
            "name": "Thuậnn"
        },
        {
            "id": "100030332872879",
            "count": 0,
            "name": "Nguyễn Minh Hiếu"
        },
        {
            "id": "61561027703105",
            "count": 0,
            "name": "Vũ Huy"
        },
        {
            "id": "100007764540562",
            "count": 0,
            "name": "Trần Quốc Trường"
        },
        {
            "id": "100093421013310",
            "count": 0,
            "name": "Nhật Sinh"
        },
        {
            "id": "61556885406776",
            "count": 0,
            "name": "NgọC Tứn"
        },
        {
            "id": "100034801764187",
            "count": 0,
            "name": "Huyền"
        },
        {
            "id": "100080714927170",
            "count": 0,
            "name": "Quách Văn Thuỳ"
        },
        {
            "id": "100089336305430",
            "count": 0,
            "name": "Văn Nghĩa"
        },
        {
            "id": "100036071297552",
            "count": 0,
            "name": "Trọng Ân"
        },
        {
            "id": "100081113914154",
            "count": 0,
            "name": "Lương Mã Long"
        },
        {
            "id": "100019206381207",
            "count": 0,
            "name": "Quốc Nguyễn Mậm"
        },
        {
            "id": "61559320828665",
            "count": 0,
            "name": "Ng Quang Nam"
        },
        {
            "id": "100041544143666",
            "count": 0,
            "name": "Nguyễn Long"
        },
        {
            "id": "100081073868309",
            "count": 0,
            "name": "Tiến Thành"
        },
        {
            "id": "100052658871431",
            "count": 0,
            "name": "Lương Trực"
        },
        {
            "id": "100037234838883",
            "count": 0,
            "name": "Minh Thuận"
        },
        {
            "id": "61555243865684",
            "count": 0,
            "name": "Nguyễn Đăng Chiến"
        },
        {
            "id": "100073148176305",
            "count": 0,
            "name": "Ng Thị Thuý Ni"
        },
        {
            "id": "100073682359420",
            "count": 0,
            "name": "Khánh Ngọc"
        },
        {
            "id": "100046292103991",
            "count": 0,
            "name": "Nguyễn Minh Anh"
        },
        {
            "id": "100029223124450",
            "count": 0,
            "name": "Huệ Trân"
        },
        {
            "id": "100087310626515",
            "count": 0,
            "name": "Long Vũ"
        },
        {
            "id": "100013256611278",
            "count": 0,
            "name": "Thành Trung"
        },
        {
            "id": "100084260606796",
            "count": 0,
            "name": "Phan Hoàng Đức Anh"
        },
        {
            "id": "100073720928422",
            "count": 0,
            "name": "Ng Huu Nghi"
        },
        {
            "id": "61550346462562",
            "count": 0,
            "name": "Người dùng facebook"
        },
        {
            "id": "100065340383515",
            "count": 0,
            "name": "Trịnh Thảo"
        },
        {
            "id": "61554692163129",
            "count": 0,
            "name": "Tan Cuong"
        },
        {
            "id": "100037712326266",
            "count": 0,
            "name": "Trịnh Ngọc Phương Linh"
        }
    ],
    "time": 6,
    "last": {
        "time": 5,
        "day": [
            {
                "id": "100062422727195",
                "count": 0
            },
            {
                "id": "61559079650241",
                "count": 0
            },
            {
                "id": "100038949934558",
                "count": 0
            },
            {
                "id": "100041992714333",
                "count": 0
            },
            {
                "id": "61561530282324",
                "count": 0
            },
            {
                "id": "61554737141168",
                "count": 0
            },
            {
                "id": "100006235235721",
                "count": 0
            },
            {
                "id": "100051666585272",
                "count": 0
            },
            {
                "id": "100030332872879",
                "count": 0
            },
            {
                "id": "61561027703105",
                "count": 0
            },
            {
                "id": "100007764540562",
                "count": 0
            },
            {
                "id": "100087490407904",
                "count": 0
            },
            {
                "id": "100093421013310",
                "count": 0
            },
            {
                "id": "61556885406776",
                "count": 0
            },
            {
                "id": "100063453984857",
                "count": 0
            },
            {
                "id": "100013937163447",
                "count": 0
            },
            {
                "id": "100034801764187",
                "count": 0
            },
            {
                "id": "100080714927170",
                "count": 0
            },
            {
                "id": "100052248035007",
                "count": 0
            },
            {
                "id": "100042215236292",
                "count": 0
            },
            {
                "id": "100089336305430",
                "count": 0
            },
            {
                "id": "100036071297552",
                "count": 0
            },
            {
                "id": "100034327002982",
                "count": 0
            },
            {
                "id": "100081113914154",
                "count": 0
            },
            {
                "id": "100019206381207",
                "count": 0
            },
            {
                "id": "61559320828665",
                "count": 0
            },
            {
                "id": "61558117404405",
                "count": 0
            },
            {
                "id": "100041544143666",
                "count": 0
            },
            {
                "id": "100031586976936",
                "count": 0
            },
            {
                "id": "100081073868309",
                "count": 0
            },
            {
                "id": "100052658871431",
                "count": 0
            },
            {
                "id": "100037234838883",
                "count": 0
            },
            {
                "id": "100064999847632",
                "count": 0
            },
            {
                "id": "61553428605286",
                "count": 0
            },
            {
                "id": "61555243865684",
                "count": 0
            },
            {
                "id": "100073148176305",
                "count": 0
            },
            {
                "id": "100073682359420",
                "count": 0
            },
            {
                "id": "100046292103991",
                "count": 0
            },
            {
                "id": "100029399746919",
                "count": 0
            },
            {
                "id": "100029223124450",
                "count": 0
            },
            {
                "id": "100087310626515",
                "count": 0
            },
            {
                "id": "100013256611278",
                "count": 0
            },
            {
                "id": "100080294643237",
                "count": 0
            },
            {
                "id": "100084260606796",
                "count": 0
            },
            {
                "id": "100073720928422",
                "count": 0
            },
            {
                "id": "61550346462562",
                "count": 0
            },
            {
                "id": "100065340383515",
                "count": 0
            },
            {
                "id": "61554692163129",
                "count": 0
            },
            {
                "id": "100037712326266",
                "count": 0
            }
        ],
        "week": [
            {
                "id": "100062422727195",
                "count": 0
            },
            {
                "id": "61559079650241",
                "count": 0
            },
            {
                "id": "100038949934558",
                "count": 0
            },
            {
                "id": "100041992714333",
                "count": 0
            },
            {
                "id": "61561530282324",
                "count": 0
            },
            {
                "id": "61554737141168",
                "count": 0
            },
            {
                "id": "100006235235721",
                "count": 0
            },
            {
                "id": "100051666585272",
                "count": 0
            },
            {
                "id": "100030332872879",
                "count": 0
            },
            {
                "id": "61561027703105",
                "count": 0
            },
            {
                "id": "100007764540562",
                "count": 0
            },
            {
                "id": "100087490407904",
                "count": 0
            },
            {
                "id": "100093421013310",
                "count": 0
            },
            {
                "id": "61556885406776",
                "count": 0
            },
            {
                "id": "100063453984857",
                "count": 0
            },
            {
                "id": "100013937163447",
                "count": 0
            },
            {
                "id": "100034801764187",
                "count": 0
            },
            {
                "id": "100080714927170",
                "count": 0
            },
            {
                "id": "100052248035007",
                "count": 0
            },
            {
                "id": "100042215236292",
                "count": 0
            },
            {
                "id": "100089336305430",
                "count": 0
            },
            {
                "id": "100036071297552",
                "count": 0
            },
            {
                "id": "100034327002982",
                "count": 0
            },
            {
                "id": "100081113914154",
                "count": 0
            },
            {
                "id": "100019206381207",
                "count": 0
            },
            {
                "id": "61559320828665",
                "count": 0
            },
            {
                "id": "61558117404405",
                "count": 0
            },
            {
                "id": "100041544143666",
                "count": 0
            },
            {
                "id": "100031586976936",
                "count": 0
            },
            {
                "id": "100081073868309",
                "count": 0
            },
            {
                "id": "100052658871431",
                "count": 0
            },
            {
                "id": "100037234838883",
                "count": 0
            },
            {
                "id": "100064999847632",
                "count": 0
            },
            {
                "id": "61553428605286",
                "count": 0
            },
            {
                "id": "61555243865684",
                "count": 0
            },
            {
                "id": "100073148176305",
                "count": 0
            },
            {
                "id": "100073682359420",
                "count": 0
            },
            {
                "id": "100046292103991",
                "count": 0
            },
            {
                "id": "100029399746919",
                "count": 0
            },
            {
                "id": "100029223124450",
                "count": 0
            },
            {
                "id": "100087310626515",
                "count": 0
            },
            {
                "id": "100013256611278",
                "count": 0
            },
            {
                "id": "100080294643237",
                "count": 0
            },
            {
                "id": "100084260606796",
                "count": 0
            },
            {
                "id": "100073720928422",
                "count": 0
            },
            {
                "id": "61550346462562",
                "count": 0
            },
            {
                "id": "100065340383515",
                "count": 0
            },
            {
                "id": "61554692163129",
                "count": 0
            },
            {
                "id": "100037712326266",
                "count": 0
            }
        ]
    }
}