{
    "total": [
        {
            "id": "685760301",
            "count": 0
        },
        {
            "id": "100093051642489",
            "count": 0
        },
        {
            "id": "100038740121428",
            "count": 0
        },
        {
            "id": "1423443847",
            "count": 0
        },
        {
            "id": "61566383138932",
            "count": 0
        },
        {
            "id": "61566841048882",
            "count": 0
        },
        {
            "id": "61566431324194",
            "count": 0
        },
        {
            "id": "61565176111062",
            "count": 0
        },
        {
            "id": "61564399060562",
            "count": 0
        },
        {
            "id": "61566641946321",
            "count": 0
        },
        {
            "id": "61566898497642",
            "count": 0
        },
        {
            "id": "61564659904051",
            "count": 0
        },
        {
            "id": "61566857483409",
            "count": 0
        },
        {
            "id": "61555625227297",
            "count": 0
        },
        {
            "id": "100037780020873",
            "count": 0
        },
        {
            "id": "61566936841819",
            "count": 0
        },
        {
            "id": "61562716052902",
            "count": 0
        },
        {
            "id": "61565823241744",
            "count": 0
        },
        {
            "id": "61561828030943",
            "count": 0
        },
        {
            "id": "100084035917282",
            "count": 0
        },
        {
            "id": "61565047375172",
            "count": 0
        },
        {
            "id": "100027235671794",
            "count": 0
        },
        {
            "id": "61566885116884",
            "count": 0
        },
        {
            "id": "100069975345793",
            "count": 0
        },
        {
            "id": "100083174347639",
            "count": 0
        },
        {
            "id": "61562439355061",
            "count": 0
        },
        {
            "id": "61567081706211",
            "count": 0
        },
        {
            "id": "100090200289460",
            "count": 0
        },
        {
            "id": "61567157184361",
            "count": 0
        },
        {
            "id": "61566704561733",
            "count": 0
        },
        {
            "id": "1594755881",
            "count": 0
        },
        {
            "id": "61565466364156",
            "count": 0
        },
        {
            "id": "61552212302400",
            "count": 0
        },
        {
            "id": "100002622022245",
            "count": 0
        },
        {
            "id": "61566921965546",
            "count": 0
        },
        {
            "id": "61567124368491",
            "count": 0
        },
        {
            "id": "100000044832822",
            "count": 0
        },
        {
            "id": "100000444688227",
            "count": 0
        },
        {
            "id": "100002807343997",
            "count": 0
        },
        {
            "id": "100073763480585",
            "count": 0
        },
        {
            "id": "61564114700108",
            "count": 0
        },
        {
            "id": "100020908143321",
            "count": 0
        },
        {
            "id": "100000493975005",
            "count": 0
        },
        {
            "id": "61555809030974",
            "count": 0
        },
        {
            "id": "61566455634297",
            "count": 0
        },
        {
            "id": "100087793942073",
            "count": 0
        },
        {
            "id": "61566474384050",
            "count": 0
        },
        {
            "id": "61565597397535",
            "count": 0
        },
        {
            "id": "100002151475900",
            "count": 0
        },
        {
            "id": "100004040697986",
            "count": 0
        },
        {
            "id": "61566430434709",
            "count": 0
        },
        {
            "id": "100001975911124",
            "count": 0
        },
        {
            "id": "1774621493",
            "count": 0
        },
        {
            "id": "1611184938",
            "count": 0
        },
        {
            "id": "100002626203026",
            "count": 0
        },
        {
            "id": "100013084027662",
            "count": 0
        },
        {
            "id": "100075302427263",
            "count": 0
        },
        {
            "id": "100053946896698",
            "count": 0
        },
        {
            "id": "100053567149574",
            "count": 0
        },
        {
            "id": "100006758440131",
            "count": 0
        },
        {
            "id": "100092744481406",
            "count": 0
        },
        {
            "id": "502275138",
            "count": 0
        },
        {
            "id": "100074278195157",
            "count": 0
        },
        {
            "id": "100027248830437",
            "count": 0
        },
        {
            "id": "537846897",
            "count": 0
        },
        {
            "id": "100001580096211",
            "count": 0
        },
        {
            "id": "61555019644275",
            "count": 0
        },
        {
            "id": "100082668132301",
            "count": 0
        },
        {
            "id": "100069864945865",
            "count": 0
        },
        {
            "id": "61567274934106",
            "count": 0
        },
        {
            "id": "100040761302134",
            "count": 0
        },
        {
            "id": "100039201377129",
            "count": 0
        },
        {
            "id": "100008306777831",
            "count": 2
        },
        {
            "id": "61566775231600",
            "count": 0
        },
        {
            "id": "61567473862091",
            "count": 0
        },
        {
            "id": "100016902993981",
            "count": 0
        },
        {
            "id": "1614721537",
            "count": 0
        },
        {
            "id": "61566466950227",
            "count": 0
        },
        {
            "id": "61567130211824",
            "count": 0
        },
        {
            "id": "61567300380018",
            "count": 0
        },
        {
            "id": "100006824310575",
            "count": 0
        },
        {
            "id": "61562206563697",
            "count": 0
        },
        {
            "id": "61565208224048",
            "count": 0
        },
        {
            "id": "61566928122586",
            "count": 0
        },
        {
            "id": "61566502353482",
            "count": 0
        },
        {
            "id": "61566857091398",
            "count": 0
        },
        {
            "id": "100085010805437",
            "count": 0
        },
        {
            "id": "61567338891597",
            "count": 0
        },
        {
            "id": "61566485380040",
            "count": 0
        },
        {
            "id": "61560180315037",
            "count": 0
        },
        {
            "id": "61566131050749",
            "count": 0
        },
        {
            "id": "61567261443793",
            "count": 0
        },
        {
            "id": "1162050272",
            "count": 0
        },
        {
            "id": "61557561197601",
            "count": 0
        },
        {
            "id": "61567112308335",
            "count": 0
        },
        {
            "id": "61561783183191",
            "count": 4
        },
        {
            "id": "61566774304179",
            "count": 0
        },
        {
            "id": "61565702502178",
            "count": 0
        },
        {
            "id": "100027274759030",
            "count": 0
        },
        {
            "id": "100075784943859",
            "count": 0
        },
        {
            "id": "100002896167413",
            "count": 0
        },
        {
            "id": "61567271426689",
            "count": 0
        },
        {
            "id": "61550038751053",
            "count": 0
        },
        {
            "id": "61567571877156",
            "count": 0
        },
        {
            "id": "100004366982560",
            "count": 0
        },
        {
            "id": "61567005466737",
            "count": 0
        },
        {
            "id": "61553694694771",
            "count": 0
        },
        {
            "id": "61565875565687",
            "count": 0
        },
        {
            "id": "61567301072062",
            "count": 0
        },
        {
            "id": "68126864",
            "count": 0
        },
        {
            "id": "100001624277957",
            "count": 0
        },
        {
            "id": "100087128565622",
            "count": 0
        },
        {
            "id": "1489675800",
            "count": 0
        },
        {
            "id": "100037211391552",
            "count": 0
        },
        {
            "id": "100071001638293",
            "count": 0
        },
        {
            "id": "100060894693968",
            "count": 0
        },
        {
            "id": "100071768980176",
            "count": 0
        },
        {
            "id": "100055154154050",
            "count": 0
        },
        {
            "id": "61555712670336",
            "count": 2
        },
        {
            "id": "61562621512622",
            "count": 0
        },
        {
            "id": "100013726992007",
            "count": 0
        },
        {
            "id": "100005539716538",
            "count": 0
        },
        {
            "id": "100071295286104",
            "count": 0
        },
        {
            "id": "100041343811535",
            "count": 0
        },
        {
            "id": "100083205727767",
            "count": 0
        },
        {
            "id": "61565978952534",
            "count": 0
        },
        {
            "id": "61550962658401",
            "count": 0
        },
        {
            "id": "61557971303036",
            "count": 0
        },
        {
            "id": "100077018405888",
            "count": 0
        },
        {
            "id": "61567506869039",
            "count": 0
        },
        {
            "id": "100077340322638",
            "count": 0
        },
        {
            "id": "61556010612021",
            "count": 0
        },
        {
            "id": "61563877040633",
            "count": 2
        },
        {
            "id": "61567772992787",
            "count": 0
        },
        {
            "id": "61567375086993",
            "count": 0
        },
        {
            "id": "61566507296411",
            "count": 0
        },
        {
            "id": "100083076954620",
            "count": 0
        }
    ],
    "week": [
        {
            "id": "685760301",
            "count": 0,
            "name": "Người dùng Facebook"
        },
        {
            "id": "100093051642489",
            "count": 0,
            "name": "Đỗ Hải Phong"
        },
        {
            "id": "100038740121428",
            "count": 0,
            "name": "Duy メ"
        },
        {
            "id": "1423443847",
            "count": 0,
            "name": "Người dùng Facebook"
        },
        {
            "id": "61566383138932",
            "count": 0,
            "name": "KyPhan Crush Cát Tường"
        },
        {
            "id": "61566841048882",
            "count": 0,
            "name": "Hoa Thai"
        },
        {
            "id": "61566431324194",
            "count": 0,
            "name": "メ Kiên"
        },
        {
            "id": "61565176111062",
            "count": 0,
            "name": "An丨Huỳnhᶻz"
        },
        {
            "id": "61564399060562",
            "count": 0,
            "name": "ʬʬNg Hoangʬʬ ANH　DA　RAT　NHO　EM　RAT　NHO　EM　CHANG　THE　NAO　GIU　EM　LAI　BAN　NGAY　VUI　VE　BAN　DEM　BUON　CHAN　BOI　VI　ANH　CON　YEU　EM　RAT　NHIU　ANH　HET　CO　HOI　BEEN　CANH　EM　ROI　ANH　KHONG　CO　EM　ANH　KHONG　BIET　LAM　SAO　CHO　HET　BUON　ANH　YEU　EM　ANH　DA　RAT　NHO　EM　RAT　NHO　EM　CHANG　THE　NAO　GIU　EM　LAI　BAN　NGAY　VUI　VE　BAN　DEM - X"
        },
        {
            "id": "61566641946321",
            "count": 0,
            "name": "ᏮᏮᏮᏮᏮ  ᏮᏮᏮᏮᏮ"
        },
        {
            "id": "61566898497642",
            "count": 0,
            "name": "ꔰꔰꔰ ꕤꕤꕤ ꕺꕺꕺ"
        },
        {
            "id": "61564659904051",
            "count": 0,
            "name": "Thaaki Itatsuki"
        },
        {
            "id": "61566857483409",
            "count": 0,
            "name": "Người dùng Facebook"
        },
        {
            "id": "61555625227297",
            "count": 0,
            "name": "Joon Young"
        },
        {
            "id": "100037780020873",
            "count": 0,
            "name": "VU  Như Quỳnh"
        },
        {
            "id": "61566936841819",
            "count": 0,
            "name": "KyPhanDev.Sbs"
        },
        {
            "id": "61562716052902",
            "count": 0,
            "name": "O.o T.T O.o T.T O.o T.T O.o T.T O.o T.T O.o T.T O.o T.T O.o T.T O.o T.T O.o T.T O.o T.T O.o T.T O.o T.T O.o T.T O.o T.T O.o T.T O.o T.T O.o T.T O.o T.T O.o T.T O.o T.T O.o T.T O.o T.T O.o T.T O.o T.T O.o T.T O.o T.T O.o T.T O.o T.T O.o T.T O.o T.T O.o T.T O.o T.T O.o T.T O.o T.T O.o T.T O.o T.T O.o T.T O.o T.T O.o T.T O.o T.T O.o T.T O.o T.T O.o T.T O.o T.T O.o T.T O.o T.T"
        },
        {
            "id": "61565823241744",
            "count": 0,
            "name": "Lê Văn Hoàng"
        },
        {
            "id": "61561828030943",
            "count": 0,
            "name": "Trạch Trạch"
        },
        {
            "id": "100084035917282",
            "count": 0,
            "name": "Ken Yeuem"
        },
        {
            "id": "61565047375172",
            "count": 0,
            "name": "Lai Minh Hiền"
        },
        {
            "id": "100027235671794",
            "count": 0,
            "name": "Người dùng Facebook"
        },
        {
            "id": "61566885116884",
            "count": 0,
            "name": "Người dùng Facebook"
        },
        {
            "id": "100069975345793",
            "count": 0,
            "name": "Người dùng Facebook"
        },
        {
            "id": "100083174347639",
            "count": 0,
            "name": "Nguyễn Đức Bình✅"
        },
        {
            "id": "61562439355061",
            "count": 0,
            "name": "Người dùng Facebook"
        },
        {
            "id": "61567081706211",
            "count": 0,
            "name": "Người dùng Facebook"
        },
        {
            "id": "100090200289460",
            "count": 0,
            "name": "Ken Yeuem"
        },
        {
            "id": "61567157184361",
            "count": 0,
            "name": "Người dùng Facebook"
        },
        {
            "id": "61566704561733",
            "count": 0,
            "name": "Pha Ky"
        },
        {
            "id": "1594755881",
            "count": 0,
            "name": "Người dùng Facebook"
        },
        {
            "id": "61565466364156",
            "count": 0,
            "name": "Sanhua Bot"
        },
        {
            "id": "61552212302400",
            "count": 0,
            "name": "Doan D. Thinh"
        },
        {
            "id": "100002622022245",
            "count": 0,
            "name": "Тагир Магир"
        },
        {
            "id": "61566921965546",
            "count": 0,
            "name": "بہۦٰٰوہۭۧت ےٰٰٰٖٖٖ"
        },
        {
            "id": "61567124368491",
            "count": 0,
            "name": "Người dùng Facebook"
        },
        {
            "id": "100000044832822",
            "count": 0,
            "name": "Sonislava Bendová"
        },
        {
            "id": "100000444688227",
            "count": 0,
            "name": "Đinh Sen"
        },
        {
            "id": "100002807343997",
            "count": 0,
            "name": "Tomáš Novák"
        },
        {
            "id": "100073763480585",
            "count": 0,
            "name": "Dương Khang"
        },
        {
            "id": "61564114700108",
            "count": 0,
            "name": "Long メ"
        },
        {
            "id": "100020908143321",
            "count": 0,
            "name": "Đặng Hoài Thanh"
        },
        {
            "id": "100000493975005",
            "count": 0,
            "name": "Nguyễn Đinh Tiến Dũng"
        },
        {
            "id": "61555809030974",
            "count": 0,
            "name": "Hoàng Quyết Tiến"
        },
        {
            "id": "61566455634297",
            "count": 0,
            "name": "Anam Mughal"
        },
        {
            "id": "100087793942073",
            "count": 0,
            "name": "〆 Mina.if 𑄝ᴥ𑄝"
        },
        {
            "id": "61566474384050",
            "count": 0,
            "name": "Người dùng Facebook"
        },
        {
            "id": "61565597397535",
            "count": 0,
            "name": "Skrept YT"
        },
        {
            "id": "100002151475900",
            "count": 0,
            "name": "Người dùng Facebook"
        },
        {
            "id": "100004040697986",
            "count": 0,
            "name": "Người dùng Facebook"
        },
        {
            "id": "61566430434709",
            "count": 0,
            "name": "Veronica Monte"
        },
        {
            "id": "100001975911124",
            "count": 0,
            "name": "Tulo Tancos"
        },
        {
            "id": "1774621493",
            "count": 0,
            "name": "Người dùng Facebook"
        },
        {
            "id": "1611184938",
            "count": 0,
            "name": "Người dùng Facebook"
        },
        {
            "id": "100002626203026",
            "count": 0,
            "name": "Người dùng Facebook"
        },
        {
            "id": "100013084027662",
            "count": 0,
            "name": "Người dùng Facebook"
        },
        {
            "id": "100075302427263",
            "count": 0,
            "name": "Nguyen Huyen My"
        },
        {
            "id": "100053946896698",
            "count": 0,
            "name": "اَریَبَــــّـــہ ِبَلـــّــــوچ"
        },
        {
            "id": "100053567149574",
            "count": 0,
            "name": "Người dùng Facebook"
        },
        {
            "id": "100006758440131",
            "count": 0,
            "name": "Lidia  Fomkina"
        },
        {
            "id": "100092744481406",
            "count": 0,
            "name": "Ng Huy"
        },
        {
            "id": "502275138",
            "count": 0,
            "name": "Phạm Minh Đồng"
        },
        {
            "id": "100074278195157",
            "count": 0,
            "name": "𝒒𝒖𝒐𝒄 𝒅𝒖𝒚 𝒗𝒂 𝒏𝒉𝒖𝒏𝒈 𝒏𝒐𝒊 𝒃𝒖𝒐𝒏"
        },
        {
            "id": "100027248830437",
            "count": 0,
            "name": "Hoàng Nguyễn"
        },
        {
            "id": "537846897",
            "count": 0,
            "name": "Nguyễn Võ Ngọc Hiếu"
        },
        {
            "id": "100001580096211",
            "count": 0,
            "name": "Người dùng Facebook"
        },
        {
            "id": "61555019644275",
            "count": 0,
            "name": "Người dùng Facebook"
        },
        {
            "id": "100082668132301",
            "count": 0,
            "name": "Ngọc Lợi"
        },
        {
            "id": "100069864945865",
            "count": 0,
            "name": "Đặng Văn Lịnh"
        },
        {
            "id": "61567274934106",
            "count": 0,
            "name": "Trần Hùng"
        },
        {
            "id": "100040761302134",
            "count": 0,
            "name": "Minh  Đức 󱢏"
        },
        {
            "id": "100039201377129",
            "count": 0,
            "name": "Azigg Twn"
        },
        {
            "id": "100008306777831",
            "count": 0,
            "name": "Albert Bielak"
        },
        {
            "id": "61566775231600",
            "count": 0,
            "name": "Aurora A."
        },
        {
            "id": "61567473862091",
            "count": 0,
            "name": "Người dùng Facebook"
        },
        {
            "id": "100016902993981",
            "count": 0,
            "name": "Người dùng Facebook"
        },
        {
            "id": "1614721537",
            "count": 0,
            "name": "Edgar Nolan"
        },
        {
            "id": "61566466950227",
            "count": 0,
            "name": "বৃ্ঁহুৃ্ঁ রুৃ্ঁপীৃ্ঁ"
        },
        {
            "id": "61567130211824",
            "count": 0,
            "name": "حہبہة فہراز"
        },
        {
            "id": "61567300380018",
            "count": 0,
            "name": "Người dùng Facebook"
        },
        {
            "id": "100006824310575",
            "count": 0,
            "name": "ʬʬKien Dzʬʬ SAI　GON　HOM　NAY　MUA　DUONG　NHU　CO　AI　BAT　KHOC　VI　NHO　NGUOI　NOI　CHON　NAO　CHO　MOT　NGAY　NGUOI　TA　CHO　VE　DE　NOI　LOI　HUA　TU　LAU　MA　AI　NO　QUEN　CHI　CAU　MONG　MUA　NGUNG　ROI　MA　DUONG　NHU　MUA　NGUNG　ROI　ANH　CUNG　TAN　MAT - VIII"
        },
        {
            "id": "61562206563697",
            "count": 0,
            "name": "ᏎᏎᏎ ᏎᏎᏎ"
        },
        {
            "id": "61565208224048",
            "count": 0,
            "name": "Người dùng Facebook"
        },
        {
            "id": "61566928122586",
            "count": 0,
            "name": "Người dùng Facebook"
        },
        {
            "id": "61566502353482",
            "count": 0,
            "name": "Người dùng Facebook"
        },
        {
            "id": "61566857091398",
            "count": 0,
            "name": "Người dùng Facebook"
        },
        {
            "id": "100085010805437",
            "count": 0,
            "name": "Người dùng Facebook"
        },
        {
            "id": "61567338891597",
            "count": 0,
            "name": "Lê Hậu"
        },
        {
            "id": "61566485380040",
            "count": 0,
            "name": "Người dùng Facebook"
        },
        {
            "id": "61560180315037",
            "count": 0,
            "name": "Azzig ️️️️️️️️️️️️️️️️️️️️️️️️️️️️️️️️️️️️️️️️️️️️️️️️️️️️️️️️️️️️️️️️️️️️️️️️️️️️️️️️️️️️️"
        },
        {
            "id": "61566131050749",
            "count": 0,
            "name": "Bot Ken"
        },
        {
            "id": "61567261443793",
            "count": 0,
            "name": "Người dùng Facebook"
        },
        {
            "id": "1162050272",
            "count": 0,
            "name": "𝑫𝒖̃𝒏𝒈 𝑵𝒈𝒖𝒚𝒆̂̃𝒏"
        },
        {
            "id": "61557561197601",
            "count": 0,
            "name": "Người dùng Facebook"
        },
        {
            "id": "61567112308335",
            "count": 0,
            "name": "Người dùng Facebook"
        },
        {
            "id": "61561783183191",
            "count": 0,
            "name": "一﹕ yliz.ins・み"
        },
        {
            "id": "61566774304179",
            "count": 0,
            "name": "Ngu Minh"
        },
        {
            "id": "61565702502178",
            "count": 0,
            "name": "Nguyen My"
        },
        {
            "id": "100027274759030",
            "count": 0,
            "name": "Lại Mình Hien Hien"
        },
        {
            "id": "100075784943859",
            "count": 0,
            "name": "An Huỳnh"
        },
        {
            "id": "100002896167413",
            "count": 0,
            "name": "Hạnh　Phúc　Có　Thể　Bỏ　Rơi　Anh　 Nhưng Anh　Không　Bao　Giờ　Bỏ　Rơi　Em"
        },
        {
            "id": "61567271426689",
            "count": 0,
            "name": "Người dùng Facebook"
        },
        {
            "id": "61550038751053",
            "count": 0,
            "name": "Khanh My"
        },
        {
            "id": "61567571877156",
            "count": 0,
            "name": "Người dùng Facebook"
        },
        {
            "id": "100004366982560",
            "count": 0,
            "name": " Đoàn Văn Hậu"
        },
        {
            "id": "61567005466737",
            "count": 0,
            "name": "Người dùng Facebook"
        },
        {
            "id": "61553694694771",
            "count": 0,
            "name": "Hwi Gia"
        },
        {
            "id": "61565875565687",
            "count": 0,
            "name": "Hoang Nhi"
        },
        {
            "id": "61567301072062",
            "count": 0,
            "name": "Ketty Pretty"
        },
        {
            "id": "68126864",
            "count": 0,
            "name": "Ng Viet Hoang"
        },
        {
            "id": "100001624277957",
            "count": 0,
            "name": "Chú Bé Đần"
        },
        {
            "id": "100087128565622",
            "count": 0,
            "name": "Tiềncóthểmất Còn Emthìkhông"
        },
        {
            "id": "1489675800",
            "count": 0,
            "name": "Đức Ryo"
        },
        {
            "id": "100037211391552",
            "count": 0,
            "name": "Heo Rừng"
        },
        {
            "id": "100071001638293",
            "count": 0,
            "name": "Tuấn Hưng"
        },
        {
            "id": "100060894693968",
            "count": 0,
            "name": "Lê Minh Tiến"
        },
        {
            "id": "100071768980176",
            "count": 0,
            "name": "Hoàng Xuân Thành ✓"
        },
        {
            "id": "100055154154050",
            "count": 0,
            "name": "Võ N-đăng"
        },
        {
            "id": "61555712670336",
            "count": 0,
            "name": "Nguyễn Việt Hoàng"
        },
        {
            "id": "61562621512622",
            "count": 0,
            "name": "Bat Nè ꪜ"
        },
        {
            "id": "100013726992007",
            "count": 0,
            "name": "Huy Lê"
        },
        {
            "id": "100005539716538",
            "count": 0,
            "name": "Nguyễn Ngọc Sơn"
        },
        {
            "id": "100071295286104",
            "count": 0,
            "name": "Azure Lunar Pham"
        },
        {
            "id": "100041343811535",
            "count": 0,
            "name": "Quốc Vòng"
        },
        {
            "id": "100083205727767",
            "count": 0,
            "name": "Văn Tài 🧸💤 "
        },
        {
            "id": "61565978952534",
            "count": 0,
            "name": "Bố Trùm Meta"
        },
        {
            "id": "61550962658401",
            "count": 0,
            "name": "Nguyễn Ngọc Khánh"
        },
        {
            "id": "61557971303036",
            "count": 0,
            "name": "私はあなたを愛 しています"
        },
        {
            "id": "100077018405888",
            "count": 0,
            "name": "Người dùng Facebook"
        },
        {
            "id": "61567506869039",
            "count": 0,
            "name": "Ly Khánh"
        },
        {
            "id": "100077340322638",
            "count": 0,
            "name": "Joshing Joshua"
        },
        {
            "id": "61556010612021",
            "count": 0,
            "name": "Ank Là Minh Hoàng"
        },
        {
            "id": "61563877040633",
            "count": 0,
            "name": "Minh"
        },
        {
            "id": "61567772992787",
            "count": 0,
            "name": "Anshi Rajput"
        },
        {
            "id": "61567375086993",
            "count": 0,
            "name": "Van Nguyen Hottreo"
        },
        {
            "id": "61566507296411",
            "count": 0,
            "name": "Trai Dp Nam Ki"
        },
        {
            "id": "100083076954620",
            "count": 0,
            "name": "Anshika Rajput"
        }
    ],
    "day": [
        {
            "id": "685760301",
            "count": 0,
            "name": "Người dùng Facebook"
        },
        {
            "id": "100093051642489",
            "count": 0,
            "name": "Đỗ Hải Phong"
        },
        {
            "id": "100038740121428",
            "count": 0,
            "name": "Duy メ"
        },
        {
            "id": "1423443847",
            "count": 0,
            "name": "Người dùng Facebook"
        },
        {
            "id": "61566383138932",
            "count": 0,
            "name": "KyPhan Crush Cát Tường"
        },
        {
            "id": "61566841048882",
            "count": 0,
            "name": "Hoa Thai"
        },
        {
            "id": "61566431324194",
            "count": 0,
            "name": "メ Kiên"
        },
        {
            "id": "61565176111062",
            "count": 0,
            "name": "An丨Huỳnhᶻz"
        },
        {
            "id": "61564399060562",
            "count": 0,
            "name": "ʬʬNg Hoangʬʬ ANH　DA　RAT　NHO　EM　RAT　NHO　EM　CHANG　THE　NAO　GIU　EM　LAI　BAN　NGAY　VUI　VE　BAN　DEM　BUON　CHAN　BOI　VI　ANH　CON　YEU　EM　RAT　NHIU　ANH　HET　CO　HOI　BEEN　CANH　EM　ROI　ANH　KHONG　CO　EM　ANH　KHONG　BIET　LAM　SAO　CHO　HET　BUON　ANH　YEU　EM　ANH　DA　RAT　NHO　EM　RAT　NHO　EM　CHANG　THE　NAO　GIU　EM　LAI　BAN　NGAY　VUI　VE　BAN　DEM - X"
        },
        {
            "id": "61566641946321",
            "count": 0,
            "name": "ᏮᏮᏮᏮᏮ  ᏮᏮᏮᏮᏮ"
        },
        {
            "id": "61566898497642",
            "count": 0,
            "name": "ꔰꔰꔰ ꕤꕤꕤ ꕺꕺꕺ"
        },
        {
            "id": "61564659904051",
            "count": 0,
            "name": "Thaaki Itatsuki"
        },
        {
            "id": "61566857483409",
            "count": 0,
            "name": "Người dùng Facebook"
        },
        {
            "id": "61555625227297",
            "count": 0,
            "name": "Joon Young"
        },
        {
            "id": "100037780020873",
            "count": 0,
            "name": "VU  Như Quỳnh"
        },
        {
            "id": "61566936841819",
            "count": 0,
            "name": "KyPhanDev.Sbs"
        },
        {
            "id": "61562716052902",
            "count": 0,
            "name": "O.o T.T O.o T.T O.o T.T O.o T.T O.o T.T O.o T.T O.o T.T O.o T.T O.o T.T O.o T.T O.o T.T O.o T.T O.o T.T O.o T.T O.o T.T O.o T.T O.o T.T O.o T.T O.o T.T O.o T.T O.o T.T O.o T.T O.o T.T O.o T.T O.o T.T O.o T.T O.o T.T O.o T.T O.o T.T O.o T.T O.o T.T O.o T.T O.o T.T O.o T.T O.o T.T O.o T.T O.o T.T O.o T.T O.o T.T O.o T.T O.o T.T O.o T.T O.o T.T O.o T.T O.o T.T O.o T.T O.o T.T"
        },
        {
            "id": "61565823241744",
            "count": 0,
            "name": "Lê Văn Hoàng"
        },
        {
            "id": "61561828030943",
            "count": 0,
            "name": "Trạch Trạch"
        },
        {
            "id": "100084035917282",
            "count": 0,
            "name": "Ken Yeuem"
        },
        {
            "id": "61565047375172",
            "count": 0,
            "name": "Lai Minh Hiền"
        },
        {
            "id": "100027235671794",
            "count": 0,
            "name": "Người dùng Facebook"
        },
        {
            "id": "61566885116884",
            "count": 0,
            "name": "Người dùng Facebook"
        },
        {
            "id": "100069975345793",
            "count": 0,
            "name": "Người dùng Facebook"
        },
        {
            "id": "100083174347639",
            "count": 0,
            "name": "Nguyễn Đức Bình✅"
        },
        {
            "id": "61562439355061",
            "count": 0,
            "name": "Người dùng Facebook"
        },
        {
            "id": "61567081706211",
            "count": 0,
            "name": "Người dùng Facebook"
        },
        {
            "id": "100090200289460",
            "count": 0,
            "name": "Ken Yeuem"
        },
        {
            "id": "61567157184361",
            "count": 0,
            "name": "Người dùng Facebook"
        },
        {
            "id": "61566704561733",
            "count": 0,
            "name": "Pha Ky"
        },
        {
            "id": "1594755881",
            "count": 0,
            "name": "Người dùng Facebook"
        },
        {
            "id": "61565466364156",
            "count": 0,
            "name": "Sanhua Bot"
        },
        {
            "id": "61552212302400",
            "count": 0,
            "name": "Doan D. Thinh"
        },
        {
            "id": "100002622022245",
            "count": 0,
            "name": "Тагир Магир"
        },
        {
            "id": "61566921965546",
            "count": 0,
            "name": "بہۦٰٰوہۭۧت ےٰٰٰٖٖٖ"
        },
        {
            "id": "61567124368491",
            "count": 0,
            "name": "Người dùng Facebook"
        },
        {
            "id": "100000044832822",
            "count": 0,
            "name": "Sonislava Bendová"
        },
        {
            "id": "100000444688227",
            "count": 0,
            "name": "Đinh Sen"
        },
        {
            "id": "100002807343997",
            "count": 0,
            "name": "Tomáš Novák"
        },
        {
            "id": "100073763480585",
            "count": 0,
            "name": "Dương Khang"
        },
        {
            "id": "61564114700108",
            "count": 0,
            "name": "Long メ"
        },
        {
            "id": "100020908143321",
            "count": 0,
            "name": "Đặng Hoài Thanh"
        },
        {
            "id": "100000493975005",
            "count": 0,
            "name": "Nguyễn Đinh Tiến Dũng"
        },
        {
            "id": "61555809030974",
            "count": 0,
            "name": "Hoàng Quyết Tiến"
        },
        {
            "id": "61566455634297",
            "count": 0,
            "name": "Anam Mughal"
        },
        {
            "id": "100087793942073",
            "count": 0,
            "name": "〆 Mina.if 𑄝ᴥ𑄝"
        },
        {
            "id": "61566474384050",
            "count": 0,
            "name": "Người dùng Facebook"
        },
        {
            "id": "61565597397535",
            "count": 0,
            "name": "Skrept YT"
        },
        {
            "id": "100002151475900",
            "count": 0,
            "name": "Người dùng Facebook"
        },
        {
            "id": "100004040697986",
            "count": 0,
            "name": "Người dùng Facebook"
        },
        {
            "id": "61566430434709",
            "count": 0,
            "name": "Veronica Monte"
        },
        {
            "id": "100001975911124",
            "count": 0,
            "name": "Tulo Tancos"
        },
        {
            "id": "1774621493",
            "count": 0,
            "name": "Người dùng Facebook"
        },
        {
            "id": "1611184938",
            "count": 0,
            "name": "Người dùng Facebook"
        },
        {
            "id": "100002626203026",
            "count": 0,
            "name": "Người dùng Facebook"
        },
        {
            "id": "100013084027662",
            "count": 0,
            "name": "Người dùng Facebook"
        },
        {
            "id": "100075302427263",
            "count": 0,
            "name": "Nguyen Huyen My"
        },
        {
            "id": "100053946896698",
            "count": 0,
            "name": "اَریَبَــــّـــہ ِبَلـــّــــوچ"
        },
        {
            "id": "100053567149574",
            "count": 0,
            "name": "Người dùng Facebook"
        },
        {
            "id": "100006758440131",
            "count": 0,
            "name": "Lidia  Fomkina"
        },
        {
            "id": "100092744481406",
            "count": 0,
            "name": "Ng Huy"
        },
        {
            "id": "502275138",
            "count": 0,
            "name": "Phạm Minh Đồng"
        },
        {
            "id": "100074278195157",
            "count": 0,
            "name": "𝒒𝒖𝒐𝒄 𝒅𝒖𝒚 𝒗𝒂 𝒏𝒉𝒖𝒏𝒈 𝒏𝒐𝒊 𝒃𝒖𝒐𝒏"
        },
        {
            "id": "100027248830437",
            "count": 0,
            "name": "Hoàng Nguyễn"
        },
        {
            "id": "537846897",
            "count": 0,
            "name": "Nguyễn Võ Ngọc Hiếu"
        },
        {
            "id": "100001580096211",
            "count": 0,
            "name": "Người dùng Facebook"
        },
        {
            "id": "61555019644275",
            "count": 0,
            "name": "Người dùng Facebook"
        },
        {
            "id": "100082668132301",
            "count": 0,
            "name": "Ngọc Lợi"
        },
        {
            "id": "100069864945865",
            "count": 0,
            "name": "Đặng Văn Lịnh"
        },
        {
            "id": "61567274934106",
            "count": 0,
            "name": "Trần Hùng"
        },
        {
            "id": "100040761302134",
            "count": 0,
            "name": "Minh  Đức 󱢏"
        },
        {
            "id": "100039201377129",
            "count": 0,
            "name": "Azigg Twn"
        },
        {
            "id": "100008306777831",
            "count": 0,
            "name": "Người dùng Facebook"
        },
        {
            "id": "61566775231600",
            "count": 0,
            "name": "Aurora A."
        },
        {
            "id": "61567473862091",
            "count": 0,
            "name": "Người dùng Facebook"
        },
        {
            "id": "100016902993981",
            "count": 0,
            "name": "Người dùng Facebook"
        },
        {
            "id": "1614721537",
            "count": 0,
            "name": "Edgar Nolan"
        },
        {
            "id": "61566466950227",
            "count": 0,
            "name": "বৃ্ঁহুৃ্ঁ রুৃ্ঁপীৃ্ঁ"
        },
        {
            "id": "61567130211824",
            "count": 0,
            "name": "حہبہة فہراز"
        },
        {
            "id": "61567300380018",
            "count": 0,
            "name": "Người dùng Facebook"
        },
        {
            "id": "100006824310575",
            "count": 0,
            "name": "ʬʬKien Dzʬʬ SAI　GON　HOM　NAY　MUA　DUONG　NHU　CO　AI　BAT　KHOC　VI　NHO　NGUOI　NOI　CHON　NAO　CHO　MOT　NGAY　NGUOI　TA　CHO　VE　DE　NOI　LOI　HUA　TU　LAU　MA　AI　NO　QUEN　CHI　CAU　MONG　MUA　NGUNG　ROI　MA　DUONG　NHU　MUA　NGUNG　ROI　ANH　CUNG　TAN　MAT - VIII"
        },
        {
            "id": "61562206563697",
            "count": 0,
            "name": "ᏎᏎᏎ ᏎᏎᏎ"
        },
        {
            "id": "61565208224048",
            "count": 0,
            "name": "Người dùng Facebook"
        },
        {
            "id": "61566928122586",
            "count": 0,
            "name": "Người dùng Facebook"
        },
        {
            "id": "61566502353482",
            "count": 0,
            "name": "Người dùng Facebook"
        },
        {
            "id": "61566857091398",
            "count": 0,
            "name": "Người dùng Facebook"
        },
        {
            "id": "100085010805437",
            "count": 0,
            "name": "Người dùng Facebook"
        },
        {
            "id": "61567338891597",
            "count": 0,
            "name": "Lê Hậu"
        },
        {
            "id": "61566485380040",
            "count": 0,
            "name": "Người dùng Facebook"
        },
        {
            "id": "61560180315037",
            "count": 0,
            "name": "Azzig ️️️️️️️️️️️️️️️️️️️️️️️️️️️️️️️️️️️️️️️️️️️️️️️️️️️️️️️️️️️️️️️️️️️️️️️️️️️️️️️️️️️️️"
        },
        {
            "id": "61566131050749",
            "count": 0,
            "name": "Bot Ken"
        },
        {
            "id": "61567261443793",
            "count": 0,
            "name": "Người dùng Facebook"
        },
        {
            "id": "1162050272",
            "count": 0,
            "name": "𝑫𝒖̃𝒏𝒈 𝑵𝒈𝒖𝒚𝒆̂̃𝒏"
        },
        {
            "id": "61557561197601",
            "count": 0,
            "name": "Người dùng Facebook"
        },
        {
            "id": "61567112308335",
            "count": 0,
            "name": "Người dùng Facebook"
        },
        {
            "id": "61561783183191",
            "count": 0,
            "name": "一﹕ yliz.ins・み"
        },
        {
            "id": "61566774304179",
            "count": 0,
            "name": "Ngu Minh"
        },
        {
            "id": "61565702502178",
            "count": 0,
            "name": "Nguyen My"
        },
        {
            "id": "100027274759030",
            "count": 0,
            "name": "Lại Mình Hien Hien"
        },
        {
            "id": "100075784943859",
            "count": 0,
            "name": "An Huỳnh"
        },
        {
            "id": "100002896167413",
            "count": 0,
            "name": "Hạnh　Phúc　Có　Thể　Bỏ　Rơi　Anh　 Nhưng Anh　Không　Bao　Giờ　Bỏ　Rơi　Em"
        },
        {
            "id": "61567271426689",
            "count": 0,
            "name": "Người dùng Facebook"
        },
        {
            "id": "61550038751053",
            "count": 0,
            "name": "Khanh My"
        },
        {
            "id": "61567571877156",
            "count": 0,
            "name": "Người dùng Facebook"
        },
        {
            "id": "100004366982560",
            "count": 0,
            "name": " Đoàn Văn Hậu"
        },
        {
            "id": "61567005466737",
            "count": 0,
            "name": "Người dùng Facebook"
        },
        {
            "id": "61553694694771",
            "count": 0,
            "name": "Hwi Gia"
        },
        {
            "id": "61565875565687",
            "count": 0,
            "name": "Hoang Nhi"
        },
        {
            "id": "61567301072062",
            "count": 0,
            "name": "Ketty Pretty"
        },
        {
            "id": "68126864",
            "count": 0,
            "name": "Ng Viet Hoang"
        },
        {
            "id": "100001624277957",
            "count": 0,
            "name": "Chú Bé Đần"
        },
        {
            "id": "100087128565622",
            "count": 0,
            "name": "Tiềncóthểmất Còn Emthìkhông"
        },
        {
            "id": "1489675800",
            "count": 0,
            "name": "Đức Ryo"
        },
        {
            "id": "100037211391552",
            "count": 0,
            "name": "Heo Rừng"
        },
        {
            "id": "100071001638293",
            "count": 0,
            "name": "Tuấn Hưng"
        },
        {
            "id": "100060894693968",
            "count": 0,
            "name": "Lê Minh Tiến"
        },
        {
            "id": "100071768980176",
            "count": 0,
            "name": "Hoàng Xuân Thành ✓"
        },
        {
            "id": "100055154154050",
            "count": 0,
            "name": "Võ N-đăng"
        },
        {
            "id": "61555712670336",
            "count": 0,
            "name": "Nguyễn Việt Hoàng"
        },
        {
            "id": "61562621512622",
            "count": 0,
            "name": "Bat Nè ꪜ"
        },
        {
            "id": "100013726992007",
            "count": 0,
            "name": "Huy Lê"
        },
        {
            "id": "100005539716538",
            "count": 0,
            "name": "Nguyễn Ngọc Sơn"
        },
        {
            "id": "100071295286104",
            "count": 0,
            "name": "Azure Lunar Pham"
        },
        {
            "id": "100041343811535",
            "count": 0,
            "name": "Quốc Vòng"
        },
        {
            "id": "100083205727767",
            "count": 0,
            "name": "Văn Tài 🧸💤 "
        },
        {
            "id": "61565978952534",
            "count": 0,
            "name": "Bố Trùm Meta"
        },
        {
            "id": "61550962658401",
            "count": 0,
            "name": "Nguyễn Ngọc Khánh"
        },
        {
            "id": "61557971303036",
            "count": 0,
            "name": "私はあなたを愛 しています"
        },
        {
            "id": "100077018405888",
            "count": 0,
            "name": "Cậu Ba"
        },
        {
            "id": "61567506869039",
            "count": 0,
            "name": "Ly Khánh"
        },
        {
            "id": "100077340322638",
            "count": 0,
            "name": "Joshing Joshua"
        },
        {
            "id": "61556010612021",
            "count": 0,
            "name": "Ank Là Minh Hoàng"
        },
        {
            "id": "61563877040633",
            "count": 0,
            "name": "Minh"
        },
        {
            "id": "61567772992787",
            "count": 0,
            "name": "Anshi Rajput"
        },
        {
            "id": "61567375086993",
            "count": 0,
            "name": "Van Nguyen Hottreo"
        },
        {
            "id": "61566507296411",
            "count": 0,
            "name": "Trai Dp Nam Ki"
        },
        {
            "id": "100083076954620",
            "count": 0,
            "name": "Người dùng Facebook"
        }
    ],
    "time": 6,
    "last": {
        "time": 5,
        "day": [
            {
                "id": "685760301",
                "count": 0
            },
            {
                "id": "100093051642489",
                "count": 0
            },
            {
                "id": "100038740121428",
                "count": 0
            },
            {
                "id": "1423443847",
                "count": 0
            },
            {
                "id": "61566383138932",
                "count": 0
            },
            {
                "id": "61566841048882",
                "count": 0
            },
            {
                "id": "61566431324194",
                "count": 0
            },
            {
                "id": "61565176111062",
                "count": 0
            },
            {
                "id": "61564399060562",
                "count": 0
            },
            {
                "id": "61566641946321",
                "count": 0
            },
            {
                "id": "61566898497642",
                "count": 0
            },
            {
                "id": "61564659904051",
                "count": 0
            },
            {
                "id": "61566857483409",
                "count": 0
            },
            {
                "id": "61555625227297",
                "count": 0
            },
            {
                "id": "100037780020873",
                "count": 0
            },
            {
                "id": "61566936841819",
                "count": 0
            },
            {
                "id": "61562716052902",
                "count": 0
            },
            {
                "id": "61565823241744",
                "count": 0
            },
            {
                "id": "61561828030943",
                "count": 0
            },
            {
                "id": "100084035917282",
                "count": 0
            },
            {
                "id": "61565047375172",
                "count": 0
            },
            {
                "id": "100027235671794",
                "count": 0
            },
            {
                "id": "61566885116884",
                "count": 0
            },
            {
                "id": "100069975345793",
                "count": 0
            },
            {
                "id": "100083174347639",
                "count": 0
            },
            {
                "id": "61562439355061",
                "count": 0
            },
            {
                "id": "61567081706211",
                "count": 0
            },
            {
                "id": "100090200289460",
                "count": 0
            },
            {
                "id": "61567157184361",
                "count": 0
            },
            {
                "id": "61566704561733",
                "count": 0
            },
            {
                "id": "1594755881",
                "count": 0
            },
            {
                "id": "61565466364156",
                "count": 0
            },
            {
                "id": "61552212302400",
                "count": 0
            },
            {
                "id": "100002622022245",
                "count": 0
            },
            {
                "id": "61566921965546",
                "count": 0
            },
            {
                "id": "61567124368491",
                "count": 0
            },
            {
                "id": "100000044832822",
                "count": 0
            },
            {
                "id": "100000444688227",
                "count": 0
            },
            {
                "id": "100002807343997",
                "count": 0
            },
            {
                "id": "100073763480585",
                "count": 0
            },
            {
                "id": "61564114700108",
                "count": 0
            },
            {
                "id": "100020908143321",
                "count": 0
            },
            {
                "id": "100000493975005",
                "count": 0
            },
            {
                "id": "61555809030974",
                "count": 0
            },
            {
                "id": "61566455634297",
                "count": 0
            },
            {
                "id": "100087793942073",
                "count": 0
            },
            {
                "id": "61566474384050",
                "count": 0
            },
            {
                "id": "61565597397535",
                "count": 0
            },
            {
                "id": "100002151475900",
                "count": 0
            },
            {
                "id": "100004040697986",
                "count": 0
            },
            {
                "id": "61566430434709",
                "count": 0
            },
            {
                "id": "100001975911124",
                "count": 0
            },
            {
                "id": "1774621493",
                "count": 0
            },
            {
                "id": "1611184938",
                "count": 0
            },
            {
                "id": "100002626203026",
                "count": 0
            },
            {
                "id": "100013084027662",
                "count": 0
            },
            {
                "id": "100075302427263",
                "count": 0
            },
            {
                "id": "100053946896698",
                "count": 0
            },
            {
                "id": "100053567149574",
                "count": 0
            },
            {
                "id": "100006758440131",
                "count": 0
            },
            {
                "id": "100092744481406",
                "count": 0
            },
            {
                "id": "502275138",
                "count": 0
            },
            {
                "id": "100074278195157",
                "count": 0
            },
            {
                "id": "100027248830437",
                "count": 0
            },
            {
                "id": "537846897",
                "count": 0
            },
            {
                "id": "100001580096211",
                "count": 0
            },
            {
                "id": "61555019644275",
                "count": 0
            },
            {
                "id": "100082668132301",
                "count": 0
            },
            {
                "id": "100069864945865",
                "count": 0
            },
            {
                "id": "61567274934106",
                "count": 0
            },
            {
                "id": "100040761302134",
                "count": 0
            },
            {
                "id": "100039201377129",
                "count": 0
            },
            {
                "id": "100008306777831",
                "count": 0
            },
            {
                "id": "61566775231600",
                "count": 0
            },
            {
                "id": "61567473862091",
                "count": 0
            },
            {
                "id": "100016902993981",
                "count": 0
            },
            {
                "id": "1614721537",
                "count": 0
            },
            {
                "id": "61566466950227",
                "count": 0
            },
            {
                "id": "61567130211824",
                "count": 0
            },
            {
                "id": "61567300380018",
                "count": 0
            },
            {
                "id": "100006824310575",
                "count": 0
            },
            {
                "id": "61562206563697",
                "count": 0
            },
            {
                "id": "61565208224048",
                "count": 0
            },
            {
                "id": "61566928122586",
                "count": 0
            },
            {
                "id": "61566502353482",
                "count": 0
            },
            {
                "id": "61566857091398",
                "count": 0
            },
            {
                "id": "100085010805437",
                "count": 0
            },
            {
                "id": "61567338891597",
                "count": 0
            },
            {
                "id": "61566485380040",
                "count": 0
            },
            {
                "id": "61560180315037",
                "count": 0
            },
            {
                "id": "61566131050749",
                "count": 0
            },
            {
                "id": "61567261443793",
                "count": 0
            },
            {
                "id": "1162050272",
                "count": 0
            },
            {
                "id": "61557561197601",
                "count": 0
            },
            {
                "id": "61567112308335",
                "count": 0
            },
            {
                "id": "61561783183191",
                "count": 0
            },
            {
                "id": "61566774304179",
                "count": 0
            },
            {
                "id": "61565702502178",
                "count": 0
            },
            {
                "id": "100027274759030",
                "count": 0
            },
            {
                "id": "100075784943859",
                "count": 0
            },
            {
                "id": "100002896167413",
                "count": 0
            },
            {
                "id": "61567271426689",
                "count": 0
            },
            {
                "id": "61550038751053",
                "count": 0
            },
            {
                "id": "61567571877156",
                "count": 0
            },
            {
                "id": "100004366982560",
                "count": 0
            },
            {
                "id": "61567005466737",
                "count": 0
            },
            {
                "id": "61553694694771",
                "count": 0
            },
            {
                "id": "61565875565687",
                "count": 0
            },
            {
                "id": "61567301072062",
                "count": 0
            },
            {
                "id": "68126864",
                "count": 0
            },
            {
                "id": "100001624277957",
                "count": 0
            },
            {
                "id": "100087128565622",
                "count": 0
            },
            {
                "id": "1489675800",
                "count": 0
            },
            {
                "id": "100037211391552",
                "count": 0
            },
            {
                "id": "100071001638293",
                "count": 0
            },
            {
                "id": "100060894693968",
                "count": 0
            },
            {
                "id": "100071768980176",
                "count": 0
            },
            {
                "id": "100055154154050",
                "count": 0
            },
            {
                "id": "61555712670336",
                "count": 0
            },
            {
                "id": "61562621512622",
                "count": 0
            },
            {
                "id": "100013726992007",
                "count": 0
            },
            {
                "id": "100005539716538",
                "count": 0
            },
            {
                "id": "100071295286104",
                "count": 0
            },
            {
                "id": "100041343811535",
                "count": 0
            },
            {
                "id": "100083205727767",
                "count": 0
            },
            {
                "id": "61565978952534",
                "count": 0
            },
            {
                "id": "61550962658401",
                "count": 0
            },
            {
                "id": "61557971303036",
                "count": 0
            },
            {
                "id": "100077018405888",
                "count": 0
            },
            {
                "id": "61567506869039",
                "count": 0
            },
            {
                "id": "100077340322638",
                "count": 0
            },
            {
                "id": "61556010612021",
                "count": 0
            },
            {
                "id": "61563877040633",
                "count": 0
            },
            {
                "id": "61567772992787",
                "count": 0
            },
            {
                "id": "100080937364676",
                "count": 0
            },
            {
                "id": "61567375086993",
                "count": 0
            },
            {
                "id": "61566507296411",
                "count": 0
            },
            {
                "id": "100083076954620",
                "count": 0
            }
        ],
        "week": [
            {
                "id": "685760301",
                "count": 0
            },
            {
                "id": "100093051642489",
                "count": 0
            },
            {
                "id": "100038740121428",
                "count": 0
            },
            {
                "id": "1423443847",
                "count": 0
            },
            {
                "id": "61566383138932",
                "count": 0
            },
            {
                "id": "61566841048882",
                "count": 0
            },
            {
                "id": "61566431324194",
                "count": 0
            },
            {
                "id": "61565176111062",
                "count": 0
            },
            {
                "id": "61564399060562",
                "count": 0
            },
            {
                "id": "61566641946321",
                "count": 0
            },
            {
                "id": "61566898497642",
                "count": 0
            },
            {
                "id": "61564659904051",
                "count": 0
            },
            {
                "id": "61566857483409",
                "count": 0
            },
            {
                "id": "61555625227297",
                "count": 0
            },
            {
                "id": "100037780020873",
                "count": 0
            },
            {
                "id": "61566936841819",
                "count": 0
            },
            {
                "id": "61562716052902",
                "count": 0
            },
            {
                "id": "61565823241744",
                "count": 0
            },
            {
                "id": "61561828030943",
                "count": 0
            },
            {
                "id": "100084035917282",
                "count": 0
            },
            {
                "id": "61565047375172",
                "count": 0
            },
            {
                "id": "100027235671794",
                "count": 0
            },
            {
                "id": "61566885116884",
                "count": 0
            },
            {
                "id": "100069975345793",
                "count": 0
            },
            {
                "id": "100083174347639",
                "count": 0
            },
            {
                "id": "61562439355061",
                "count": 0
            },
            {
                "id": "61567081706211",
                "count": 0
            },
            {
                "id": "100090200289460",
                "count": 0
            },
            {
                "id": "61567157184361",
                "count": 0
            },
            {
                "id": "61566704561733",
                "count": 0
            },
            {
                "id": "1594755881",
                "count": 0
            },
            {
                "id": "61565466364156",
                "count": 0
            },
            {
                "id": "61552212302400",
                "count": 0
            },
            {
                "id": "100002622022245",
                "count": 0
            },
            {
                "id": "61566921965546",
                "count": 0
            },
            {
                "id": "61567124368491",
                "count": 0
            },
            {
                "id": "100000044832822",
                "count": 0
            },
            {
                "id": "100000444688227",
                "count": 0
            },
            {
                "id": "100002807343997",
                "count": 0
            },
            {
                "id": "100073763480585",
                "count": 0
            },
            {
                "id": "61564114700108",
                "count": 0
            },
            {
                "id": "100020908143321",
                "count": 0
            },
            {
                "id": "100000493975005",
                "count": 0
            },
            {
                "id": "61555809030974",
                "count": 0
            },
            {
                "id": "61566455634297",
                "count": 0
            },
            {
                "id": "100087793942073",
                "count": 0
            },
            {
                "id": "61566474384050",
                "count": 0
            },
            {
                "id": "61565597397535",
                "count": 0
            },
            {
                "id": "100002151475900",
                "count": 0
            },
            {
                "id": "100004040697986",
                "count": 0
            },
            {
                "id": "61566430434709",
                "count": 0
            },
            {
                "id": "100001975911124",
                "count": 0
            },
            {
                "id": "1774621493",
                "count": 0
            },
            {
                "id": "1611184938",
                "count": 0
            },
            {
                "id": "100002626203026",
                "count": 0
            },
            {
                "id": "100013084027662",
                "count": 0
            },
            {
                "id": "100075302427263",
                "count": 0
            },
            {
                "id": "100053946896698",
                "count": 0
            },
            {
                "id": "100053567149574",
                "count": 0
            },
            {
                "id": "100006758440131",
                "count": 0
            },
            {
                "id": "100092744481406",
                "count": 0
            },
            {
                "id": "502275138",
                "count": 0
            },
            {
                "id": "100074278195157",
                "count": 0
            },
            {
                "id": "100027248830437",
                "count": 0
            },
            {
                "id": "537846897",
                "count": 0
            },
            {
                "id": "100001580096211",
                "count": 0
            },
            {
                "id": "61555019644275",
                "count": 0
            },
            {
                "id": "100082668132301",
                "count": 0
            },
            {
                "id": "100069864945865",
                "count": 0
            },
            {
                "id": "61567274934106",
                "count": 0
            },
            {
                "id": "100040761302134",
                "count": 0
            },
            {
                "id": "100039201377129",
                "count": 0
            },
            {
                "id": "100008306777831",
                "count": 0
            },
            {
                "id": "61566775231600",
                "count": 0
            },
            {
                "id": "61567473862091",
                "count": 0
            },
            {
                "id": "100016902993981",
                "count": 0
            },
            {
                "id": "1614721537",
                "count": 0
            },
            {
                "id": "61566466950227",
                "count": 0
            },
            {
                "id": "61567130211824",
                "count": 0
            },
            {
                "id": "61567300380018",
                "count": 0
            },
            {
                "id": "100006824310575",
                "count": 0
            },
            {
                "id": "61562206563697",
                "count": 0
            },
            {
                "id": "61565208224048",
                "count": 0
            },
            {
                "id": "61566928122586",
                "count": 0
            },
            {
                "id": "61566502353482",
                "count": 0
            },
            {
                "id": "61566857091398",
                "count": 0
            },
            {
                "id": "100085010805437",
                "count": 0
            },
            {
                "id": "61567338891597",
                "count": 0
            },
            {
                "id": "61566485380040",
                "count": 0
            },
            {
                "id": "61560180315037",
                "count": 0
            },
            {
                "id": "61566131050749",
                "count": 0
            },
            {
                "id": "61567261443793",
                "count": 0
            },
            {
                "id": "1162050272",
                "count": 0
            },
            {
                "id": "61557561197601",
                "count": 0
            },
            {
                "id": "61567112308335",
                "count": 0
            },
            {
                "id": "61561783183191",
                "count": 0
            },
            {
                "id": "61566774304179",
                "count": 0
            },
            {
                "id": "61565702502178",
                "count": 0
            },
            {
                "id": "100027274759030",
                "count": 0
            },
            {
                "id": "100075784943859",
                "count": 0
            },
            {
                "id": "100002896167413",
                "count": 0
            },
            {
                "id": "61567271426689",
                "count": 0
            },
            {
                "id": "61550038751053",
                "count": 0
            },
            {
                "id": "61567571877156",
                "count": 0
            },
            {
                "id": "100004366982560",
                "count": 0
            },
            {
                "id": "61567005466737",
                "count": 0
            },
            {
                "id": "61553694694771",
                "count": 0
            },
            {
                "id": "61565875565687",
                "count": 0
            },
            {
                "id": "61567301072062",
                "count": 0
            },
            {
                "id": "68126864",
                "count": 0
            },
            {
                "id": "100001624277957",
                "count": 0
            },
            {
                "id": "100087128565622",
                "count": 0
            },
            {
                "id": "1489675800",
                "count": 0
            },
            {
                "id": "100037211391552",
                "count": 0
            },
            {
                "id": "100071001638293",
                "count": 0
            },
            {
                "id": "100060894693968",
                "count": 0
            },
            {
                "id": "100071768980176",
                "count": 0
            },
            {
                "id": "100055154154050",
                "count": 0
            },
            {
                "id": "61555712670336",
                "count": 0
            },
            {
                "id": "61562621512622",
                "count": 0
            },
            {
                "id": "100013726992007",
                "count": 0
            },
            {
                "id": "100005539716538",
                "count": 0
            },
            {
                "id": "100071295286104",
                "count": 0
            },
            {
                "id": "100041343811535",
                "count": 0
            },
            {
                "id": "100083205727767",
                "count": 0
            },
            {
                "id": "61565978952534",
                "count": 0
            },
            {
                "id": "61550962658401",
                "count": 0
            },
            {
                "id": "61557971303036",
                "count": 0
            },
            {
                "id": "100077018405888",
                "count": 0
            },
            {
                "id": "61567506869039",
                "count": 0
            },
            {
                "id": "100077340322638",
                "count": 0
            },
            {
                "id": "61556010612021",
                "count": 0
            },
            {
                "id": "61563877040633",
                "count": 0
            },
            {
                "id": "61567772992787",
                "count": 0
            },
            {
                "id": "100080937364676",
                "count": 0
            },
            {
                "id": "61567375086993",
                "count": 0
            },
            {
                "id": "61566507296411",
                "count": 0
            },
            {
                "id": "100083076954620",
                "count": 0
            }
        ]
    }
}