{
    "total": [
        {
            "id": "61559079650241",
            "count": 269
        },
        {
            "id": "100001113278043",
            "count": 10
        },
        {
            "id": "61561530282324",
            "count": 37
        },
        {
            "id": "61566171441498",
            "count": 6
        },
        {
            "id": "61566826751267",
            "count": 3
        },
        {
            "id": "61550343162256",
            "count": 0
        },
        {
            "id": "100093135556804",
            "count": 14
        }
    ],
    "week": [
        {
            "id": "61559079650241",
            "count": 23,
            "name": "Nguyễn Thanh Tùng"
        },
        {
            "id": "100001113278043",
            "count": 0,
            "name": "Phương Huyền"
        },
        {
            "id": "61561530282324",
            "count": 8,
            "name": "Roronoa Xoro"
        },
        {
            "id": "61566171441498",
            "count": 0,
            "name": "Tiên Khánh"
        },
        {
            "id": "61566826751267",
            "count": 3,
            "name": "Tùng Thanh"
        },
        {
            "id": "61550343162256",
            "count": 0,
            "name": "Dang Gia Khanh"
        },
        {
            "id": "100093135556804",
            "count": 14
        }
    ],
    "day": [
        {
            "id": "61559079650241",
            "count": 0,
            "name": "Nguyễn Thanh Tùng"
        },
        {
            "id": "100001113278043",
            "count": 0,
            "name": "Phương Huyền"
        },
        {
            "id": "61561530282324",
            "count": 0,
            "name": "Roronoa Xoro"
        },
        {
            "id": "61566171441498",
            "count": 0,
            "name": "Tiên Khánh"
        },
        {
            "id": "61566826751267",
            "count": 0,
            "name": "Tùng Thanh"
        },
        {
            "id": "61550343162256",
            "count": 0,
            "name": "Dang Gia Khanh"
        },
        {
            "id": "100093135556804",
            "count": 0,
            "name": "Gia Beo"
        }
    ],
    "time": 6,
    "last": {
        "time": 3,
        "day": [
            {
                "id": "61559079650241",
                "count": 0
            },
            {
                "id": "100094477432403",
                "count": 0
            },
            {
                "id": "100001113278043",
                "count": 0
            },
            {
                "id": "100021429795290",
                "count": 0
            },
            {
                "id": "61561530282324",
                "count": 0
            },
            {
                "id": "61567289996019",
                "count": 0
            },
            {
                "id": "100041572431092",
                "count": 0
            },
            {
                "id": "100004752336149",
                "count": 0
            },
            {
                "id": "61566171441498",
                "count": 0
            },
            {
                "id": "100039470115552",
                "count": 0
            },
            {
                "id": "61554511948168",
                "count": 0
            },
            {
                "id": "61558117404405",
                "count": 0
            },
            {
                "id": "61566826751267",
                "count": 0
            },
            {
                "id": "61550343162256",
                "count": 0
            },
            {
                "id": "100038949934558",
                "count": 0
            },
            {
                "id": "100093135556804",
                "count": 0
            }
        ],
        "week": [
            {
                "id": "61559079650241",
                "count": 0
            },
            {
                "id": "100094477432403",
                "count": 0
            },
            {
                "id": "100001113278043",
                "count": 0
            },
            {
                "id": "100021429795290",
                "count": 0
            },
            {
                "id": "61561530282324",
                "count": 0
            },
            {
                "id": "61567289996019",
                "count": 0
            },
            {
                "id": "100041572431092",
                "count": 0
            },
            {
                "id": "100004752336149",
                "count": 0
            },
            {
                "id": "61566171441498",
                "count": 0
            },
            {
                "id": "100039470115552",
                "count": 0
            },
            {
                "id": "61554511948168",
                "count": 0
            },
            {
                "id": "61558117404405",
                "count": 0
            },
            {
                "id": "61566826751267",
                "count": 0
            },
            {
                "id": "61550343162256",
                "count": 0
            },
            {
                "id": "100038949934558",
                "count": 0
            },
            {
                "id": "100093135556804",
                "count": 0
            }
        ]
    }
}