{
    "total": [
        {
            "id": "100072750111275",
            "count": 0
        },
        {
            "id": "100009293286787",
            "count": 0
        },
        {
            "id": "61555729180076",
            "count": 0
        },
        {
            "id": "100005091282766",
            "count": 0
        },
        {
            "id": "100004742584530",
            "count": 0
        },
        {
            "id": "100011502574660",
            "count": 2
        },
        {
            "id": "100004942473091",
            "count": 0
        },
        {
            "id": "100091429430126",
            "count": 26
        },
        {
            "id": "100003066749060",
            "count": 0
        },
        {
            "id": "100091461546519",
            "count": 0
        },
        {
            "id": "100076664463290",
            "count": 0
        },
        {
            "id": "61558858748180",
            "count": 0
        },
        {
            "id": "100038954858813",
            "count": 0
        },
        {
            "id": "100017321042845",
            "count": 0
        },
        {
            "id": "100006653202423",
            "count": 0
        },
        {
            "id": "100064930711740",
            "count": 0
        },
        {
            "id": "100006521178447",
            "count": 0
        },
        {
            "id": "100013837723514",
            "count": 0
        },
        {
            "id": "61563460872448",
            "count": 0
        },
        {
            "id": "100086202093828",
            "count": 0
        },
        {
            "id": "100018183945955",
            "count": 0
        },
        {
            "id": "61550064681591",
            "count": 0
        },
        {
            "id": "100022222534798",
            "count": 0
        },
        {
            "id": "100014811584872",
            "count": 0
        },
        {
            "id": "100027639495360",
            "count": 0
        },
        {
            "id": "100051702158722",
            "count": 0
        },
        {
            "id": "100010063483717",
            "count": 0
        },
        {
            "id": "61564333073018",
            "count": 3
        },
        {
            "id": "100082021354664",
            "count": 0
        },
        {
            "id": "100052452610804",
            "count": 0
        },
        {
            "id": "100011394094941",
            "count": 0
        },
        {
            "id": "100008593547124",
            "count": 23
        },
        {
            "id": "100010157821649",
            "count": 0
        },
        {
            "id": "100026342054736",
            "count": 0
        },
        {
            "id": "61551231806171",
            "count": 0
        },
        {
            "id": "61560665607831",
            "count": 47
        },
        {
            "id": "100080463833555",
            "count": 52
        },
        {
            "id": "666896678",
            "count": 6
        },
        {
            "id": "100035885040950",
            "count": 2
        },
        {
            "id": "100050659089997",
            "count": 0
        },
        {
            "id": "61558462072911",
            "count": 0
        },
        {
            "id": "100057132880587",
            "count": 0
        },
        {
            "id": "100015994744896",
            "count": 1
        },
        {
            "id": "61552763527674",
            "count": 0
        },
        {
            "id": "100074147384509",
            "count": 0
        },
        {
            "id": "100022746702037",
            "count": 0
        },
        {
            "id": "100033043996209",
            "count": 0
        },
        {
            "id": "100059713074145",
            "count": 0
        },
        {
            "id": "61553394665095",
            "count": 0
        },
        {
            "id": "100044347232148",
            "count": 0
        },
        {
            "id": "100085263622098",
            "count": 0
        },
        {
            "id": "100012982482091",
            "count": 0
        },
        {
            "id": "1367275934",
            "count": 13
        },
        {
            "id": "100004415371954",
            "count": 0
        },
        {
            "id": "100035251842433",
            "count": 0
        },
        {
            "id": "100026606840166",
            "count": 0
        },
        {
            "id": "100006532598904",
            "count": 0
        },
        {
            "id": "100072939597264",
            "count": 0
        },
        {
            "id": "100028420787603",
            "count": 0
        },
        {
            "id": "100038412191289",
            "count": 11
        },
        {
            "id": "100080877691073",
            "count": 0
        },
        {
            "id": "100055173189969",
            "count": 0
        },
        {
            "id": "100006405943027",
            "count": 0
        },
        {
            "id": "100069347824997",
            "count": 0
        },
        {
            "id": "100011485694276",
            "count": 99
        },
        {
            "id": "61565450240118",
            "count": 0
        },
        {
            "id": "100083801350767",
            "count": 0
        },
        {
            "id": "100025543153165",
            "count": 51
        },
        {
            "id": "100063286136373",
            "count": 0
        },
        {
            "id": "61558368200997",
            "count": 0
        },
        {
            "id": "100007764540562",
            "count": 0
        },
        {
            "id": "100052816995924",
            "count": 0
        },
        {
            "id": "61557354486365",
            "count": 0
        },
        {
            "id": "100069870571553",
            "count": 4
        },
        {
            "id": "100006444490643",
            "count": 0
        },
        {
            "id": "100045699785906",
            "count": 0
        },
        {
            "id": "100079812767240",
            "count": 0
        },
        {
            "id": "100013319859952",
            "count": 0
        },
        {
            "id": "100056258892439",
            "count": 0
        },
        {
            "id": "100015673655132",
            "count": 0
        },
        {
            "id": "100093573949830",
            "count": 39
        },
        {
            "id": "100010332944146",
            "count": 0
        },
        {
            "id": "100086125304557",
            "count": 11
        },
        {
            "id": "61567371539225",
            "count": 0
        },
        {
            "id": "100036071297552",
            "count": 5
        },
        {
            "id": "61559079650241",
            "count": 56
        },
        {
            "id": "61561530282324",
            "count": 0
        },
        {
            "id": "100083373048758",
            "count": 16
        },
        {
            "id": "100053961432067",
            "count": 0
        }
    ],
    "week": [
        {
            "id": "100072750111275",
            "count": 0,
            "name": "Thị Hến"
        },
        {
            "id": "100009293286787",
            "count": 0,
            "name": "Nguyễn Chúc Linh"
        },
        {
            "id": "61555729180076",
            "count": 0,
            "name": "Nguyễn Kha Trọng Anh"
        },
        {
            "id": "100005091282766",
            "count": 0,
            "name": "Quang Tâm"
        },
        {
            "id": "100004742584530",
            "count": 0,
            "name": "Hải Đặng"
        },
        {
            "id": "100011502574660",
            "count": 0,
            "name": "Phạm Quốc Thành"
        },
        {
            "id": "100004942473091",
            "count": 0,
            "name": "Kim Tuyền"
        },
        {
            "id": "100091429430126",
            "count": 0,
            "name": "Nguyễn Quốc Vũ"
        },
        {
            "id": "100003066749060",
            "count": 0,
            "name": "Nguyễn Hiệp"
        },
        {
            "id": "100091461546519",
            "count": 0,
            "name": "Bùi Thiện Phát"
        },
        {
            "id": "100076664463290",
            "count": 0,
            "name": "Lê Hữu Nhuận"
        },
        {
            "id": "61558858748180",
            "count": 0,
            "name": "Fpt. Gia Bảo"
        },
        {
            "id": "100038954858813",
            "count": 0,
            "name": "Hoang Duc Anh"
        },
        {
            "id": "100017321042845",
            "count": 0,
            "name": "Lê Cường"
        },
        {
            "id": "100006653202423",
            "count": 0,
            "name": "Đoàn Văn Kiên"
        },
        {
            "id": "100064930711740",
            "count": 0,
            "name": "Người dùng Facebook"
        },
        {
            "id": "100006521178447",
            "count": 0,
            "name": "Người Không Tên"
        },
        {
            "id": "100013837723514",
            "count": 0,
            "name": "Hiền Hồ"
        },
        {
            "id": "61563460872448",
            "count": 0,
            "name": "Bi Cô Độc"
        },
        {
            "id": "100086202093828",
            "count": 0,
            "name": "Bình Ngô"
        },
        {
            "id": "100018183945955",
            "count": 0,
            "name": "Dương Thuận"
        },
        {
            "id": "61550064681591",
            "count": 0,
            "name": "Lâm Trường"
        },
        {
            "id": "100022222534798",
            "count": 0,
            "name": "Đinh Văn Thắng"
        },
        {
            "id": "100014811584872",
            "count": 0,
            "name": "Sống Về Đêm"
        },
        {
            "id": "100027639495360",
            "count": 0,
            "name": "Nguyễn Thắng"
        },
        {
            "id": "100051702158722",
            "count": 0,
            "name": "Phúc HP"
        },
        {
            "id": "100010063483717",
            "count": 0,
            "name": "Phạm Mai Khôi"
        },
        {
            "id": "61564333073018",
            "count": 0,
            "name": "Ah K Thích"
        },
        {
            "id": "100082021354664",
            "count": 0,
            "name": "Kynn Meomeo"
        },
        {
            "id": "100052452610804",
            "count": 0,
            "name": "Thiên Vuz"
        },
        {
            "id": "100011394094941",
            "count": 0,
            "name": "Van Huy Nam"
        },
        {
            "id": "100008593547124",
            "count": 0,
            "name": "Văn Hưởng"
        },
        {
            "id": "100010157821649",
            "count": 0,
            "name": "Đức Uy"
        },
        {
            "id": "100026342054736",
            "count": 0,
            "name": "Nguyễn Linh"
        },
        {
            "id": "61551231806171",
            "count": 0,
            "name": "❀💞 Phương Nguyễn⚡︎✅"
        },
        {
            "id": "61560665607831",
            "count": 0,
            "name": "Tĩnh Bụng Sẹo"
        },
        {
            "id": "100080463833555",
            "count": 0,
            "name": "Sữa Ngọt"
        },
        {
            "id": "666896678",
            "count": 0,
            "name": "Ah Ko Thích"
        },
        {
            "id": "100035885040950",
            "count": 0,
            "name": "Huỳnh Thiên Hảo"
        },
        {
            "id": "100050659089997",
            "count": 0,
            "name": "Phú Nguyễn"
        },
        {
            "id": "61558462072911",
            "count": 0,
            "name": "OneBigo BigoOne"
        },
        {
            "id": "100057132880587",
            "count": 0,
            "name": "Minh Triết"
        },
        {
            "id": "100015994744896",
            "count": 0,
            "name": "Goa Bin"
        },
        {
            "id": "61552763527674",
            "count": 0,
            "name": "Quang Minh"
        },
        {
            "id": "100074147384509",
            "count": 0,
            "name": "Quốc Trần"
        },
        {
            "id": "100022746702037",
            "count": 0,
            "name": "Đoàn Tuấn Minh"
        },
        {
            "id": "100033043996209",
            "count": 0,
            "name": "Nguyễn Thanh Trí"
        },
        {
            "id": "100059713074145",
            "count": 0,
            "name": "Ly Na"
        },
        {
            "id": "61553394665095",
            "count": 0,
            "name": "Nguyễn Điệp"
        },
        {
            "id": "100044347232148",
            "count": 0,
            "name": "Võ Thị Huyền My"
        },
        {
            "id": "100085263622098",
            "count": 0,
            "name": "Trần Đức Thuận"
        },
        {
            "id": "100012982482091",
            "count": 0,
            "name": "Triệu Chiến"
        },
        {
            "id": "1367275934",
            "count": 0,
            "name": "Ah KO Thích"
        },
        {
            "id": "100004415371954",
            "count": 0,
            "name": "Nguyễn Đăng Đức"
        },
        {
            "id": "100035251842433",
            "count": 0,
            "name": "Phan Thị Huyền"
        },
        {
            "id": "100026606840166",
            "count": 0,
            "name": "Cậų Cả"
        },
        {
            "id": "100006532598904",
            "count": 0,
            "name": "Quy Cùi Bắp"
        },
        {
            "id": "100072939597264",
            "count": 0,
            "name": "Nguyễn Đức Nhân"
        },
        {
            "id": "100028420787603",
            "count": 0,
            "name": "Nguyễn Trọng Sang"
        },
        {
            "id": "100038412191289",
            "count": 0,
            "name": "Ebe Ngân"
        },
        {
            "id": "100080877691073",
            "count": 0,
            "name": "Heo Xinh"
        },
        {
            "id": "100055173189969",
            "count": 0,
            "name": "Vũ Bin"
        },
        {
            "id": "100006405943027",
            "count": 0,
            "name": "Hoàng Việt"
        },
        {
            "id": "100069347824997",
            "count": 0,
            "name": "Nguyễn Tiến Đăng"
        },
        {
            "id": "100011485694276",
            "count": 0,
            "name": "Dn Linh"
        },
        {
            "id": "61565450240118",
            "count": 0,
            "name": "Vân Nguyễn"
        },
        {
            "id": "100083801350767",
            "count": 0,
            "name": "Hoà Toony"
        },
        {
            "id": "100025543153165",
            "count": 0,
            "name": "Tạ Thị Khánh My"
        },
        {
            "id": "100063286136373",
            "count": 0,
            "name": "Phương Thảo"
        },
        {
            "id": "61558368200997",
            "count": 0,
            "name": "Mi Mi"
        },
        {
            "id": "100007764540562",
            "count": 0,
            "name": "Trần Quốc Trường"
        },
        {
            "id": "100052816995924",
            "count": 0,
            "name": "Nguyễn Ngọc Thành"
        },
        {
            "id": "61557354486365",
            "count": 0,
            "name": "Minh Hoàng"
        },
        {
            "id": "100069870571553",
            "count": 0,
            "name": "Phạm Ngọc Quốc Huy"
        },
        {
            "id": "100006444490643",
            "count": 0,
            "name": "Hoàng Duy Tiến"
        },
        {
            "id": "100045699785906",
            "count": 0,
            "name": "Trần Thị Hoài Thương"
        },
        {
            "id": "100079812767240",
            "count": 0,
            "name": "Ngọc Ánh"
        },
        {
            "id": "100013319859952",
            "count": 0,
            "name": "Lê Công Bình"
        },
        {
            "id": "100056258892439",
            "count": 0,
            "name": "Ngọc Tổng"
        },
        {
            "id": "100015673655132",
            "count": 0,
            "name": "Trần Thị Huyền"
        },
        {
            "id": "100093573949830",
            "count": 0,
            "name": "Lê Trọng Hảo"
        },
        {
            "id": "100010332944146",
            "count": 0,
            "name": "Huỳnh Thị Thùy Dung"
        },
        {
            "id": "100086125304557",
            "count": 0,
            "name": "Giang Giang"
        },
        {
            "id": "61567371539225",
            "count": 0,
            "name": "Đức Tuấn"
        },
        {
            "id": "100036071297552",
            "count": 0,
            "name": "Trọng Ân"
        },
        {
            "id": "61559079650241",
            "count": 0,
            "name": "Nguyễn Thanh Tùng"
        },
        {
            "id": "61561530282324",
            "count": 0,
            "name": "Roronoa Xoro"
        },
        {
            "id": "100083373048758",
            "count": 0,
            "name": "Nguyễn Dũng"
        },
        {
            "id": "100053961432067",
            "count": 0,
            "name": "Người dùng facebook"
        }
    ],
    "day": [
        {
            "id": "100072750111275",
            "count": 0,
            "name": "Thị Hến"
        },
        {
            "id": "100009293286787",
            "count": 0,
            "name": "Nguyễn Chúc Linh"
        },
        {
            "id": "61555729180076",
            "count": 0,
            "name": "Nguyễn Kha Trọng Anh"
        },
        {
            "id": "100005091282766",
            "count": 0,
            "name": "Quang Tâm"
        },
        {
            "id": "100004742584530",
            "count": 0,
            "name": "Hải Đặng"
        },
        {
            "id": "100011502574660",
            "count": 0,
            "name": "Phạm Quốc Thành"
        },
        {
            "id": "100004942473091",
            "count": 0,
            "name": "Kim Tuyền"
        },
        {
            "id": "100091429430126",
            "count": 0,
            "name": "Nguyễn Quốc Vũ"
        },
        {
            "id": "100003066749060",
            "count": 0,
            "name": "Nguyễn Hiệp"
        },
        {
            "id": "100091461546519",
            "count": 0,
            "name": "Bùi Thiện Phát"
        },
        {
            "id": "100076664463290",
            "count": 0,
            "name": "Lê Hữu Nhuận"
        },
        {
            "id": "61558858748180",
            "count": 0,
            "name": "Fpt. Gia Bảo"
        },
        {
            "id": "100038954858813",
            "count": 0,
            "name": "Hoang Duc Anh"
        },
        {
            "id": "100017321042845",
            "count": 0,
            "name": "Lê Cường"
        },
        {
            "id": "100006653202423",
            "count": 0,
            "name": "Đoàn Văn Kiên"
        },
        {
            "id": "100064930711740",
            "count": 0,
            "name": "Người dùng Facebook"
        },
        {
            "id": "100006521178447",
            "count": 0,
            "name": "Người Không Tên"
        },
        {
            "id": "100013837723514",
            "count": 0,
            "name": "Hiền Hồ"
        },
        {
            "id": "61563460872448",
            "count": 0,
            "name": "Bi Cô Độc"
        },
        {
            "id": "100086202093828",
            "count": 0,
            "name": "Bình Ngô"
        },
        {
            "id": "100018183945955",
            "count": 0,
            "name": "Dương Thuận"
        },
        {
            "id": "61550064681591",
            "count": 0,
            "name": "Lâm Trường"
        },
        {
            "id": "100022222534798",
            "count": 0,
            "name": "Đinh Văn Thắng"
        },
        {
            "id": "100014811584872",
            "count": 0,
            "name": "Sống Về Đêm"
        },
        {
            "id": "100027639495360",
            "count": 0,
            "name": "Nguyễn Thắng"
        },
        {
            "id": "100051702158722",
            "count": 0,
            "name": "Phúc HP"
        },
        {
            "id": "100010063483717",
            "count": 0,
            "name": "Phạm Mai Khôi"
        },
        {
            "id": "61564333073018",
            "count": 0,
            "name": "Ah K Thích"
        },
        {
            "id": "100082021354664",
            "count": 0,
            "name": "Kynn Meomeo"
        },
        {
            "id": "100052452610804",
            "count": 0,
            "name": "Thiên Vuz"
        },
        {
            "id": "100011394094941",
            "count": 0,
            "name": "Van Huy Nam"
        },
        {
            "id": "100008593547124",
            "count": 0,
            "name": "Văn Hưởng"
        },
        {
            "id": "100010157821649",
            "count": 0,
            "name": "Đức Uy"
        },
        {
            "id": "100026342054736",
            "count": 0,
            "name": "Nguyễn Linh"
        },
        {
            "id": "61551231806171",
            "count": 0,
            "name": "❀💞 Phương Nguyễn⚡︎✅"
        },
        {
            "id": "61560665607831",
            "count": 0,
            "name": "Tĩnh Bụng Sẹo"
        },
        {
            "id": "100080463833555",
            "count": 0,
            "name": "Sữa Ngọt"
        },
        {
            "id": "666896678",
            "count": 0,
            "name": "Ah Ko Thích"
        },
        {
            "id": "100035885040950",
            "count": 0,
            "name": "Huỳnh Thiên Hảo"
        },
        {
            "id": "100050659089997",
            "count": 0,
            "name": "Phú Nguyễn"
        },
        {
            "id": "61558462072911",
            "count": 0,
            "name": "OneBigo BigoOne"
        },
        {
            "id": "100057132880587",
            "count": 0,
            "name": "Minh Triết"
        },
        {
            "id": "100015994744896",
            "count": 0,
            "name": "Goa Bin"
        },
        {
            "id": "61552763527674",
            "count": 0,
            "name": "Quang Minh"
        },
        {
            "id": "100074147384509",
            "count": 0,
            "name": "Quốc Trần"
        },
        {
            "id": "100022746702037",
            "count": 0,
            "name": "Đoàn Tuấn Minh"
        },
        {
            "id": "100033043996209",
            "count": 0,
            "name": "Nguyễn Thanh Trí"
        },
        {
            "id": "100059713074145",
            "count": 0,
            "name": "Ly Na"
        },
        {
            "id": "61553394665095",
            "count": 0,
            "name": "Nguyễn Điệp"
        },
        {
            "id": "100044347232148",
            "count": 0,
            "name": "Võ Thị Huyền My"
        },
        {
            "id": "100085263622098",
            "count": 0,
            "name": "Trần Đức Thuận"
        },
        {
            "id": "100012982482091",
            "count": 0,
            "name": "Triệu Chiến"
        },
        {
            "id": "1367275934",
            "count": 0,
            "name": "Ah KO Thích"
        },
        {
            "id": "100004415371954",
            "count": 0,
            "name": "Nguyễn Đăng Đức"
        },
        {
            "id": "100035251842433",
            "count": 0,
            "name": "Phan Thị Huyền"
        },
        {
            "id": "100026606840166",
            "count": 0,
            "name": "Cậų Cả"
        },
        {
            "id": "100006532598904",
            "count": 0,
            "name": "Quy Cùi Bắp"
        },
        {
            "id": "100072939597264",
            "count": 0,
            "name": "Nguyễn Đức Nhân"
        },
        {
            "id": "100028420787603",
            "count": 0,
            "name": "Nguyễn Trọng Sang"
        },
        {
            "id": "100038412191289",
            "count": 0,
            "name": "Ebe Ngân"
        },
        {
            "id": "100080877691073",
            "count": 0,
            "name": "Heo Xinh"
        },
        {
            "id": "100055173189969",
            "count": 0,
            "name": "Vũ Bin"
        },
        {
            "id": "100006405943027",
            "count": 0,
            "name": "Hoàng Việt"
        },
        {
            "id": "100069347824997",
            "count": 0,
            "name": "Nguyễn Tiến Đăng"
        },
        {
            "id": "100011485694276",
            "count": 0,
            "name": "Dn Linh"
        },
        {
            "id": "61565450240118",
            "count": 0,
            "name": "Vân Nguyễn"
        },
        {
            "id": "100083801350767",
            "count": 0,
            "name": "Hoà Toony"
        },
        {
            "id": "100025543153165",
            "count": 0,
            "name": "Tạ Thị Khánh My"
        },
        {
            "id": "100063286136373",
            "count": 0,
            "name": "Phương Thảo"
        },
        {
            "id": "61558368200997",
            "count": 0,
            "name": "Mi Mi"
        },
        {
            "id": "100007764540562",
            "count": 0,
            "name": "Trần Quốc Trường"
        },
        {
            "id": "100052816995924",
            "count": 0,
            "name": "Nguyễn Ngọc Thành"
        },
        {
            "id": "61557354486365",
            "count": 0,
            "name": "Minh Hoàng"
        },
        {
            "id": "100069870571553",
            "count": 0,
            "name": "Phạm Ngọc Quốc Huy"
        },
        {
            "id": "100006444490643",
            "count": 0,
            "name": "Hoàng Duy Tiến"
        },
        {
            "id": "100045699785906",
            "count": 0,
            "name": "Trần Thị Hoài Thương"
        },
        {
            "id": "100079812767240",
            "count": 0,
            "name": "Ngọc Ánh"
        },
        {
            "id": "100013319859952",
            "count": 0,
            "name": "Lê Công Bình"
        },
        {
            "id": "100056258892439",
            "count": 0,
            "name": "Ngọc Tổng"
        },
        {
            "id": "100015673655132",
            "count": 0,
            "name": "Trần Thị Huyền"
        },
        {
            "id": "100093573949830",
            "count": 0,
            "name": "Lê Trọng Hảo"
        },
        {
            "id": "100010332944146",
            "count": 0,
            "name": "Huỳnh Thị Thùy Dung"
        },
        {
            "id": "100086125304557",
            "count": 0,
            "name": "Giang Giang"
        },
        {
            "id": "61567371539225",
            "count": 0,
            "name": "Đức Tuấn"
        },
        {
            "id": "100036071297552",
            "count": 0,
            "name": "Trọng Ân"
        },
        {
            "id": "61559079650241",
            "count": 0,
            "name": "Nguyễn Thanh Tùng"
        },
        {
            "id": "61561530282324",
            "count": 0,
            "name": "Roronoa Xoro"
        },
        {
            "id": "100083373048758",
            "count": 0,
            "name": "Nguyễn Dũng"
        },
        {
            "id": "100053961432067",
            "count": 0,
            "name": "Người dùng facebook"
        }
    ],
    "time": 6,
    "last": {
        "time": 1,
        "day": [
            {
                "id": "100072750111275",
                "count": 0
            },
            {
                "id": "100009293286787",
                "count": 0
            },
            {
                "id": "61555729180076",
                "count": 0
            },
            {
                "id": "100005091282766",
                "count": 0
            },
            {
                "id": "100004742584530",
                "count": 0
            },
            {
                "id": "100011502574660",
                "count": 0
            },
            {
                "id": "100004942473091",
                "count": 0
            },
            {
                "id": "100091429430126",
                "count": 0
            },
            {
                "id": "100003066749060",
                "count": 0
            },
            {
                "id": "100091461546519",
                "count": 0
            },
            {
                "id": "100076664463290",
                "count": 0
            },
            {
                "id": "61558858748180",
                "count": 0
            },
            {
                "id": "100038954858813",
                "count": 0
            },
            {
                "id": "100017321042845",
                "count": 0
            },
            {
                "id": "100006653202423",
                "count": 0
            },
            {
                "id": "100064930711740",
                "count": 0
            },
            {
                "id": "100006521178447",
                "count": 0
            },
            {
                "id": "100013837723514",
                "count": 0
            },
            {
                "id": "61563460872448",
                "count": 0
            },
            {
                "id": "100086202093828",
                "count": 0
            },
            {
                "id": "100018183945955",
                "count": 0
            },
            {
                "id": "61550064681591",
                "count": 0
            },
            {
                "id": "100022222534798",
                "count": 0
            },
            {
                "id": "100014811584872",
                "count": 0
            },
            {
                "id": "100027639495360",
                "count": 0
            },
            {
                "id": "100051702158722",
                "count": 0
            },
            {
                "id": "100010063483717",
                "count": 0
            },
            {
                "id": "61564333073018",
                "count": 0
            },
            {
                "id": "100082021354664",
                "count": 0
            },
            {
                "id": "100052452610804",
                "count": 0
            },
            {
                "id": "100011394094941",
                "count": 0
            },
            {
                "id": "100008593547124",
                "count": 0
            },
            {
                "id": "100010157821649",
                "count": 0
            },
            {
                "id": "100041429932269",
                "count": 0
            },
            {
                "id": "100026342054736",
                "count": 0
            },
            {
                "id": "61551231806171",
                "count": 0
            },
            {
                "id": "61560665607831",
                "count": 0
            },
            {
                "id": "100080463833555",
                "count": 0
            },
            {
                "id": "666896678",
                "count": 0
            },
            {
                "id": "100035885040950",
                "count": 0
            },
            {
                "id": "100050659089997",
                "count": 0
            },
            {
                "id": "61558462072911",
                "count": 0
            },
            {
                "id": "100057132880587",
                "count": 0
            },
            {
                "id": "100015994744896",
                "count": 0
            },
            {
                "id": "61552763527674",
                "count": 0
            },
            {
                "id": "100074147384509",
                "count": 0
            },
            {
                "id": "100022746702037",
                "count": 0
            },
            {
                "id": "100033043996209",
                "count": 0
            },
            {
                "id": "100059713074145",
                "count": 0
            },
            {
                "id": "61553394665095",
                "count": 0
            },
            {
                "id": "100044347232148",
                "count": 0
            },
            {
                "id": "100085263622098",
                "count": 0
            },
            {
                "id": "100012982482091",
                "count": 0
            },
            {
                "id": "1367275934",
                "count": 0
            },
            {
                "id": "100004415371954",
                "count": 0
            },
            {
                "id": "100035251842433",
                "count": 0
            },
            {
                "id": "100026606840166",
                "count": 0
            },
            {
                "id": "100006532598904",
                "count": 0
            },
            {
                "id": "100072939597264",
                "count": 0
            },
            {
                "id": "100028420787603",
                "count": 0
            },
            {
                "id": "100038412191289",
                "count": 0
            },
            {
                "id": "100080877691073",
                "count": 0
            },
            {
                "id": "100055173189969",
                "count": 0
            },
            {
                "id": "100006405943027",
                "count": 0
            },
            {
                "id": "100069347824997",
                "count": 0
            },
            {
                "id": "100011485694276",
                "count": 0
            },
            {
                "id": "61565450240118",
                "count": 0
            },
            {
                "id": "100083801350767",
                "count": 0
            },
            {
                "id": "100025543153165",
                "count": 0
            },
            {
                "id": "100063286136373",
                "count": 0
            },
            {
                "id": "61558368200997",
                "count": 0
            },
            {
                "id": "100007764540562",
                "count": 0
            },
            {
                "id": "100052816995924",
                "count": 0
            },
            {
                "id": "61557354486365",
                "count": 0
            },
            {
                "id": "100069870571553",
                "count": 0
            },
            {
                "id": "100006444490643",
                "count": 0
            },
            {
                "id": "100045699785906",
                "count": 0
            },
            {
                "id": "100079812767240",
                "count": 0
            },
            {
                "id": "100013319859952",
                "count": 0
            },
            {
                "id": "100056258892439",
                "count": 0
            },
            {
                "id": "100015673655132",
                "count": 0
            },
            {
                "id": "100093573949830",
                "count": 0
            },
            {
                "id": "100010332944146",
                "count": 0
            },
            {
                "id": "100086125304557",
                "count": 0
            },
            {
                "id": "61567371539225",
                "count": 0
            },
            {
                "id": "100036071297552",
                "count": 0
            },
            {
                "id": "61559079650241",
                "count": 0
            },
            {
                "id": "61561530282324",
                "count": 0
            },
            {
                "id": "100083373048758",
                "count": 0
            },
            {
                "id": "100053961432067",
                "count": 0
            }
        ],
        "week": [
            {
                "id": "100072750111275",
                "count": 0
            },
            {
                "id": "100009293286787",
                "count": 0
            },
            {
                "id": "61555729180076",
                "count": 0
            },
            {
                "id": "100005091282766",
                "count": 0
            },
            {
                "id": "100004742584530",
                "count": 0
            },
            {
                "id": "100011502574660",
                "count": 0
            },
            {
                "id": "100004942473091",
                "count": 0
            },
            {
                "id": "100091429430126",
                "count": 0
            },
            {
                "id": "100003066749060",
                "count": 0
            },
            {
                "id": "100091461546519",
                "count": 0
            },
            {
                "id": "100076664463290",
                "count": 0
            },
            {
                "id": "61558858748180",
                "count": 0
            },
            {
                "id": "100038954858813",
                "count": 0
            },
            {
                "id": "100017321042845",
                "count": 0
            },
            {
                "id": "100006653202423",
                "count": 0
            },
            {
                "id": "100064930711740",
                "count": 0
            },
            {
                "id": "100006521178447",
                "count": 0
            },
            {
                "id": "100013837723514",
                "count": 0
            },
            {
                "id": "61563460872448",
                "count": 0
            },
            {
                "id": "100086202093828",
                "count": 0
            },
            {
                "id": "100018183945955",
                "count": 0
            },
            {
                "id": "61550064681591",
                "count": 0
            },
            {
                "id": "100022222534798",
                "count": 0
            },
            {
                "id": "100014811584872",
                "count": 0
            },
            {
                "id": "100027639495360",
                "count": 0
            },
            {
                "id": "100051702158722",
                "count": 0
            },
            {
                "id": "100010063483717",
                "count": 0
            },
            {
                "id": "61564333073018",
                "count": 0
            },
            {
                "id": "100082021354664",
                "count": 0
            },
            {
                "id": "100052452610804",
                "count": 0
            },
            {
                "id": "100011394094941",
                "count": 0
            },
            {
                "id": "100008593547124",
                "count": 0
            },
            {
                "id": "100010157821649",
                "count": 0
            },
            {
                "id": "100041429932269",
                "count": 0
            },
            {
                "id": "100026342054736",
                "count": 0
            },
            {
                "id": "61551231806171",
                "count": 0
            },
            {
                "id": "61560665607831",
                "count": 0
            },
            {
                "id": "100080463833555",
                "count": 0
            },
            {
                "id": "666896678",
                "count": 0
            },
            {
                "id": "100035885040950",
                "count": 0
            },
            {
                "id": "100050659089997",
                "count": 0
            },
            {
                "id": "61558462072911",
                "count": 0
            },
            {
                "id": "100057132880587",
                "count": 0
            },
            {
                "id": "100015994744896",
                "count": 0
            },
            {
                "id": "61552763527674",
                "count": 0
            },
            {
                "id": "100074147384509",
                "count": 0
            },
            {
                "id": "100022746702037",
                "count": 0
            },
            {
                "id": "100033043996209",
                "count": 0
            },
            {
                "id": "100059713074145",
                "count": 0
            },
            {
                "id": "61553394665095",
                "count": 0
            },
            {
                "id": "100044347232148",
                "count": 0
            },
            {
                "id": "100085263622098",
                "count": 0
            },
            {
                "id": "100012982482091",
                "count": 0
            },
            {
                "id": "1367275934",
                "count": 0
            },
            {
                "id": "100004415371954",
                "count": 0
            },
            {
                "id": "100035251842433",
                "count": 0
            },
            {
                "id": "100026606840166",
                "count": 0
            },
            {
                "id": "100006532598904",
                "count": 0
            },
            {
                "id": "100072939597264",
                "count": 0
            },
            {
                "id": "100028420787603",
                "count": 0
            },
            {
                "id": "100038412191289",
                "count": 0
            },
            {
                "id": "100080877691073",
                "count": 0
            },
            {
                "id": "100055173189969",
                "count": 0
            },
            {
                "id": "100006405943027",
                "count": 0
            },
            {
                "id": "100069347824997",
                "count": 0
            },
            {
                "id": "100011485694276",
                "count": 0
            },
            {
                "id": "61565450240118",
                "count": 0
            },
            {
                "id": "100083801350767",
                "count": 0
            },
            {
                "id": "100025543153165",
                "count": 0
            },
            {
                "id": "100063286136373",
                "count": 0
            },
            {
                "id": "61558368200997",
                "count": 0
            },
            {
                "id": "100007764540562",
                "count": 0
            },
            {
                "id": "100052816995924",
                "count": 0
            },
            {
                "id": "61557354486365",
                "count": 0
            },
            {
                "id": "100069870571553",
                "count": 0
            },
            {
                "id": "100006444490643",
                "count": 0
            },
            {
                "id": "100045699785906",
                "count": 0
            },
            {
                "id": "100079812767240",
                "count": 0
            },
            {
                "id": "100013319859952",
                "count": 0
            },
            {
                "id": "100056258892439",
                "count": 0
            },
            {
                "id": "100015673655132",
                "count": 0
            },
            {
                "id": "100093573949830",
                "count": 0
            },
            {
                "id": "100010332944146",
                "count": 0
            },
            {
                "id": "100086125304557",
                "count": 0
            },
            {
                "id": "61567371539225",
                "count": 0
            },
            {
                "id": "100036071297552",
                "count": 0
            },
            {
                "id": "61559079650241",
                "count": 0
            },
            {
                "id": "61561530282324",
                "count": 0
            },
            {
                "id": "100083373048758",
                "count": 0
            },
            {
                "id": "100053961432067",
                "count": 0
            }
        ]
    }
}