{
    "total": [
        {
            "id": "100088031225325",
            "count": 0
        },
        {
            "id": "100038283639008",
            "count": 0
        },
        {
            "id": "61550731438481",
            "count": 0
        },
        {
            "id": "61558089763413",
            "count": 4
        },
        {
            "id": "61561750240557",
            "count": 25
        },
        {
            "id": "100082166588573",
            "count": 0
        },
        {
            "id": "61555809030974",
            "count": 0
        },
        {
            "id": "61559141435743",
            "count": 1
        },
        {
            "id": "100059068496854",
            "count": 0
        },
        {
            "id": "100067508386723",
            "count": 1
        },
        {
            "id": "61560179044114",
            "count": 0
        },
        {
            "id": "100084412983532",
            "count": 0
        },
        {
            "id": "100093238184790",
            "count": 1
        },
        {
            "id": "61550668237353",
            "count": 0
        },
        {
            "id": "100002667012907",
            "count": 0
        },
        {
            "id": "61562161232125",
            "count": 0
        },
        {
            "id": "61550022652935",
            "count": 0
        },
        {
            "id": "61561828030943",
            "count": 0
        },
        {
            "id": "100052864253944",
            "count": 0
        },
        {
            "id": "61564347531917",
            "count": 0
        },
        {
            "id": "61555625227297",
            "count": 0
        },
        {
            "id": "100024859427694",
            "count": 0
        },
        {
            "id": "61551217261405",
            "count": 0
        },
        {
            "id": "61559489142924",
            "count": 0
        },
        {
            "id": "100074946842972",
            "count": 0
        },
        {
            "id": "100054991813338",
            "count": 0
        },
        {
            "id": "100090987783602",
            "count": 0
        },
        {
            "id": "61563628883630",
            "count": 0
        },
        {
            "id": "61550920193910",
            "count": 0
        },
        {
            "id": "61564010925170",
            "count": 0
        },
        {
            "id": "100038740121428",
            "count": 51
        },
        {
            "id": "61564189897626",
            "count": 0
        },
        {
            "id": "61563906764722",
            "count": 0
        },
        {
            "id": "61558669619644",
            "count": 0
        },
        {
            "id": "61564514495645",
            "count": 0
        },
        {
            "id": "100094980665731",
            "count": 0
        },
        {
            "id": "61564209999634",
            "count": 0
        },
        {
            "id": "61562946966445",
            "count": 0
        },
        {
            "id": "100040141547556",
            "count": 0
        },
        {
            "id": "61563015765425",
            "count": 0
        },
        {
            "id": "61564114972868",
            "count": 0
        },
        {
            "id": "100085073240621",
            "count": 1
        },
        {
            "id": "100002240840457",
            "count": 0
        },
        {
            "id": "61559239845224",
            "count": 0
        },
        {
            "id": "100084239650199",
            "count": 0
        },
        {
            "id": "100089033040313",
            "count": 1
        },
        {
            "id": "100004752336149",
            "count": 10
        },
        {
            "id": "100092744481406",
            "count": 0
        },
        {
            "id": "100088573696961",
            "count": 2
        },
        {
            "id": "100006272490820",
            "count": 0
        },
        {
            "id": "100090488049314",
            "count": 0
        },
        {
            "id": "61562621512622",
            "count": 0
        },
        {
            "id": "100041755282061",
            "count": 0
        },
        {
            "id": "100074484685123",
            "count": 0
        },
        {
            "id": "61564937930343",
            "count": 0
        },
        {
            "id": "61561530282324",
            "count": 34
        },
        {
            "id": "61563155345855",
            "count": 0
        },
        {
            "id": "100002896167413",
            "count": 0
        },
        {
            "id": "61564884756626",
            "count": 6
        }
    ],
    "week": [
        {
            "id": "100088031225325",
            "count": 0,
            "name": "Lê Văn Hoàng"
        },
        {
            "id": "100038283639008",
            "count": 0,
            "name": "Trung Thuận"
        },
        {
            "id": "61550731438481",
            "count": 0,
            "name": "Hoàng Khang"
        },
        {
            "id": "61558089763413",
            "count": 2,
            "name": "Kari Ruhav"
        },
        {
            "id": "61561750240557",
            "count": 15,
            "name": "ʭTien Dat Trickerʭ ANH　DA　RAT　NHO　EM　RAT　NHO　EM　CHANG　THE　NAO　GIU　EM　LAI　BAN　NGAY　VUI　VE　BAN　DEM　BUON　CHAN　BOI　VI　ANH　CON　YEU　EM　RAT　NHIU　ANH　HET　CO　HOI　BEEN　CANH　EM　ROI　ANH　KHONG　CO　EM　ANH　KHONG　BIET　LAM　SAO　CHO　HET　BUON　ANH　YEU　EM　ANH　DA　RAT　NHO　EM　RAT　NHO　EM - X"
        },
        {
            "id": "100082166588573",
            "count": 0,
            "name": "Người dùng Facebook"
        },
        {
            "id": "61555809030974",
            "count": 0,
            "name": "Hoàng Quyết Tiến"
        },
        {
            "id": "61559141435743",
            "count": 0,
            "name": "Thanhh Tùngg"
        },
        {
            "id": "100059068496854",
            "count": 0,
            "name": "Nguyễn Bá Đạt"
        },
        {
            "id": "100067508386723",
            "count": 0,
            "name": "Phạm Hữu Tài"
        },
        {
            "id": "61560179044114",
            "count": 0,
            "name": "Người dùng Facebook"
        },
        {
            "id": "100084412983532",
            "count": 0,
            "name": "Kiên Hồ"
        },
        {
            "id": "100093238184790",
            "count": 0,
            "name": "Võ Đăng"
        },
        {
            "id": "61550668237353",
            "count": 0,
            "name": "Nguyễn Hoàng Tuấn"
        },
        {
            "id": "100002667012907",
            "count": 0,
            "name": "Abuarra Badr"
        },
        {
            "id": "61562161232125",
            "count": 0,
            "name": "Người dùng Facebook"
        },
        {
            "id": "61550022652935",
            "count": 0,
            "name": "Kaiotard Chuche"
        },
        {
            "id": "61561828030943",
            "count": 0,
            "name": "Trạch Trạch"
        },
        {
            "id": "100052864253944",
            "count": 0,
            "name": "Cường"
        },
        {
            "id": "61564347531917",
            "count": 0,
            "name": "Người dùng Facebook"
        },
        {
            "id": "61555625227297",
            "count": 0,
            "name": "Joon Young"
        },
        {
            "id": "100024859427694",
            "count": 0,
            "name": "Loi Hinh"
        },
        {
            "id": "61551217261405",
            "count": 0,
            "name": "Người dùng Facebook"
        },
        {
            "id": "61559489142924",
            "count": 0,
            "name": "Hà Tuấn Ank"
        },
        {
            "id": "100074946842972",
            "count": 0,
            "name": "Trinh Nguyen"
        },
        {
            "id": "100054991813338",
            "count": 0,
            "name": "Zoldyck Thoa"
        },
        {
            "id": "100090987783602",
            "count": 0,
            "name": "Người dùng Facebook"
        },
        {
            "id": "61563628883630",
            "count": 0,
            "name": "Người dùng Facebook"
        },
        {
            "id": "61550920193910",
            "count": 0,
            "name": "Locc Trung Dung"
        },
        {
            "id": "61564010925170",
            "count": 0,
            "name": "Người dùng Facebook"
        },
        {
            "id": "100038740121428",
            "count": 38,
            "name": "Duy メ"
        },
        {
            "id": "61564189897626",
            "count": 0,
            "name": "Gia Hann"
        },
        {
            "id": "61563906764722",
            "count": 0,
            "name": "ʬʬBot Marisvʬʬ"
        },
        {
            "id": "61558669619644",
            "count": 0,
            "name": "Kwon Kaede"
        },
        {
            "id": "61564514495645",
            "count": 0,
            "name": "Tuấn Ank Mirai"
        },
        {
            "id": "100094980665731",
            "count": 0,
            "name": "Trọng Đức"
        },
        {
            "id": "61564209999634",
            "count": 0,
            "name": "Chan Yuiro"
        },
        {
            "id": "61562946966445",
            "count": 0,
            "name": "Người dùng Facebook"
        },
        {
            "id": "100040141547556",
            "count": 0,
            "name": "Tùng"
        },
        {
            "id": "61563015765425",
            "count": 0,
            "name": "Người dùng Facebook"
        },
        {
            "id": "61564114972868",
            "count": 0,
            "name": "Lê Hoàng Phong"
        },
        {
            "id": "100085073240621",
            "count": 1,
            "name": "Dang Gia Khanh"
        },
        {
            "id": "100002240840457",
            "count": 0,
            "name": "Người dùng Facebook"
        },
        {
            "id": "61559239845224",
            "count": 0,
            "name": "Joon Bot"
        },
        {
            "id": "100084239650199",
            "count": 0,
            "name": "Bùi Gia Huy"
        },
        {
            "id": "100089033040313",
            "count": 1,
            "name": "Người dùng Facebook"
        },
        {
            "id": "100004752336149",
            "count": 0,
            "name": "Người dùng Facebook"
        },
        {
            "id": "100092744481406",
            "count": 0,
            "name": "Ng Huy"
        },
        {
            "id": "100088573696961",
            "count": 2,
            "name": "Rin Kiyuka"
        },
        {
            "id": "100006272490820",
            "count": 0,
            "name": "Đinh Thiên Sứ"
        },
        {
            "id": "100090488049314",
            "count": 0,
            "name": "Phương Lanz"
        },
        {
            "id": "61562621512622",
            "count": 0,
            "name": "Bat Nè ꪜ"
        },
        {
            "id": "100041755282061",
            "count": 0,
            "name": "Hiếu Nghiêm"
        },
        {
            "id": "100074484685123",
            "count": 0,
            "name": "Kwn Taeju"
        },
        {
            "id": "61564937930343",
            "count": 0,
            "name": "Sakura Skun"
        },
        {
            "id": "61561530282324",
            "count": 22,
            "name": "Roronoa Xoro"
        },
        {
            "id": "61563155345855",
            "count": 0,
            "name": "Bat Đó丨　ᶻz"
        },
        {
            "id": "100002896167413",
            "count": 0,
            "name": "Hạnh　Phúc　Có　Thể　Bỏ　Rơi　Anh　 Nhưng Anh　Không　Bao　Giờ　Bỏ　Rơi　Em"
        },
        {
            "id": "61564884756626",
            "count": 6,
            "name": "Đình Vũ"
        }
    ],
    "day": [
        {
            "id": "100088031225325",
            "count": 0,
            "name": "Lê Văn Hoàng"
        },
        {
            "id": "100038283639008",
            "count": 0,
            "name": "Trung Thuận"
        },
        {
            "id": "61550731438481",
            "count": 0,
            "name": "Hoàng Khang"
        },
        {
            "id": "61558089763413",
            "count": 0,
            "name": "Kari Ruhav"
        },
        {
            "id": "61561750240557",
            "count": 0,
            "name": "ʭTien Dat Trickerʭ ANH　DA　RAT　NHO　EM　RAT　NHO　EM　CHANG　THE　NAO　GIU　EM　LAI　BAN　NGAY　VUI　VE　BAN　DEM　BUON　CHAN　BOI　VI　ANH　CON　YEU　EM　RAT　NHIU　ANH　HET　CO　HOI　BEEN　CANH　EM　ROI　ANH　KHONG　CO　EM　ANH　KHONG　BIET　LAM　SAO　CHO　HET　BUON　ANH　YEU　EM　ANH　DA　RAT　NHO　EM　RAT　NHO　EM - X"
        },
        {
            "id": "100082166588573",
            "count": 0,
            "name": "Người dùng Facebook"
        },
        {
            "id": "61555809030974",
            "count": 0,
            "name": "Hoàng Quyết Tiến"
        },
        {
            "id": "61559141435743",
            "count": 0,
            "name": "Thanhh Tùngg"
        },
        {
            "id": "100059068496854",
            "count": 0,
            "name": "Nguyễn Bá Đạt"
        },
        {
            "id": "100067508386723",
            "count": 0,
            "name": "Phạm Hữu Tài"
        },
        {
            "id": "61560179044114",
            "count": 0,
            "name": "Người dùng Facebook"
        },
        {
            "id": "100084412983532",
            "count": 0,
            "name": "Kiên Hồ"
        },
        {
            "id": "100093238184790",
            "count": 0,
            "name": "Võ Đăng"
        },
        {
            "id": "61550668237353",
            "count": 0,
            "name": "Nguyễn Hoàng Tuấn"
        },
        {
            "id": "100002667012907",
            "count": 0,
            "name": "Abuarra Badr"
        },
        {
            "id": "61562161232125",
            "count": 0,
            "name": "Người dùng Facebook"
        },
        {
            "id": "61550022652935",
            "count": 0,
            "name": "Kaiotard Chuche"
        },
        {
            "id": "61561828030943",
            "count": 0,
            "name": "Trạch Trạch"
        },
        {
            "id": "100052864253944",
            "count": 0,
            "name": "Cường"
        },
        {
            "id": "61564347531917",
            "count": 0,
            "name": "Người dùng Facebook"
        },
        {
            "id": "61555625227297",
            "count": 0,
            "name": "Joon Young"
        },
        {
            "id": "100024859427694",
            "count": 0,
            "name": "Loi Hinh"
        },
        {
            "id": "61551217261405",
            "count": 0,
            "name": "Người dùng Facebook"
        },
        {
            "id": "61559489142924",
            "count": 0,
            "name": "Hà Tuấn Ank"
        },
        {
            "id": "100074946842972",
            "count": 0,
            "name": "Trinh Nguyen"
        },
        {
            "id": "100054991813338",
            "count": 0,
            "name": "Zoldyck Thoa"
        },
        {
            "id": "100090987783602",
            "count": 0,
            "name": "Người dùng Facebook"
        },
        {
            "id": "61563628883630",
            "count": 0,
            "name": "Người dùng Facebook"
        },
        {
            "id": "61550920193910",
            "count": 0,
            "name": "Locc Trung Dung"
        },
        {
            "id": "61564010925170",
            "count": 0,
            "name": "Người dùng Facebook"
        },
        {
            "id": "100038740121428",
            "count": 2,
            "name": "Duy メ"
        },
        {
            "id": "61564189897626",
            "count": 0,
            "name": "Gia Hann"
        },
        {
            "id": "61563906764722",
            "count": 0,
            "name": "ʬʬBot Marisvʬʬ"
        },
        {
            "id": "61558669619644",
            "count": 0,
            "name": "Kwon Kaede"
        },
        {
            "id": "61564514495645",
            "count": 0,
            "name": "Tuấn Ank Mirai"
        },
        {
            "id": "100094980665731",
            "count": 0,
            "name": "Trọng Đức"
        },
        {
            "id": "61564209999634",
            "count": 0,
            "name": "Chan Yuiro"
        },
        {
            "id": "61562946966445",
            "count": 0,
            "name": "Người dùng Facebook"
        },
        {
            "id": "100040141547556",
            "count": 0,
            "name": "Tùng"
        },
        {
            "id": "61563015765425",
            "count": 0,
            "name": "Người dùng Facebook"
        },
        {
            "id": "61564114972868",
            "count": 0,
            "name": "Lê Hoàng Phong"
        },
        {
            "id": "100085073240621",
            "count": 0,
            "name": "Dang Gia Khanh"
        },
        {
            "id": "100002240840457",
            "count": 0,
            "name": "Người dùng Facebook"
        },
        {
            "id": "61559239845224",
            "count": 0,
            "name": "Joon Bot"
        },
        {
            "id": "100084239650199",
            "count": 0,
            "name": "Bùi Gia Huy"
        },
        {
            "id": "100089033040313",
            "count": 0,
            "name": "Nguyễn Đức Toàn"
        },
        {
            "id": "100004752336149",
            "count": 0,
            "name": "Người dùng Facebook"
        },
        {
            "id": "100092744481406",
            "count": 0,
            "name": "Ng Huy"
        },
        {
            "id": "100088573696961",
            "count": 0,
            "name": "Rin Kiyuka"
        },
        {
            "id": "100006272490820",
            "count": 0,
            "name": "Đinh Thiên Sứ"
        },
        {
            "id": "100090488049314",
            "count": 0,
            "name": "Phương Lanz"
        },
        {
            "id": "61562621512622",
            "count": 0,
            "name": "Bat Nè ꪜ"
        },
        {
            "id": "100041755282061",
            "count": 0,
            "name": "Hiếu Nghiêm"
        },
        {
            "id": "100074484685123",
            "count": 0,
            "name": "Kwn Taeju"
        },
        {
            "id": "61564937930343",
            "count": 0,
            "name": "Sakura Skun"
        },
        {
            "id": "61561530282324",
            "count": 1,
            "name": "Roronoa Xoro"
        },
        {
            "id": "61563155345855",
            "count": 0,
            "name": "Bat Đó丨　ᶻz"
        },
        {
            "id": "100002896167413",
            "count": 0,
            "name": "Hạnh　Phúc　Có　Thể　Bỏ　Rơi　Anh　 Nhưng Anh　Không　Bao　Giờ　Bỏ　Rơi　Em"
        },
        {
            "id": "61564884756626",
            "count": 0,
            "name": "Người dùng Facebook"
        }
    ],
    "time": 6,
    "last": {
        "time": 2,
        "day": [
            {
                "id": "100088031225325",
                "count": 0
            },
            {
                "id": "100038283639008",
                "count": 0
            },
            {
                "id": "61550731438481",
                "count": 0
            },
            {
                "id": "61558089763413",
                "count": 0
            },
            {
                "id": "61561750240557",
                "count": 0
            },
            {
                "id": "100082166588573",
                "count": 0
            },
            {
                "id": "61555809030974",
                "count": 0
            },
            {
                "id": "61559141435743",
                "count": 0
            },
            {
                "id": "100059068496854",
                "count": 0
            },
            {
                "id": "100067508386723",
                "count": 0
            },
            {
                "id": "61560179044114",
                "count": 0
            },
            {
                "id": "100084412983532",
                "count": 0
            },
            {
                "id": "100093238184790",
                "count": 0
            },
            {
                "id": "61550668237353",
                "count": 0
            },
            {
                "id": "100002667012907",
                "count": 0
            },
            {
                "id": "61562161232125",
                "count": 0
            },
            {
                "id": "61550022652935",
                "count": 0
            },
            {
                "id": "61561828030943",
                "count": 0
            },
            {
                "id": "100052864253944",
                "count": 0
            },
            {
                "id": "61564347531917",
                "count": 0
            },
            {
                "id": "61555625227297",
                "count": 0
            },
            {
                "id": "100088286371303",
                "count": 0
            },
            {
                "id": "100024859427694",
                "count": 0
            },
            {
                "id": "61551217261405",
                "count": 0
            },
            {
                "id": "61559489142924",
                "count": 0
            },
            {
                "id": "100074946842972",
                "count": 0
            },
            {
                "id": "100054991813338",
                "count": 0
            },
            {
                "id": "100090987783602",
                "count": 0
            },
            {
                "id": "61563628883630",
                "count": 0
            },
            {
                "id": "61550920193910",
                "count": 0
            },
            {
                "id": "61564010925170",
                "count": 0
            },
            {
                "id": "100038740121428",
                "count": 0
            },
            {
                "id": "61564189897626",
                "count": 0
            },
            {
                "id": "61564059890489",
                "count": 0
            },
            {
                "id": "61563906764722",
                "count": 0
            },
            {
                "id": "61558669619644",
                "count": 0
            },
            {
                "id": "61564514495645",
                "count": 0
            },
            {
                "id": "100094980665731",
                "count": 0
            },
            {
                "id": "61564209999634",
                "count": 0
            },
            {
                "id": "61562946966445",
                "count": 0
            },
            {
                "id": "100040141547556",
                "count": 0
            },
            {
                "id": "61563015765425",
                "count": 0
            },
            {
                "id": "61564114972868",
                "count": 0
            },
            {
                "id": "100085073240621",
                "count": 0
            },
            {
                "id": "100002240840457",
                "count": 0
            },
            {
                "id": "61559239845224",
                "count": 0
            },
            {
                "id": "100084239650199",
                "count": 0
            },
            {
                "id": "100089033040313",
                "count": 0
            },
            {
                "id": "100004752336149",
                "count": 0
            },
            {
                "id": "100092744481406",
                "count": 0
            },
            {
                "id": "100088573696961",
                "count": 0
            },
            {
                "id": "100006272490820",
                "count": 0
            },
            {
                "id": "100090488049314",
                "count": 0
            },
            {
                "id": "61562621512622",
                "count": 0
            },
            {
                "id": "100041755282061",
                "count": 0
            },
            {
                "id": "100072219066632",
                "count": 0
            },
            {
                "id": "61565933460957",
                "count": 0
            },
            {
                "id": "100019135025722",
                "count": 0
            },
            {
                "id": "100074484685123",
                "count": 0
            },
            {
                "id": "61564937930343",
                "count": 0
            },
            {
                "id": "61561530282324",
                "count": 0
            },
            {
                "id": "61563155345855",
                "count": 0
            },
            {
                "id": "100002896167413",
                "count": 0
            },
            {
                "id": "61564884756626",
                "count": 0
            }
        ],
        "week": [
            {
                "id": "100088031225325",
                "count": 0
            },
            {
                "id": "100038283639008",
                "count": 0
            },
            {
                "id": "61550731438481",
                "count": 0
            },
            {
                "id": "61558089763413",
                "count": 0
            },
            {
                "id": "61561750240557",
                "count": 0
            },
            {
                "id": "100082166588573",
                "count": 0
            },
            {
                "id": "61555809030974",
                "count": 0
            },
            {
                "id": "61559141435743",
                "count": 0
            },
            {
                "id": "100059068496854",
                "count": 0
            },
            {
                "id": "100067508386723",
                "count": 0
            },
            {
                "id": "61560179044114",
                "count": 0
            },
            {
                "id": "100084412983532",
                "count": 0
            },
            {
                "id": "100093238184790",
                "count": 0
            },
            {
                "id": "61550668237353",
                "count": 0
            },
            {
                "id": "100002667012907",
                "count": 0
            },
            {
                "id": "61562161232125",
                "count": 0
            },
            {
                "id": "61550022652935",
                "count": 0
            },
            {
                "id": "61561828030943",
                "count": 0
            },
            {
                "id": "100052864253944",
                "count": 0
            },
            {
                "id": "61564347531917",
                "count": 0
            },
            {
                "id": "61555625227297",
                "count": 0
            },
            {
                "id": "100088286371303",
                "count": 0
            },
            {
                "id": "100024859427694",
                "count": 0
            },
            {
                "id": "61551217261405",
                "count": 0
            },
            {
                "id": "61559489142924",
                "count": 0
            },
            {
                "id": "100074946842972",
                "count": 0
            },
            {
                "id": "100054991813338",
                "count": 0
            },
            {
                "id": "100090987783602",
                "count": 0
            },
            {
                "id": "61563628883630",
                "count": 0
            },
            {
                "id": "61550920193910",
                "count": 0
            },
            {
                "id": "61564010925170",
                "count": 0
            },
            {
                "id": "100038740121428",
                "count": 0
            },
            {
                "id": "61564189897626",
                "count": 0
            },
            {
                "id": "61564059890489",
                "count": 0
            },
            {
                "id": "61563906764722",
                "count": 0
            },
            {
                "id": "61558669619644",
                "count": 0
            },
            {
                "id": "61564514495645",
                "count": 0
            },
            {
                "id": "100094980665731",
                "count": 0
            },
            {
                "id": "61564209999634",
                "count": 0
            },
            {
                "id": "61562946966445",
                "count": 0
            },
            {
                "id": "100040141547556",
                "count": 0
            },
            {
                "id": "61563015765425",
                "count": 0
            },
            {
                "id": "61564114972868",
                "count": 0
            },
            {
                "id": "100085073240621",
                "count": 0
            },
            {
                "id": "100002240840457",
                "count": 0
            },
            {
                "id": "61559239845224",
                "count": 0
            },
            {
                "id": "100084239650199",
                "count": 0
            },
            {
                "id": "100089033040313",
                "count": 0
            },
            {
                "id": "100004752336149",
                "count": 0
            },
            {
                "id": "100092744481406",
                "count": 0
            },
            {
                "id": "100088573696961",
                "count": 0
            },
            {
                "id": "100006272490820",
                "count": 0
            },
            {
                "id": "100090488049314",
                "count": 0
            },
            {
                "id": "61562621512622",
                "count": 0
            },
            {
                "id": "100041755282061",
                "count": 0
            },
            {
                "id": "100072219066632",
                "count": 0
            },
            {
                "id": "61565933460957",
                "count": 0
            },
            {
                "id": "100019135025722",
                "count": 0
            },
            {
                "id": "100074484685123",
                "count": 0
            },
            {
                "id": "61564937930343",
                "count": 0
            },
            {
                "id": "61561530282324",
                "count": 0
            },
            {
                "id": "61563155345855",
                "count": 0
            },
            {
                "id": "100002896167413",
                "count": 0
            },
            {
                "id": "61564884756626",
                "count": 0
            }
        ]
    }
}