{
    "total": [
        {
            "id": "100040542224086",
            "count": 3
        },
        {
            "id": "61555635801941",
            "count": 68
        },
        {
            "id": "100080089505118",
            "count": 0
        },
        {
            "id": "100085359709556",
            "count": 71
        },
        {
            "id": "61557639287488",
            "count": 18
        },
        {
            "id": "100033939874270",
            "count": 0
        },
        {
            "id": "61554648471459",
            "count": 219
        },
        {
            "id": "100075681413098",
            "count": 0
        },
        {
            "id": "100077474679370",
            "count": 83
        },
        {
            "id": "100030198694801",
            "count": 12
        },
        {
            "id": "100083036484663",
            "count": 4
        },
        {
            "id": "100094208419404",
            "count": 119
        },
        {
            "id": "61554806585146",
            "count": 0
        },
        {
            "id": "100051192623583",
            "count": 7
        },
        {
            "id": "61565187891242",
            "count": 1
        },
        {
            "id": "100090172863586",
            "count": 9
        },
        {
            "id": "100078339027670",
            "count": 213
        },
        {
            "id": "100089003340368",
            "count": 2
        },
        {
            "id": "100014771536566",
            "count": 125
        },
        {
            "id": "100043928858694",
            "count": 0
        },
        {
            "id": "100081077209034",
            "count": 4
        },
        {
            "id": "61551375832812",
            "count": 0
        },
        {
            "id": "61555028396403",
            "count": 8
        },
        {
            "id": "61556515186536",
            "count": 26
        },
        {
            "id": "100058650217315",
            "count": 7
        },
        {
            "id": "100081277939761",
            "count": 22
        },
        {
            "id": "100054619796210",
            "count": 57
        },
        {
            "id": "100092599686205",
            "count": 0
        },
        {
            "id": "100027544391227",
            "count": 8
        },
        {
            "id": "100011452094898",
            "count": 47
        },
        {
            "id": "100073959312341",
            "count": 7
        },
        {
            "id": "100032216059831",
            "count": 23
        },
        {
            "id": "61551450457220",
            "count": 2
        },
        {
            "id": "100039594630629",
            "count": 0
        },
        {
            "id": "100027418304848",
            "count": 1
        },
        {
            "id": "100047514954366",
            "count": 10
        },
        {
            "id": "100012954368182",
            "count": 5
        },
        {
            "id": "100029062902450",
            "count": 23
        },
        {
            "id": "61556616401213",
            "count": 22
        },
        {
            "id": "61565749387458",
            "count": 209
        },
        {
            "id": "100093389817459",
            "count": 3307
        },
        {
            "id": "61557664556398",
            "count": 16
        },
        {
            "id": "100054395178515",
            "count": 2562
        },
        {
            "id": "100053810024233",
            "count": 536
        },
        {
            "id": "61554737141168",
            "count": 122
        },
        {
            "id": "100003773337470",
            "count": 652
        },
        {
            "id": "100067601715336",
            "count": 628
        },
        {
            "id": "61555249801951",
            "count": 1
        },
        {
            "id": "100092413488569",
            "count": 2
        },
        {
            "id": "100028744307705",
            "count": 128
        },
        {
            "id": "100084452197298",
            "count": 516
        },
        {
            "id": "100046367165848",
            "count": 416
        },
        {
            "id": "61566361215378",
            "count": 0
        },
        {
            "id": "100073515891287",
            "count": 1
        },
        {
            "id": "100043667799047",
            "count": 380
        },
        {
            "id": "100044668727703",
            "count": 36
        },
        {
            "id": "61564119907291",
            "count": 3
        },
        {
            "id": "100023275775354",
            "count": 66
        },
        {
            "id": "100090288709923",
            "count": 36
        },
        {
            "id": "100070882553509",
            "count": 29
        },
        {
            "id": "100021973877770",
            "count": 49
        },
        {
            "id": "100025803765525",
            "count": 0
        },
        {
            "id": "100063762132926",
            "count": 7
        },
        {
            "id": "61561530282324",
            "count": 20
        },
        {
            "id": "61554347969613",
            "count": 32
        },
        {
            "id": "100049116489664",
            "count": 6
        },
        {
            "id": "100068368638456",
            "count": 212
        },
        {
            "id": "100072209983510",
            "count": 51
        },
        {
            "id": "100060601204120",
            "count": 681
        },
        {
            "id": "100022834274940",
            "count": 13
        },
        {
            "id": "100022670837266",
            "count": 36
        },
        {
            "id": "100058810636287",
            "count": 15
        },
        {
            "id": "100010588063458",
            "count": 82
        },
        {
            "id": "61555762781780",
            "count": 47
        },
        {
            "id": "100054487570094",
            "count": 35
        },
        {
            "id": "100069165529605",
            "count": 5
        },
        {
            "id": "100011472337764",
            "count": 61
        },
        {
            "id": "100090343844794",
            "count": 25
        },
        {
            "id": "100083583466754",
            "count": 10
        },
        {
            "id": "61567863418490",
            "count": 6
        },
        {
            "id": "100077552187955",
            "count": 111
        },
        {
            "id": "61557556934705",
            "count": 25
        },
        {
            "id": "61558071383404",
            "count": 10
        },
        {
            "id": "100047207420868",
            "count": 42
        },
        {
            "id": "61564132534783",
            "count": 180
        },
        {
            "id": "100030384742285",
            "count": 206
        },
        {
            "id": "100094487603577",
            "count": 118
        },
        {
            "id": "61550992385091",
            "count": 136
        },
        {
            "id": "61551027846728",
            "count": 271
        },
        {
            "id": "100010936781906",
            "count": 7
        },
        {
            "id": "100078413705338",
            "count": 165
        },
        {
            "id": "61550794881576",
            "count": 105
        },
        {
            "id": "100006455001429",
            "count": 23
        },
        {
            "id": "61558637518469",
            "count": 164
        },
        {
            "id": "100013807604393",
            "count": 29
        },
        {
            "id": "100039470115552",
            "count": 13
        },
        {
            "id": "61556395747979",
            "count": 96
        },
        {
            "id": "100094669453167",
            "count": 41
        },
        {
            "id": "100000205210916",
            "count": 1
        },
        {
            "id": "100087140141512",
            "count": 61
        },
        {
            "id": "100093193801767",
            "count": 88
        },
        {
            "id": "100077059028278",
            "count": 4
        },
        {
            "id": "61556299294239",
            "count": 234
        },
        {
            "id": "100080963123850",
            "count": 45
        },
        {
            "id": "61560413039694",
            "count": 4
        },
        {
            "id": "100081820851533",
            "count": 143
        },
        {
            "id": "100089382879914",
            "count": 25
        },
        {
            "id": "100023537183067",
            "count": 12
        },
        {
            "id": "100085446887947",
            "count": 6
        },
        {
            "id": "100093426391394",
            "count": 6
        },
        {
            "id": "100078174063308",
            "count": 255
        },
        {
            "id": "100051162497629",
            "count": 5
        },
        {
            "id": "100075871925038",
            "count": 0
        },
        {
            "id": "61566544100835",
            "count": 47
        },
        {
            "id": "100072540013754",
            "count": 0
        },
        {
            "id": "100092440185473",
            "count": 0
        },
        {
            "id": "678140944",
            "count": 90
        },
        {
            "id": "100050290188248",
            "count": 9
        },
        {
            "id": "100019107467817",
            "count": 3
        },
        {
            "id": "100074545966718",
            "count": 10
        },
        {
            "id": "100061995136885",
            "count": 2
        },
        {
            "id": "100063453984857",
            "count": 88
        },
        {
            "id": "61550558395411",
            "count": 90
        },
        {
            "id": "61556694964912",
            "count": 308
        },
        {
            "id": "100066838502411",
            "count": 14
        },
        {
            "id": "61551078600060",
            "count": 239
        },
        {
            "id": "100092500392041",
            "count": 57
        },
        {
            "id": "100074158701701",
            "count": 20
        },
        {
            "id": "100070185429796",
            "count": 79
        },
        {
            "id": "100079943507289",
            "count": 1
        }
    ],
    "week": [
        {
            "id": "100040542224086",
            "count": 0,
            "name": "Ah Quân"
        },
        {
            "id": "61555635801941",
            "count": 29,
            "name": "Phan Anh Đạt"
        },
        {
            "id": "100080089505118",
            "count": 0,
            "name": "Phan Anh Quân"
        },
        {
            "id": "100085359709556",
            "count": 34,
            "name": "Trần Thanh Phong"
        },
        {
            "id": "61557639287488",
            "count": 18,
            "name": "Phan Anh Quân"
        },
        {
            "id": "100033939874270",
            "count": 0,
            "name": "Nguyễn Nam Long"
        },
        {
            "id": "61554648471459",
            "count": 52,
            "name": "Myu Brita"
        },
        {
            "id": "100075681413098",
            "count": 0,
            "name": "Nguyễn Đức"
        },
        {
            "id": "100077474679370",
            "count": 15,
            "name": "Phạm Quang Chiến"
        },
        {
            "id": "100030198694801",
            "count": 0,
            "name": "Lương Ngọc Lan"
        },
        {
            "id": "100083036484663",
            "count": 0,
            "name": "Thiều Quang Minh"
        },
        {
            "id": "100094208419404",
            "count": 0,
            "name": "Mi Mi"
        },
        {
            "id": "61554806585146",
            "count": 0,
            "name": "Hoàng Sơn"
        },
        {
            "id": "100051192623583",
            "count": 0,
            "name": "Nguyễn Nguyên"
        },
        {
            "id": "61565187891242",
            "count": 0,
            "name": "Thien Phu"
        },
        {
            "id": "100090172863586",
            "count": 2,
            "name": "Tử Hoàng"
        },
        {
            "id": "100078339027670",
            "count": 10,
            "name": "Van Truong"
        },
        {
            "id": "100089003340368",
            "count": 1,
            "name": "Linh Đàm Phương"
        },
        {
            "id": "100014771536566",
            "count": 6,
            "name": "Hậu Văn"
        },
        {
            "id": "100043928858694",
            "count": 0,
            "name": "Nguyễn Minh Nghĩa"
        },
        {
            "id": "100081077209034",
            "count": 2,
            "name": "Phạm Văn Khánh"
        },
        {
            "id": "61551375832812",
            "count": 0,
            "name": "Nguyễn Thịnh"
        },
        {
            "id": "61555028396403",
            "count": 0,
            "name": "Thanh Thảo "
        },
        {
            "id": "61556515186536",
            "count": 0,
            "name": "Thiên An"
        },
        {
            "id": "100058650217315",
            "count": 0,
            "name": "Cao Quoc Cuong"
        },
        {
            "id": "100081277939761",
            "count": 0,
            "name": "Duc Long"
        },
        {
            "id": "100054619796210",
            "count": 0,
            "name": "Phương Uyên"
        },
        {
            "id": "100092599686205",
            "count": 0,
            "name": "Phong Khánh Nguyễn"
        },
        {
            "id": "100027544391227",
            "count": 0,
            "name": "Võ Thành Phú"
        },
        {
            "id": "100011452094898",
            "count": 0,
            "name": "Phạm Hoài Phương"
        },
        {
            "id": "100073959312341",
            "count": 6,
            "name": "Sơn Vũ"
        },
        {
            "id": "100032216059831",
            "count": 17,
            "name": "Nguyễn Trung Hiếu"
        },
        {
            "id": "61551450457220",
            "count": 0,
            "name": "Ng Quốc Khánh"
        },
        {
            "id": "100039594630629",
            "count": 0,
            "name": "Nguyễn Tuấn Anh"
        },
        {
            "id": "100027418304848",
            "count": 0,
            "name": "Su Bơ"
        },
        {
            "id": "100047514954366",
            "count": 0,
            "name": "Dương Dương"
        },
        {
            "id": "100012954368182",
            "count": 0,
            "name": "Nguyễn Minh Trí"
        },
        {
            "id": "100029062902450",
            "count": 3,
            "name": "Hữu Cường"
        },
        {
            "id": "61556616401213",
            "count": 0,
            "name": "Phuong Anhh"
        },
        {
            "id": "61565749387458",
            "count": 6,
            "name": "Như Ngọc"
        },
        {
            "id": "100093389817459",
            "count": 488,
            "name": "Nguyễn Thu Ngân"
        },
        {
            "id": "61557664556398",
            "count": 0,
            "name": "Gia Linh"
        },
        {
            "id": "100054395178515",
            "count": 502,
            "name": "Bảo Thy"
        },
        {
            "id": "100053810024233",
            "count": 45,
            "name": "Tài Trần"
        },
        {
            "id": "61554737141168",
            "count": 7,
            "name": "Trung Kiên"
        },
        {
            "id": "100003773337470",
            "count": 50,
            "name": "Quỳnh Như"
        },
        {
            "id": "100067601715336",
            "count": 73,
            "name": "Hoàng Huy"
        },
        {
            "id": "61555249801951",
            "count": 1,
            "name": "Tran Anh"
        },
        {
            "id": "100092413488569",
            "count": 0,
            "name": "Tien Dat"
        },
        {
            "id": "100028744307705",
            "count": 11,
            "name": "Nguyễn Phương Nam"
        },
        {
            "id": "100084452197298",
            "count": 17,
            "name": "Hoàng Phúc"
        },
        {
            "id": "100046367165848",
            "count": 0,
            "name": "Bá Trung"
        },
        {
            "id": "61566361215378",
            "count": 0,
            "name": "Linh Trương"
        },
        {
            "id": "100073515891287",
            "count": 0,
            "name": "Nguyễn Văn Đoàn"
        },
        {
            "id": "100043667799047",
            "count": 194,
            "name": "Bùi Đức"
        },
        {
            "id": "100044668727703",
            "count": 4,
            "name": "Nguyễn Hoàng Kiên"
        },
        {
            "id": "61564119907291",
            "count": 0,
            "name": "Tạ Hạnh"
        },
        {
            "id": "100023275775354",
            "count": 0,
            "name": "Ngọc Như"
        },
        {
            "id": "100090288709923",
            "count": 14,
            "name": "Quyền Tô"
        },
        {
            "id": "100070882553509",
            "count": 6,
            "name": "Nguyễn Dương"
        },
        {
            "id": "100021973877770",
            "count": 0,
            "name": "An Vĩ "
        },
        {
            "id": "100025803765525",
            "count": 0,
            "name": "Phạm Tiến Phi"
        },
        {
            "id": "100063762132926",
            "count": 0,
            "name": "Nguyễn Khang"
        },
        {
            "id": "61561530282324",
            "count": 20,
            "name": "Roronoa Xoro"
        },
        {
            "id": "61554347969613",
            "count": 5,
            "name": "Hải Nam"
        },
        {
            "id": "100049116489664",
            "count": 0,
            "name": "N Chau Bao"
        },
        {
            "id": "100068368638456",
            "count": 0,
            "name": "Đình Hiếu"
        },
        {
            "id": "100072209983510",
            "count": 0,
            "name": "Chu Hiếu"
        },
        {
            "id": "100060601204120",
            "count": 280,
            "name": "Thien Vu"
        },
        {
            "id": "100022834274940",
            "count": 0,
            "name": "Khôi Trần"
        },
        {
            "id": "100022670837266",
            "count": 0,
            "name": "Tống Khắc Hiệp"
        },
        {
            "id": "100058810636287",
            "count": 1,
            "name": "Nguyễn Bá Đồng"
        },
        {
            "id": "100010588063458",
            "count": 1,
            "name": "Raz Khmer"
        },
        {
            "id": "61555762781780",
            "count": 0,
            "name": "Thanh Nguyễn"
        },
        {
            "id": "100054487570094",
            "count": 0,
            "name": "Nguyen Khoi"
        },
        {
            "id": "100069165529605",
            "count": 0,
            "name": "Phạm Văn Trường"
        },
        {
            "id": "100011472337764",
            "count": 4,
            "name": "Phạm Trần Ngọc Thắng"
        },
        {
            "id": "100090343844794",
            "count": 0,
            "name": "Khải Nguyễn"
        },
        {
            "id": "100083583466754",
            "count": 0,
            "name": "Nguyễn Thảo Vy"
        },
        {
            "id": "61567863418490",
            "count": 0,
            "name": "Nguyễn VanA"
        },
        {
            "id": "100077552187955",
            "count": 0,
            "name": "Quang Hữu"
        },
        {
            "id": "61557556934705",
            "count": 0,
            "name": "Nguyễn Vỹ"
        },
        {
            "id": "61558071383404",
            "count": 0,
            "name": "Văn Vinh"
        },
        {
            "id": "100047207420868",
            "count": 0,
            "name": "NG Đình Huy"
        },
        {
            "id": "61564132534783",
            "count": 30,
            "name": "Khả Vy"
        },
        {
            "id": "100030384742285",
            "count": 0,
            "name": "Hoàng Đức Nam"
        },
        {
            "id": "100094487603577",
            "count": 10,
            "name": "Lê Vũ Bảo"
        },
        {
            "id": "61550992385091",
            "count": 6,
            "name": "Trần Minh Quang"
        },
        {
            "id": "61551027846728",
            "count": 0,
            "name": "Lam Lam"
        },
        {
            "id": "100010936781906",
            "count": 0,
            "name": "Bình Phan"
        },
        {
            "id": "100078413705338",
            "count": 149,
            "name": "Hải Nguyên"
        },
        {
            "id": "61550794881576",
            "count": 0,
            "name": "Nguyên Trần"
        },
        {
            "id": "100006455001429",
            "count": 0,
            "name": "Lê Quý Hương Giang"
        },
        {
            "id": "61558637518469",
            "count": 24,
            "name": "Duy Toànn"
        },
        {
            "id": "100013807604393",
            "count": 9,
            "name": "Bùi Thắng"
        },
        {
            "id": "100039470115552",
            "count": 2,
            "name": "Ánh Thủy"
        },
        {
            "id": "61556395747979",
            "count": 10,
            "name": "Quang MiXi"
        },
        {
            "id": "100094669453167",
            "count": 18,
            "name": "Tan Anh"
        },
        {
            "id": "100000205210916",
            "count": 0,
            "name": "Huỳnh Minh Cường"
        },
        {
            "id": "100087140141512",
            "count": 0,
            "name": "Khánh Duy"
        },
        {
            "id": "100093193801767",
            "count": 0,
            "name": "Trần Dũng"
        },
        {
            "id": "100077059028278",
            "count": 3,
            "name": "Đạt Trần"
        },
        {
            "id": "61556299294239",
            "count": 87,
            "name": "Xuann Duyy"
        },
        {
            "id": "100080963123850",
            "count": 2,
            "name": "Kiệt Nguyễn"
        },
        {
            "id": "61560413039694",
            "count": 0,
            "name": "Đình Hiếu"
        },
        {
            "id": "100081820851533",
            "count": 6,
            "name": "Nguyễn Minh"
        },
        {
            "id": "100089382879914",
            "count": 2,
            "name": "Thông Văn"
        },
        {
            "id": "100023537183067",
            "count": 0,
            "name": "Lợi Phạm"
        },
        {
            "id": "100085446887947",
            "count": 0,
            "name": "Vũ Duy Hoàng"
        },
        {
            "id": "100093426391394",
            "count": 0,
            "name": "Thành Tóc Dài"
        },
        {
            "id": "100078174063308",
            "count": 142,
            "name": "Phúc Hoàng"
        },
        {
            "id": "100051162497629",
            "count": 1,
            "name": "Đức Toàn"
        },
        {
            "id": "100075871925038",
            "count": 0,
            "name": "Người dùng facebook"
        },
        {
            "id": "61566544100835",
            "count": 23,
            "name": "Thắng Hoàng"
        },
        {
            "id": "100072540013754",
            "count": 0,
            "name": "Người dùng facebook"
        },
        {
            "id": "100092440185473",
            "count": 0,
            "name": "Người dùng facebook"
        },
        {
            "id": "678140944",
            "count": 89,
            "name": "Hoàng Minh"
        },
        {
            "id": "100050290188248",
            "count": 2,
            "name": "Việt Quang"
        },
        {
            "id": "100019107467817",
            "count": 3
        },
        {
            "id": "100074545966718",
            "count": 10
        },
        {
            "id": "100061995136885",
            "count": 2
        },
        {
            "id": "100063453984857",
            "count": 88
        },
        {
            "id": "61550558395411",
            "count": 90
        },
        {
            "id": "61556694964912",
            "count": 308
        },
        {
            "id": "100066838502411",
            "count": 14
        },
        {
            "id": "61551078600060",
            "count": 239
        },
        {
            "id": "100092500392041",
            "count": 57
        },
        {
            "id": "100074158701701",
            "count": 20
        },
        {
            "id": "100070185429796",
            "count": 79
        },
        {
            "id": "100079943507289",
            "count": 1
        }
    ],
    "day": [
        {
            "id": "100040542224086",
            "count": 0,
            "name": "Ah Quân"
        },
        {
            "id": "61555635801941",
            "count": 0,
            "name": "Phan Anh Đạt"
        },
        {
            "id": "100080089505118",
            "count": 0,
            "name": "Phan Anh Quân"
        },
        {
            "id": "100085359709556",
            "count": 0,
            "name": "Trần Thanh Phong"
        },
        {
            "id": "61557639287488",
            "count": 0,
            "name": "Phan Anh Quân"
        },
        {
            "id": "100033939874270",
            "count": 0,
            "name": "Nguyễn Nam Long"
        },
        {
            "id": "61554648471459",
            "count": 0,
            "name": "Myu Brita"
        },
        {
            "id": "100075681413098",
            "count": 0,
            "name": "Nguyễn Đức"
        },
        {
            "id": "100077474679370",
            "count": 0,
            "name": "Phạm Quang Chiến"
        },
        {
            "id": "100030198694801",
            "count": 0,
            "name": "Lương Ngọc Lan"
        },
        {
            "id": "100083036484663",
            "count": 0,
            "name": "Thiều Quang Minh"
        },
        {
            "id": "100094208419404",
            "count": 0,
            "name": "Mi Mi"
        },
        {
            "id": "61554806585146",
            "count": 0,
            "name": "Hoàng Sơn"
        },
        {
            "id": "100051192623583",
            "count": 0,
            "name": "Nguyễn Nguyên"
        },
        {
            "id": "61565187891242",
            "count": 0,
            "name": "Thien Phu"
        },
        {
            "id": "100090172863586",
            "count": 0,
            "name": "Tử Hoàng"
        },
        {
            "id": "100078339027670",
            "count": 0,
            "name": "Van Truong"
        },
        {
            "id": "100089003340368",
            "count": 0,
            "name": "Linh Đàm Phương"
        },
        {
            "id": "100014771536566",
            "count": 0,
            "name": "Hậu Văn"
        },
        {
            "id": "100043928858694",
            "count": 0,
            "name": "Nguyễn Minh Nghĩa"
        },
        {
            "id": "100081077209034",
            "count": 0,
            "name": "Phạm Văn Khánh"
        },
        {
            "id": "61551375832812",
            "count": 0,
            "name": "Nguyễn Thịnh"
        },
        {
            "id": "61555028396403",
            "count": 0,
            "name": "Thanh Thảo "
        },
        {
            "id": "61556515186536",
            "count": 0,
            "name": "Thiên An"
        },
        {
            "id": "100058650217315",
            "count": 0,
            "name": "Cao Quoc Cuong"
        },
        {
            "id": "100081277939761",
            "count": 0,
            "name": "Duc Long"
        },
        {
            "id": "100054619796210",
            "count": 0,
            "name": "Phương Uyên"
        },
        {
            "id": "100092599686205",
            "count": 0,
            "name": "Phong Khánh Nguyễn"
        },
        {
            "id": "100027544391227",
            "count": 0,
            "name": "Võ Thành Phú"
        },
        {
            "id": "100011452094898",
            "count": 0,
            "name": "Phạm Hoài Phương"
        },
        {
            "id": "100073959312341",
            "count": 0,
            "name": "Sơn Vũ"
        },
        {
            "id": "100032216059831",
            "count": 0,
            "name": "Nguyễn Trung Hiếu"
        },
        {
            "id": "61551450457220",
            "count": 0,
            "name": "Ng Quốc Khánh"
        },
        {
            "id": "100039594630629",
            "count": 0,
            "name": "Nguyễn Tuấn Anh"
        },
        {
            "id": "100027418304848",
            "count": 0,
            "name": "Su Bơ"
        },
        {
            "id": "100047514954366",
            "count": 0,
            "name": "Dương Dương"
        },
        {
            "id": "100012954368182",
            "count": 0,
            "name": "Nguyễn Minh Trí"
        },
        {
            "id": "100029062902450",
            "count": 0,
            "name": "Hữu Cường"
        },
        {
            "id": "61556616401213",
            "count": 0,
            "name": "Phuong Anhh"
        },
        {
            "id": "61565749387458",
            "count": 0,
            "name": "Như Ngọc"
        },
        {
            "id": "100093389817459",
            "count": 0,
            "name": "Nguyễn Thu Ngân"
        },
        {
            "id": "61557664556398",
            "count": 0,
            "name": "Gia Linh"
        },
        {
            "id": "100054395178515",
            "count": 0,
            "name": "Bảo Thy"
        },
        {
            "id": "100053810024233",
            "count": 0,
            "name": "Tài Trần"
        },
        {
            "id": "61554737141168",
            "count": 0,
            "name": "Trung Kiên"
        },
        {
            "id": "100003773337470",
            "count": 0,
            "name": "Quỳnh Như"
        },
        {
            "id": "100067601715336",
            "count": 0,
            "name": "Hoàng Huy"
        },
        {
            "id": "61555249801951",
            "count": 0,
            "name": "Tran Anh"
        },
        {
            "id": "100092413488569",
            "count": 0,
            "name": "Tien Dat"
        },
        {
            "id": "100028744307705",
            "count": 0,
            "name": "Nguyễn Phương Nam"
        },
        {
            "id": "100084452197298",
            "count": 0,
            "name": "Hoàng Phúc"
        },
        {
            "id": "100046367165848",
            "count": 0,
            "name": "Bá Trung"
        },
        {
            "id": "61566361215378",
            "count": 0,
            "name": "Linh Trương"
        },
        {
            "id": "100073515891287",
            "count": 0,
            "name": "Nguyễn Văn Đoàn"
        },
        {
            "id": "100043667799047",
            "count": 0,
            "name": "Bùi Đức"
        },
        {
            "id": "100044668727703",
            "count": 0,
            "name": "Nguyễn Hoàng Kiên"
        },
        {
            "id": "61564119907291",
            "count": 0,
            "name": "Tạ Hạnh"
        },
        {
            "id": "100023275775354",
            "count": 0,
            "name": "Ngọc Như"
        },
        {
            "id": "100090288709923",
            "count": 0,
            "name": "Quyền Tô"
        },
        {
            "id": "100070882553509",
            "count": 0,
            "name": "Nguyễn Dương"
        },
        {
            "id": "100021973877770",
            "count": 0,
            "name": "An Vĩ "
        },
        {
            "id": "100025803765525",
            "count": 0,
            "name": "Phạm Tiến Phi"
        },
        {
            "id": "100063762132926",
            "count": 0,
            "name": "Nguyễn Khang"
        },
        {
            "id": "61561530282324",
            "count": 0,
            "name": "Roronoa Xoro"
        },
        {
            "id": "61554347969613",
            "count": 0,
            "name": "Hải Nam"
        },
        {
            "id": "100049116489664",
            "count": 0,
            "name": "N Chau Bao"
        },
        {
            "id": "100068368638456",
            "count": 0,
            "name": "Đình Hiếu"
        },
        {
            "id": "100072209983510",
            "count": 0,
            "name": "Chu Hiếu"
        },
        {
            "id": "100060601204120",
            "count": 0,
            "name": "Thien Vu"
        },
        {
            "id": "100022834274940",
            "count": 0,
            "name": "Khôi Trần"
        },
        {
            "id": "100022670837266",
            "count": 0,
            "name": "Tống Khắc Hiệp"
        },
        {
            "id": "100058810636287",
            "count": 0,
            "name": "Nguyễn Bá Đồng"
        },
        {
            "id": "100010588063458",
            "count": 0,
            "name": "Raz Khmer"
        },
        {
            "id": "61555762781780",
            "count": 0,
            "name": "Thanh Nguyễn"
        },
        {
            "id": "100054487570094",
            "count": 0,
            "name": "Nguyen Khoi"
        },
        {
            "id": "100069165529605",
            "count": 0,
            "name": "Phạm Văn Trường"
        },
        {
            "id": "100011472337764",
            "count": 0,
            "name": "Phạm Trần Ngọc Thắng"
        },
        {
            "id": "100090343844794",
            "count": 0,
            "name": "Khải Nguyễn"
        },
        {
            "id": "100083583466754",
            "count": 0,
            "name": "Nguyễn Thảo Vy"
        },
        {
            "id": "61567863418490",
            "count": 0,
            "name": "Nguyễn VanA"
        },
        {
            "id": "100077552187955",
            "count": 0,
            "name": "Quang Hữu"
        },
        {
            "id": "61557556934705",
            "count": 0,
            "name": "Nguyễn Vỹ"
        },
        {
            "id": "61558071383404",
            "count": 0,
            "name": "Văn Vinh"
        },
        {
            "id": "100047207420868",
            "count": 0,
            "name": "NG Đình Huy"
        },
        {
            "id": "61564132534783",
            "count": 0,
            "name": "Khả Vy"
        },
        {
            "id": "100030384742285",
            "count": 0,
            "name": "Hoàng Đức Nam"
        },
        {
            "id": "100094487603577",
            "count": 0,
            "name": "Lê Vũ Bảo"
        },
        {
            "id": "61550992385091",
            "count": 0,
            "name": "Trần Minh Quang"
        },
        {
            "id": "61551027846728",
            "count": 0,
            "name": "Lam Lam"
        },
        {
            "id": "100010936781906",
            "count": 0,
            "name": "Bình Phan"
        },
        {
            "id": "100078413705338",
            "count": 0,
            "name": "Hải Nguyên"
        },
        {
            "id": "61550794881576",
            "count": 0,
            "name": "Nguyên Trần"
        },
        {
            "id": "100006455001429",
            "count": 0,
            "name": "Lê Quý Hương Giang"
        },
        {
            "id": "61558637518469",
            "count": 0,
            "name": "Duy Toànn"
        },
        {
            "id": "100013807604393",
            "count": 0,
            "name": "Bùi Thắng"
        },
        {
            "id": "100039470115552",
            "count": 0,
            "name": "Ánh Thủy"
        },
        {
            "id": "61556395747979",
            "count": 0,
            "name": "Quang MiXi"
        },
        {
            "id": "100094669453167",
            "count": 0,
            "name": "Tan Anh"
        },
        {
            "id": "100000205210916",
            "count": 0,
            "name": "Huỳnh Minh Cường"
        },
        {
            "id": "100087140141512",
            "count": 0,
            "name": "Khánh Duy"
        },
        {
            "id": "100093193801767",
            "count": 0,
            "name": "Trần Dũng"
        },
        {
            "id": "100077059028278",
            "count": 0,
            "name": "Đạt Trần"
        },
        {
            "id": "61556299294239",
            "count": 0,
            "name": "Xuann Duyy"
        },
        {
            "id": "100080963123850",
            "count": 0,
            "name": "Kiệt Nguyễn"
        },
        {
            "id": "61560413039694",
            "count": 0,
            "name": "Đình Hiếu"
        },
        {
            "id": "100081820851533",
            "count": 0,
            "name": "Nguyễn Minh"
        },
        {
            "id": "100089382879914",
            "count": 0,
            "name": "Thông Văn"
        },
        {
            "id": "100023537183067",
            "count": 0,
            "name": "Lợi Phạm"
        },
        {
            "id": "100085446887947",
            "count": 0,
            "name": "Vũ Duy Hoàng"
        },
        {
            "id": "100093426391394",
            "count": 0,
            "name": "Thành Tóc Dài"
        },
        {
            "id": "100078174063308",
            "count": 0,
            "name": "Phúc Hoàng"
        },
        {
            "id": "100051162497629",
            "count": 0,
            "name": "Đức Toàn"
        },
        {
            "id": "100075871925038",
            "count": 0,
            "name": "Người dùng facebook"
        },
        {
            "id": "61566544100835",
            "count": 0,
            "name": "Thắng Hoàng"
        },
        {
            "id": "100072540013754",
            "count": 0,
            "name": "Người dùng facebook"
        },
        {
            "id": "100092440185473",
            "count": 0,
            "name": "Người dùng facebook"
        },
        {
            "id": "678140944",
            "count": 0,
            "name": "Hoàng Minh"
        },
        {
            "id": "100050290188248",
            "count": 0,
            "name": "Việt Quang"
        },
        {
            "id": "100019107467817",
            "count": 0,
            "name": " Tiến Nam "
        },
        {
            "id": "100074545966718",
            "count": 0,
            "name": "Nguyen Kien"
        },
        {
            "id": "100061995136885",
            "count": 0,
            "name": "Nguyễn Ngọc Hải Yến"
        },
        {
            "id": "100063453984857",
            "count": 0,
            "name": "Nguyễn Huy"
        },
        {
            "id": "61550558395411",
            "count": 0,
            "name": "Hiếu Hoa Hồng"
        },
        {
            "id": "61556694964912",
            "count": 0,
            "name": "Gia Bảo"
        },
        {
            "id": "100066838502411",
            "count": 0,
            "name": "Thnh Hoai"
        },
        {
            "id": "61551078600060",
            "count": 0,
            "name": "Trần Phú Hữu"
        },
        {
            "id": "100092500392041",
            "count": 0,
            "name": "Cong Minh"
        },
        {
            "id": "100074158701701",
            "count": 0,
            "name": "Nguyễnn Trịi"
        },
        {
            "id": "100070185429796",
            "count": 0,
            "name": "Võ Thành Phú"
        },
        {
            "id": "100079943507289",
            "count": 0,
            "name": "Tuấn Hí"
        }
    ],
    "time": 6,
    "last": {
        "time": 0,
        "day": [
            {
                "id": "61556581119802",
                "count": 0
            },
            {
                "id": "100069905671627",
                "count": 0
            },
            {
                "id": "100040542224086",
                "count": 0
            },
            {
                "id": "61555635801941",
                "count": 0
            },
            {
                "id": "61558285053967",
                "count": 0
            },
            {
                "id": "100080089505118",
                "count": 0
            },
            {
                "id": "100070185429796",
                "count": 0
            },
            {
                "id": "100085359709556",
                "count": 0
            },
            {
                "id": "100095049288401",
                "count": 0
            },
            {
                "id": "61557639287488",
                "count": 0
            },
            {
                "id": "100028843068997",
                "count": 0
            },
            {
                "id": "100033939874270",
                "count": 0
            },
            {
                "id": "61554648471459",
                "count": 0
            },
            {
                "id": "100075681413098",
                "count": 0
            },
            {
                "id": "100015989506834",
                "count": 0
            },
            {
                "id": "100077474679370",
                "count": 0
            },
            {
                "id": "100030198694801",
                "count": 0
            },
            {
                "id": "100083036484663",
                "count": 0
            },
            {
                "id": "100094208419404",
                "count": 0
            },
            {
                "id": "100094669453167",
                "count": 0
            },
            {
                "id": "100030733512873",
                "count": 0
            },
            {
                "id": "61554806585146",
                "count": 0
            },
            {
                "id": "61550023250275",
                "count": 0
            },
            {
                "id": "100051192623583",
                "count": 0
            },
            {
                "id": "100087671386763",
                "count": 0
            },
            {
                "id": "100026529782588",
                "count": 0
            },
            {
                "id": "61565187891242",
                "count": 0
            },
            {
                "id": "100090172863586",
                "count": 0
            },
            {
                "id": "61565523672137",
                "count": 0
            },
            {
                "id": "100090468786252",
                "count": 0
            },
            {
                "id": "100082046686440",
                "count": 0
            },
            {
                "id": "100050350364129",
                "count": 0
            },
            {
                "id": "100068858868264",
                "count": 0
            },
            {
                "id": "100078339027670",
                "count": 0
            },
            {
                "id": "100060634880369",
                "count": 0
            },
            {
                "id": "100089003340368",
                "count": 0
            },
            {
                "id": "100063420537085",
                "count": 0
            },
            {
                "id": "100014771536566",
                "count": 0
            },
            {
                "id": "100061813050338",
                "count": 0
            },
            {
                "id": "100059340316398",
                "count": 0
            },
            {
                "id": "100043928858694",
                "count": 0
            },
            {
                "id": "100049635636327",
                "count": 0
            },
            {
                "id": "100003763881499",
                "count": 0
            },
            {
                "id": "100081077209034",
                "count": 0
            },
            {
                "id": "61564270820895",
                "count": 0
            },
            {
                "id": "100087271862566",
                "count": 0
            },
            {
                "id": "61551375832812",
                "count": 0
            },
            {
                "id": "100067730049424",
                "count": 0
            },
            {
                "id": "61555028396403",
                "count": 0
            },
            {
                "id": "100014661101920",
                "count": 0
            },
            {
                "id": "61556515186536",
                "count": 0
            },
            {
                "id": "100058650217315",
                "count": 0
            },
            {
                "id": "100081277939761",
                "count": 0
            },
            {
                "id": "100054619796210",
                "count": 0
            },
            {
                "id": "100060223734574",
                "count": 0
            },
            {
                "id": "100038352260289",
                "count": 0
            },
            {
                "id": "100092599686205",
                "count": 0
            },
            {
                "id": "100037105901591",
                "count": 0
            },
            {
                "id": "61563721822059",
                "count": 0
            },
            {
                "id": "100027544391227",
                "count": 0
            },
            {
                "id": "100011452094898",
                "count": 0
            },
            {
                "id": "100073959312341",
                "count": 0
            },
            {
                "id": "100046985031149",
                "count": 0
            },
            {
                "id": "100032216059831",
                "count": 0
            },
            {
                "id": "100011523420913",
                "count": 0
            },
            {
                "id": "61551450457220",
                "count": 0
            },
            {
                "id": "61557334142750",
                "count": 0
            },
            {
                "id": "100039594630629",
                "count": 0
            },
            {
                "id": "100084260606796",
                "count": 0
            },
            {
                "id": "100073958413225",
                "count": 0
            },
            {
                "id": "100084487389607",
                "count": 0
            },
            {
                "id": "100027418304848",
                "count": 0
            },
            {
                "id": "100047514954366",
                "count": 0
            },
            {
                "id": "100061702942272",
                "count": 0
            },
            {
                "id": "100012954368182",
                "count": 0
            },
            {
                "id": "100029062902450",
                "count": 0
            },
            {
                "id": "61556616401213",
                "count": 0
            },
            {
                "id": "100040993921804",
                "count": 0
            },
            {
                "id": "61567638415256",
                "count": 0
            },
            {
                "id": "100092585487537",
                "count": 0
            },
            {
                "id": "61565749387458",
                "count": 0
            },
            {
                "id": "100093389817459",
                "count": 0
            },
            {
                "id": "61557664556398",
                "count": 0
            },
            {
                "id": "100054395178515",
                "count": 0
            },
            {
                "id": "100053810024233",
                "count": 0
            },
            {
                "id": "100066606831122",
                "count": 0
            },
            {
                "id": "61554737141168",
                "count": 0
            },
            {
                "id": "100003773337470",
                "count": 0
            },
            {
                "id": "61551078600060",
                "count": 0
            },
            {
                "id": "100080756823646",
                "count": 0
            },
            {
                "id": "100067601715336",
                "count": 0
            },
            {
                "id": "61555249801951",
                "count": 0
            },
            {
                "id": "100063901316375",
                "count": 0
            },
            {
                "id": "100088373449042",
                "count": 0
            },
            {
                "id": "100082316601202",
                "count": 0
            },
            {
                "id": "100061995136885",
                "count": 0
            },
            {
                "id": "61565876507970",
                "count": 0
            },
            {
                "id": "100077636618426",
                "count": 0
            },
            {
                "id": "100081521205821",
                "count": 0
            },
            {
                "id": "100087986034465",
                "count": 0
            },
            {
                "id": "100092413488569",
                "count": 0
            },
            {
                "id": "61552955900740",
                "count": 0
            },
            {
                "id": "61567777135778",
                "count": 0
            },
            {
                "id": "100028744307705",
                "count": 0
            },
            {
                "id": "100052222875985",
                "count": 0
            },
            {
                "id": "100085404879410",
                "count": 0
            },
            {
                "id": "100084452197298",
                "count": 0
            },
            {
                "id": "100059340792227",
                "count": 0
            },
            {
                "id": "61557963206255",
                "count": 0
            },
            {
                "id": "61550822321938",
                "count": 0
            },
            {
                "id": "100039480767661",
                "count": 0
            },
            {
                "id": "100075112778950",
                "count": 0
            },
            {
                "id": "61552270257197",
                "count": 0
            },
            {
                "id": "61559079650241",
                "count": 0
            },
            {
                "id": "100046367165848",
                "count": 0
            },
            {
                "id": "61566361215378",
                "count": 0
            },
            {
                "id": "100052959885121",
                "count": 0
            },
            {
                "id": "100073515891287",
                "count": 0
            },
            {
                "id": "61550195403775",
                "count": 0
            },
            {
                "id": "100085459294158",
                "count": 0
            },
            {
                "id": "100043667799047",
                "count": 0
            },
            {
                "id": "100044668727703",
                "count": 0
            },
            {
                "id": "61564119907291",
                "count": 0
            },
            {
                "id": "100023275775354",
                "count": 0
            },
            {
                "id": "100032329664936",
                "count": 0
            },
            {
                "id": "100033104561271",
                "count": 0
            },
            {
                "id": "100069401512923",
                "count": 0
            },
            {
                "id": "100090288709923",
                "count": 0
            },
            {
                "id": "100037630811734",
                "count": 0
            },
            {
                "id": "100070882553509",
                "count": 0
            },
            {
                "id": "61555154553281",
                "count": 0
            },
            {
                "id": "100021973877770",
                "count": 0
            },
            {
                "id": "100025803765525",
                "count": 0
            },
            {
                "id": "100063762132926",
                "count": 0
            },
            {
                "id": "61555524607544",
                "count": 0
            },
            {
                "id": "100009260571796",
                "count": 0
            },
            {
                "id": "61561530282324",
                "count": 0
            },
            {
                "id": "100068703560438",
                "count": 0
            },
            {
                "id": "61554347969613",
                "count": 0
            },
            {
                "id": "100049116489664",
                "count": 0
            },
            {
                "id": "100025709603497",
                "count": 0
            },
            {
                "id": "100068368638456",
                "count": 0
            },
            {
                "id": "61566826751267",
                "count": 0
            },
            {
                "id": "100072209983510",
                "count": 0
            },
            {
                "id": "61556109764805",
                "count": 0
            },
            {
                "id": "100060601204120",
                "count": 0
            },
            {
                "id": "100022834274940",
                "count": 0
            },
            {
                "id": "100007954693002",
                "count": 0
            },
            {
                "id": "100022670837266",
                "count": 0
            },
            {
                "id": "100007840337286",
                "count": 0
            },
            {
                "id": "100058810636287",
                "count": 0
            },
            {
                "id": "61562372097767",
                "count": 0
            },
            {
                "id": "100007049704696",
                "count": 0
            },
            {
                "id": "100010748594970",
                "count": 0
            },
            {
                "id": "100010588063458",
                "count": 0
            },
            {
                "id": "100088131322657",
                "count": 0
            },
            {
                "id": "100024862065169",
                "count": 0
            },
            {
                "id": "61556855098076",
                "count": 0
            },
            {
                "id": "100029223124450",
                "count": 0
            },
            {
                "id": "100014363597988",
                "count": 0
            },
            {
                "id": "100089293564687",
                "count": 0
            },
            {
                "id": "100081302041378",
                "count": 0
            },
            {
                "id": "61555762781780",
                "count": 0
            },
            {
                "id": "100054487570094",
                "count": 0
            },
            {
                "id": "100069165529605",
                "count": 0
            },
            {
                "id": "100085772360120",
                "count": 0
            },
            {
                "id": "100011472337764",
                "count": 0
            },
            {
                "id": "61559849126603",
                "count": 0
            },
            {
                "id": "100095044034342",
                "count": 0
            },
            {
                "id": "100065656034427",
                "count": 0
            },
            {
                "id": "100090343844794",
                "count": 0
            },
            {
                "id": "100082271839099",
                "count": 0
            },
            {
                "id": "100083583466754",
                "count": 0
            },
            {
                "id": "61550854114567",
                "count": 0
            },
            {
                "id": "61567863418490",
                "count": 0
            },
            {
                "id": "61566573774752",
                "count": 0
            },
            {
                "id": "100058140353504",
                "count": 0
            },
            {
                "id": "100050616780334",
                "count": 0
            },
            {
                "id": "100058940613760",
                "count": 0
            },
            {
                "id": "61551026590521",
                "count": 0
            },
            {
                "id": "100050437274989",
                "count": 0
            },
            {
                "id": "100077552187955",
                "count": 0
            },
            {
                "id": "61561919774112",
                "count": 0
            },
            {
                "id": "61557556934705",
                "count": 0
            },
            {
                "id": "100003535373126",
                "count": 0
            },
            {
                "id": "61558071383404",
                "count": 0
            },
            {
                "id": "100082161327685",
                "count": 0
            },
            {
                "id": "100086125304557",
                "count": 0
            },
            {
                "id": "100086135928973",
                "count": 0
            },
            {
                "id": "100057216318003",
                "count": 0
            },
            {
                "id": "100047207420868",
                "count": 0
            },
            {
                "id": "100091645879269",
                "count": 0
            },
            {
                "id": "100076399151586",
                "count": 0
            },
            {
                "id": "61564132534783",
                "count": 0
            },
            {
                "id": "100078760743238",
                "count": 0
            },
            {
                "id": "100057846270890",
                "count": 0
            },
            {
                "id": "100063453984857",
                "count": 0
            },
            {
                "id": "100030384742285",
                "count": 0
            },
            {
                "id": "100094487603577",
                "count": 0
            },
            {
                "id": "61551883528845",
                "count": 0
            },
            {
                "id": "61550992385091",
                "count": 0
            },
            {
                "id": "61551027846728",
                "count": 0
            },
            {
                "id": "61550716109486",
                "count": 0
            },
            {
                "id": "100010936781906",
                "count": 0
            },
            {
                "id": "100005165762013",
                "count": 0
            },
            {
                "id": "100078413705338",
                "count": 0
            },
            {
                "id": "61550794881576",
                "count": 0
            },
            {
                "id": "100085242875707",
                "count": 0
            },
            {
                "id": "100067997883207",
                "count": 0
            },
            {
                "id": "100014092803736",
                "count": 0
            },
            {
                "id": "100006455001429",
                "count": 0
            },
            {
                "id": "100082099092224",
                "count": 0
            },
            {
                "id": "61555243865684",
                "count": 0
            },
            {
                "id": "61564632874387",
                "count": 0
            },
            {
                "id": "100037820961973",
                "count": 0
            },
            {
                "id": "100039411353107",
                "count": 0
            },
            {
                "id": "100087270855553",
                "count": 0
            },
            {
                "id": "61558637518469",
                "count": 0
            },
            {
                "id": "100082887746107",
                "count": 0
            },
            {
                "id": "100013807604393",
                "count": 0
            },
            {
                "id": "61552476290810",
                "count": 0
            },
            {
                "id": "100039470115552",
                "count": 0
            },
            {
                "id": "61556395747979",
                "count": 0
            },
            {
                "id": "100026633449948",
                "count": 0
            },
            {
                "id": "100000205210916",
                "count": 0
            },
            {
                "id": "100087140141512",
                "count": 0
            },
            {
                "id": "100093193801767",
                "count": 0
            },
            {
                "id": "61552265845190",
                "count": 0
            },
            {
                "id": "100092726344477",
                "count": 0
            },
            {
                "id": "100077059028278",
                "count": 0
            },
            {
                "id": "61556299294239",
                "count": 0
            },
            {
                "id": "100080963123850",
                "count": 0
            },
            {
                "id": "61560413039694",
                "count": 0
            },
            {
                "id": "100081820851533",
                "count": 0
            },
            {
                "id": "100089382879914",
                "count": 0
            },
            {
                "id": "100023537183067",
                "count": 0
            },
            {
                "id": "100022249714707",
                "count": 0
            },
            {
                "id": "100085446887947",
                "count": 0
            },
            {
                "id": "100093426391394",
                "count": 0
            },
            {
                "id": "100091672602340",
                "count": 0
            },
            {
                "id": "100078174063308",
                "count": 0
            },
            {
                "id": "100051162497629",
                "count": 0
            },
            {
                "id": "100075871925038",
                "count": 0
            },
            {
                "id": "61566544100835",
                "count": 0
            },
            {
                "id": "100072540013754",
                "count": 0
            },
            {
                "id": "100092440185473",
                "count": 0
            },
            {
                "id": "678140944",
                "count": 0
            },
            {
                "id": "100050290188248",
                "count": 0
            },
            {
                "id": "100019107467817",
                "count": 0
            },
            {
                "id": "100074545966718",
                "count": 0
            },
            {
                "id": "61550558395411",
                "count": 0
            },
            {
                "id": "61556694964912",
                "count": 0
            },
            {
                "id": "100066838502411",
                "count": 0
            },
            {
                "id": "100092500392041",
                "count": 0
            },
            {
                "id": "100074158701701",
                "count": 0
            },
            {
                "id": "100079943507289",
                "count": 0
            }
        ],
        "week": [
            {
                "id": "61556581119802",
                "count": 0
            },
            {
                "id": "100069905671627",
                "count": 0
            },
            {
                "id": "100040542224086",
                "count": 0
            },
            {
                "id": "61555635801941",
                "count": 0
            },
            {
                "id": "61558285053967",
                "count": 0
            },
            {
                "id": "100080089505118",
                "count": 0
            },
            {
                "id": "100070185429796",
                "count": 0
            },
            {
                "id": "100085359709556",
                "count": 0
            },
            {
                "id": "100095049288401",
                "count": 0
            },
            {
                "id": "61557639287488",
                "count": 0
            },
            {
                "id": "100028843068997",
                "count": 0
            },
            {
                "id": "100033939874270",
                "count": 0
            },
            {
                "id": "61554648471459",
                "count": 0
            },
            {
                "id": "100075681413098",
                "count": 0
            },
            {
                "id": "100015989506834",
                "count": 0
            },
            {
                "id": "100077474679370",
                "count": 0
            },
            {
                "id": "100030198694801",
                "count": 0
            },
            {
                "id": "100083036484663",
                "count": 0
            },
            {
                "id": "100094208419404",
                "count": 0
            },
            {
                "id": "100094669453167",
                "count": 0
            },
            {
                "id": "100030733512873",
                "count": 0
            },
            {
                "id": "61554806585146",
                "count": 0
            },
            {
                "id": "61550023250275",
                "count": 0
            },
            {
                "id": "100051192623583",
                "count": 0
            },
            {
                "id": "100087671386763",
                "count": 0
            },
            {
                "id": "100026529782588",
                "count": 0
            },
            {
                "id": "61565187891242",
                "count": 0
            },
            {
                "id": "100090172863586",
                "count": 0
            },
            {
                "id": "61565523672137",
                "count": 0
            },
            {
                "id": "100090468786252",
                "count": 0
            },
            {
                "id": "100082046686440",
                "count": 0
            },
            {
                "id": "100050350364129",
                "count": 0
            },
            {
                "id": "100068858868264",
                "count": 0
            },
            {
                "id": "100078339027670",
                "count": 0
            },
            {
                "id": "100060634880369",
                "count": 0
            },
            {
                "id": "100089003340368",
                "count": 0
            },
            {
                "id": "100063420537085",
                "count": 0
            },
            {
                "id": "100014771536566",
                "count": 0
            },
            {
                "id": "100061813050338",
                "count": 0
            },
            {
                "id": "100059340316398",
                "count": 0
            },
            {
                "id": "100043928858694",
                "count": 0
            },
            {
                "id": "100049635636327",
                "count": 0
            },
            {
                "id": "100003763881499",
                "count": 0
            },
            {
                "id": "100081077209034",
                "count": 0
            },
            {
                "id": "61564270820895",
                "count": 0
            },
            {
                "id": "100087271862566",
                "count": 0
            },
            {
                "id": "61551375832812",
                "count": 0
            },
            {
                "id": "100067730049424",
                "count": 0
            },
            {
                "id": "61555028396403",
                "count": 0
            },
            {
                "id": "100014661101920",
                "count": 0
            },
            {
                "id": "61556515186536",
                "count": 0
            },
            {
                "id": "100058650217315",
                "count": 0
            },
            {
                "id": "100081277939761",
                "count": 0
            },
            {
                "id": "100054619796210",
                "count": 0
            },
            {
                "id": "100060223734574",
                "count": 0
            },
            {
                "id": "100038352260289",
                "count": 0
            },
            {
                "id": "100092599686205",
                "count": 0
            },
            {
                "id": "100037105901591",
                "count": 0
            },
            {
                "id": "61563721822059",
                "count": 0
            },
            {
                "id": "100027544391227",
                "count": 0
            },
            {
                "id": "100011452094898",
                "count": 0
            },
            {
                "id": "100073959312341",
                "count": 0
            },
            {
                "id": "100046985031149",
                "count": 0
            },
            {
                "id": "100032216059831",
                "count": 0
            },
            {
                "id": "100011523420913",
                "count": 0
            },
            {
                "id": "61551450457220",
                "count": 0
            },
            {
                "id": "61557334142750",
                "count": 0
            },
            {
                "id": "100039594630629",
                "count": 0
            },
            {
                "id": "100084260606796",
                "count": 0
            },
            {
                "id": "100073958413225",
                "count": 0
            },
            {
                "id": "100084487389607",
                "count": 0
            },
            {
                "id": "100027418304848",
                "count": 0
            },
            {
                "id": "100047514954366",
                "count": 0
            },
            {
                "id": "100061702942272",
                "count": 0
            },
            {
                "id": "100012954368182",
                "count": 0
            },
            {
                "id": "100029062902450",
                "count": 0
            },
            {
                "id": "61556616401213",
                "count": 0
            },
            {
                "id": "100040993921804",
                "count": 0
            },
            {
                "id": "61567638415256",
                "count": 0
            },
            {
                "id": "100092585487537",
                "count": 0
            },
            {
                "id": "61565749387458",
                "count": 0
            },
            {
                "id": "100093389817459",
                "count": 0
            },
            {
                "id": "61557664556398",
                "count": 0
            },
            {
                "id": "100054395178515",
                "count": 0
            },
            {
                "id": "100053810024233",
                "count": 0
            },
            {
                "id": "100066606831122",
                "count": 0
            },
            {
                "id": "61554737141168",
                "count": 0
            },
            {
                "id": "100003773337470",
                "count": 0
            },
            {
                "id": "61551078600060",
                "count": 0
            },
            {
                "id": "100080756823646",
                "count": 0
            },
            {
                "id": "100067601715336",
                "count": 0
            },
            {
                "id": "61555249801951",
                "count": 0
            },
            {
                "id": "100063901316375",
                "count": 0
            },
            {
                "id": "100088373449042",
                "count": 0
            },
            {
                "id": "100082316601202",
                "count": 0
            },
            {
                "id": "100061995136885",
                "count": 0
            },
            {
                "id": "61565876507970",
                "count": 0
            },
            {
                "id": "100077636618426",
                "count": 0
            },
            {
                "id": "100081521205821",
                "count": 0
            },
            {
                "id": "100087986034465",
                "count": 0
            },
            {
                "id": "100092413488569",
                "count": 0
            },
            {
                "id": "61552955900740",
                "count": 0
            },
            {
                "id": "61567777135778",
                "count": 0
            },
            {
                "id": "100028744307705",
                "count": 0
            },
            {
                "id": "100052222875985",
                "count": 0
            },
            {
                "id": "100085404879410",
                "count": 0
            },
            {
                "id": "100084452197298",
                "count": 0
            },
            {
                "id": "100059340792227",
                "count": 0
            },
            {
                "id": "61557963206255",
                "count": 0
            },
            {
                "id": "61550822321938",
                "count": 0
            },
            {
                "id": "100039480767661",
                "count": 0
            },
            {
                "id": "100075112778950",
                "count": 0
            },
            {
                "id": "61552270257197",
                "count": 0
            },
            {
                "id": "61559079650241",
                "count": 0
            },
            {
                "id": "100046367165848",
                "count": 0
            },
            {
                "id": "61566361215378",
                "count": 0
            },
            {
                "id": "100052959885121",
                "count": 0
            },
            {
                "id": "100073515891287",
                "count": 0
            },
            {
                "id": "61550195403775",
                "count": 0
            },
            {
                "id": "100085459294158",
                "count": 0
            },
            {
                "id": "100043667799047",
                "count": 0
            },
            {
                "id": "100044668727703",
                "count": 0
            },
            {
                "id": "61564119907291",
                "count": 0
            },
            {
                "id": "100023275775354",
                "count": 0
            },
            {
                "id": "100032329664936",
                "count": 0
            },
            {
                "id": "100033104561271",
                "count": 0
            },
            {
                "id": "100069401512923",
                "count": 0
            },
            {
                "id": "100090288709923",
                "count": 0
            },
            {
                "id": "100037630811734",
                "count": 0
            },
            {
                "id": "100070882553509",
                "count": 0
            },
            {
                "id": "61555154553281",
                "count": 0
            },
            {
                "id": "100021973877770",
                "count": 0
            },
            {
                "id": "100025803765525",
                "count": 0
            },
            {
                "id": "100063762132926",
                "count": 0
            },
            {
                "id": "61555524607544",
                "count": 0
            },
            {
                "id": "100009260571796",
                "count": 0
            },
            {
                "id": "61561530282324",
                "count": 0
            },
            {
                "id": "100068703560438",
                "count": 0
            },
            {
                "id": "61554347969613",
                "count": 0
            },
            {
                "id": "100049116489664",
                "count": 0
            },
            {
                "id": "100025709603497",
                "count": 0
            },
            {
                "id": "100068368638456",
                "count": 0
            },
            {
                "id": "61566826751267",
                "count": 0
            },
            {
                "id": "100072209983510",
                "count": 0
            },
            {
                "id": "61556109764805",
                "count": 0
            },
            {
                "id": "100060601204120",
                "count": 0
            },
            {
                "id": "100022834274940",
                "count": 0
            },
            {
                "id": "100007954693002",
                "count": 0
            },
            {
                "id": "100022670837266",
                "count": 0
            },
            {
                "id": "100007840337286",
                "count": 0
            },
            {
                "id": "100058810636287",
                "count": 0
            },
            {
                "id": "61562372097767",
                "count": 0
            },
            {
                "id": "100007049704696",
                "count": 0
            },
            {
                "id": "100010748594970",
                "count": 0
            },
            {
                "id": "100010588063458",
                "count": 0
            },
            {
                "id": "100088131322657",
                "count": 0
            },
            {
                "id": "100024862065169",
                "count": 0
            },
            {
                "id": "61556855098076",
                "count": 0
            },
            {
                "id": "100029223124450",
                "count": 0
            },
            {
                "id": "100014363597988",
                "count": 0
            },
            {
                "id": "100089293564687",
                "count": 0
            },
            {
                "id": "100081302041378",
                "count": 0
            },
            {
                "id": "61555762781780",
                "count": 0
            },
            {
                "id": "100054487570094",
                "count": 0
            },
            {
                "id": "100069165529605",
                "count": 0
            },
            {
                "id": "100085772360120",
                "count": 0
            },
            {
                "id": "100011472337764",
                "count": 0
            },
            {
                "id": "61559849126603",
                "count": 0
            },
            {
                "id": "100095044034342",
                "count": 0
            },
            {
                "id": "100065656034427",
                "count": 0
            },
            {
                "id": "100090343844794",
                "count": 0
            },
            {
                "id": "100082271839099",
                "count": 0
            },
            {
                "id": "100083583466754",
                "count": 0
            },
            {
                "id": "61550854114567",
                "count": 0
            },
            {
                "id": "61567863418490",
                "count": 0
            },
            {
                "id": "61566573774752",
                "count": 0
            },
            {
                "id": "100058140353504",
                "count": 0
            },
            {
                "id": "100050616780334",
                "count": 0
            },
            {
                "id": "100058940613760",
                "count": 0
            },
            {
                "id": "61551026590521",
                "count": 0
            },
            {
                "id": "100050437274989",
                "count": 0
            },
            {
                "id": "100077552187955",
                "count": 0
            },
            {
                "id": "61561919774112",
                "count": 0
            },
            {
                "id": "61557556934705",
                "count": 0
            },
            {
                "id": "100003535373126",
                "count": 0
            },
            {
                "id": "61558071383404",
                "count": 0
            },
            {
                "id": "100082161327685",
                "count": 0
            },
            {
                "id": "100086125304557",
                "count": 0
            },
            {
                "id": "100086135928973",
                "count": 0
            },
            {
                "id": "100057216318003",
                "count": 0
            },
            {
                "id": "100047207420868",
                "count": 0
            },
            {
                "id": "100091645879269",
                "count": 0
            },
            {
                "id": "100076399151586",
                "count": 0
            },
            {
                "id": "61564132534783",
                "count": 0
            },
            {
                "id": "100078760743238",
                "count": 0
            },
            {
                "id": "100057846270890",
                "count": 0
            },
            {
                "id": "100063453984857",
                "count": 0
            },
            {
                "id": "100030384742285",
                "count": 0
            },
            {
                "id": "100094487603577",
                "count": 0
            },
            {
                "id": "61551883528845",
                "count": 0
            },
            {
                "id": "61550992385091",
                "count": 0
            },
            {
                "id": "61551027846728",
                "count": 0
            },
            {
                "id": "61550716109486",
                "count": 0
            },
            {
                "id": "100010936781906",
                "count": 0
            },
            {
                "id": "100005165762013",
                "count": 0
            },
            {
                "id": "100078413705338",
                "count": 0
            },
            {
                "id": "61550794881576",
                "count": 0
            },
            {
                "id": "100085242875707",
                "count": 0
            },
            {
                "id": "100067997883207",
                "count": 0
            },
            {
                "id": "100014092803736",
                "count": 0
            },
            {
                "id": "100006455001429",
                "count": 0
            },
            {
                "id": "100082099092224",
                "count": 0
            },
            {
                "id": "61555243865684",
                "count": 0
            },
            {
                "id": "61564632874387",
                "count": 0
            },
            {
                "id": "100037820961973",
                "count": 0
            },
            {
                "id": "100039411353107",
                "count": 0
            },
            {
                "id": "100087270855553",
                "count": 0
            },
            {
                "id": "61558637518469",
                "count": 0
            },
            {
                "id": "100082887746107",
                "count": 0
            },
            {
                "id": "100013807604393",
                "count": 0
            },
            {
                "id": "61552476290810",
                "count": 0
            },
            {
                "id": "100039470115552",
                "count": 0
            },
            {
                "id": "61556395747979",
                "count": 0
            },
            {
                "id": "100026633449948",
                "count": 0
            },
            {
                "id": "100000205210916",
                "count": 0
            },
            {
                "id": "100087140141512",
                "count": 0
            },
            {
                "id": "100093193801767",
                "count": 0
            },
            {
                "id": "61552265845190",
                "count": 0
            },
            {
                "id": "100092726344477",
                "count": 0
            },
            {
                "id": "100077059028278",
                "count": 0
            },
            {
                "id": "61556299294239",
                "count": 0
            },
            {
                "id": "100080963123850",
                "count": 0
            },
            {
                "id": "61560413039694",
                "count": 0
            },
            {
                "id": "100081820851533",
                "count": 0
            },
            {
                "id": "100089382879914",
                "count": 0
            },
            {
                "id": "100023537183067",
                "count": 0
            },
            {
                "id": "100022249714707",
                "count": 0
            },
            {
                "id": "100085446887947",
                "count": 0
            },
            {
                "id": "100093426391394",
                "count": 0
            },
            {
                "id": "100091672602340",
                "count": 0
            },
            {
                "id": "100078174063308",
                "count": 0
            },
            {
                "id": "100051162497629",
                "count": 0
            },
            {
                "id": "100075871925038",
                "count": 0
            },
            {
                "id": "61566544100835",
                "count": 0
            },
            {
                "id": "100072540013754",
                "count": 0
            },
            {
                "id": "100092440185473",
                "count": 0
            },
            {
                "id": "678140944",
                "count": 0
            },
            {
                "id": "100050290188248",
                "count": 0
            },
            {
                "id": "100019107467817",
                "count": 0
            },
            {
                "id": "100074545966718",
                "count": 0
            },
            {
                "id": "61550558395411",
                "count": 0
            },
            {
                "id": "61556694964912",
                "count": 0
            },
            {
                "id": "100066838502411",
                "count": 0
            },
            {
                "id": "100092500392041",
                "count": 0
            },
            {
                "id": "100074158701701",
                "count": 0
            },
            {
                "id": "100079943507289",
                "count": 0
            }
        ]
    }
}