{
    "total": [
        {
            "id": "100086062086600",
            "count": 550
        },
        {
            "id": "100078672706556",
            "count": 41
        },
        {
            "id": "100088265816400",
            "count": 0
        },
        {
            "id": "61555428134200",
            "count": 11
        },
        {
            "id": "61552176620762",
            "count": 22
        },
        {
            "id": "100089528557230",
            "count": 0
        },
        {
            "id": "100028954755072",
            "count": 9
        },
        {
            "id": "61559635656349",
            "count": 25
        },
        {
            "id": "61554759280366",
            "count": 0
        },
        {
            "id": "61550954960913",
            "count": 41
        },
        {
            "id": "100083209058169",
            "count": 2
        },
        {
            "id": "100072301915850",
            "count": 32
        },
        {
            "id": "61556829137341",
            "count": 15
        },
        {
            "id": "61554895521324",
            "count": 3
        },
        {
            "id": "61555469991395",
            "count": 0
        },
        {
            "id": "100038969556521",
            "count": 0
        },
        {
            "id": "100089465274718",
            "count": 0
        },
        {
            "id": "100076280036335",
            "count": 2
        },
        {
            "id": "100075512355750",
            "count": 740
        },
        {
            "id": "61554200261231",
            "count": 8
        },
        {
            "id": "100027365708225",
            "count": 2
        },
        {
            "id": "100075248948160",
            "count": 0
        },
        {
            "id": "100078717005420",
            "count": 34
        },
        {
            "id": "100084108796047",
            "count": 0
        },
        {
            "id": "61564198071271",
            "count": 0
        },
        {
            "id": "100077830854025",
            "count": 0
        },
        {
            "id": "100017540075262",
            "count": 36
        },
        {
            "id": "100076814755938",
            "count": 1
        },
        {
            "id": "100093965763517",
            "count": 0
        },
        {
            "id": "61555919199007",
            "count": 0
        },
        {
            "id": "100084198875694",
            "count": 40
        },
        {
            "id": "100085283546444",
            "count": 14
        },
        {
            "id": "100091262711069",
            "count": 0
        },
        {
            "id": "100087395422997",
            "count": 47
        },
        {
            "id": "100069167717417",
            "count": 0
        },
        {
            "id": "61567819497304",
            "count": 0
        },
        {
            "id": "61559079650241",
            "count": 2
        },
        {
            "id": "61566826751267",
            "count": 0
        },
        {
            "id": "100079046863091",
            "count": 54
        },
        {
            "id": "100092531062315",
            "count": 0
        },
        {
            "id": "61559866845179",
            "count": 0
        },
        {
            "id": "61565801966014",
            "count": 11
        },
        {
            "id": "100013257753205",
            "count": 0
        },
        {
            "id": "100086971514921",
            "count": 2
        },
        {
            "id": "61550041624156",
            "count": 0
        },
        {
            "id": "61567324447162",
            "count": 0
        },
        {
            "id": "100074736457168",
            "count": 0
        },
        {
            "id": "61559401281776",
            "count": 0
        },
        {
            "id": "61563659426033",
            "count": 0
        },
        {
            "id": "61551851920118",
            "count": 0
        },
        {
            "id": "61558465105348",
            "count": 0
        },
        {
            "id": "100078353949343",
            "count": 0
        },
        {
            "id": "61565289906893",
            "count": 0
        },
        {
            "id": "100073974939184",
            "count": 16
        },
        {
            "id": "61561530282324",
            "count": 114
        },
        {
            "id": "100084146473883",
            "count": 0
        },
        {
            "id": "100094334769643",
            "count": 0
        },
        {
            "id": "61564147235346",
            "count": 0
        },
        {
            "id": "100093746205688",
            "count": 45
        },
        {
            "id": "100049978147209",
            "count": 0
        },
        {
            "id": "100093952015765",
            "count": 4
        },
        {
            "id": "61565014333780",
            "count": 0
        },
        {
            "id": "100054384911231",
            "count": 3
        },
        {
            "id": "61556615072098",
            "count": 1
        },
        {
            "id": "100052702787568",
            "count": 0
        },
        {
            "id": "100059023300671",
            "count": 146
        },
        {
            "id": "61558584212235",
            "count": 0
        },
        {
            "id": "100072084979831",
            "count": 0
        },
        {
            "id": "100088037628779",
            "count": 2
        },
        {
            "id": "61556640362902",
            "count": 29
        },
        {
            "id": "100032045414143",
            "count": 0
        },
        {
            "id": "61557056559555",
            "count": 0
        },
        {
            "id": "61561841909289",
            "count": 0
        },
        {
            "id": "61550536872829",
            "count": 1
        },
        {
            "id": "100075900525121",
            "count": 0
        },
        {
            "id": "100061016199794",
            "count": 51
        },
        {
            "id": "61554933534043",
            "count": 2
        },
        {
            "id": "61559357403389",
            "count": 0
        },
        {
            "id": "100065169872489",
            "count": 91
        },
        {
            "id": "61562543583757",
            "count": 0
        },
        {
            "id": "100083474390571",
            "count": 3
        },
        {
            "id": "100073553435360",
            "count": 1
        },
        {
            "id": "61563457622315",
            "count": 3
        },
        {
            "id": "61553664987431",
            "count": 0
        },
        {
            "id": "61556661788323",
            "count": 0
        },
        {
            "id": "61562608988582",
            "count": 6
        },
        {
            "id": "100073692537664",
            "count": 0
        },
        {
            "id": "100010340264272",
            "count": 45
        },
        {
            "id": "100074370332642",
            "count": 14
        },
        {
            "id": "100093330402466",
            "count": 12
        },
        {
            "id": "61567337631657",
            "count": 1
        },
        {
            "id": "100042324143326",
            "count": 0
        },
        {
            "id": "100093383174716",
            "count": 13
        },
        {
            "id": "100082737042788",
            "count": 3
        },
        {
            "id": "61551809494194",
            "count": 0
        },
        {
            "id": "100082257966481",
            "count": 941
        },
        {
            "id": "61558260236627",
            "count": 2
        },
        {
            "id": "100001753412385",
            "count": 0
        },
        {
            "id": "100087973117726",
            "count": 21
        },
        {
            "id": "61556935905121",
            "count": 18
        },
        {
            "id": "100091522666955",
            "count": 25
        },
        {
            "id": "100070759856150",
            "count": 1
        },
        {
            "id": "100074717933971",
            "count": 384
        },
        {
            "id": "61555010534336",
            "count": 0
        },
        {
            "id": "100025833742680",
            "count": 5
        },
        {
            "id": "100015586505173",
            "count": 3
        },
        {
            "id": "100083578263390",
            "count": 0
        },
        {
            "id": "61567049003160",
            "count": 0
        },
        {
            "id": "100051679054473",
            "count": 26
        },
        {
            "id": "61560431877467",
            "count": 0
        },
        {
            "id": "61565730877370",
            "count": 0
        },
        {
            "id": "100085621006227",
            "count": 0
        },
        {
            "id": "61565907382492",
            "count": 0
        },
        {
            "id": "100044754248632",
            "count": 0
        },
        {
            "id": "100044550545969",
            "count": 18
        },
        {
            "id": "100064639421968",
            "count": 0
        },
        {
            "id": "100095693460645",
            "count": 0
        },
        {
            "id": "61563337826241",
            "count": 2
        },
        {
            "id": "100073781404976",
            "count": 0
        },
        {
            "id": "61565872591677",
            "count": 0
        },
        {
            "id": "61565399734191",
            "count": 0
        },
        {
            "id": "100088107795215",
            "count": 0
        },
        {
            "id": "100064618535519",
            "count": 0
        },
        {
            "id": "100087198276790",
            "count": 856
        },
        {
            "id": "100086177325853",
            "count": 0
        },
        {
            "id": "100047875241506",
            "count": 4
        },
        {
            "id": "61556197994031",
            "count": 36
        },
        {
            "id": "100041864617783",
            "count": 0
        },
        {
            "id": "100027321356279",
            "count": 0
        },
        {
            "id": "100095176352708",
            "count": 0
        },
        {
            "id": "100022537840429",
            "count": 0
        },
        {
            "id": "100018980539712",
            "count": 0
        },
        {
            "id": "100034458197798",
            "count": 0
        },
        {
            "id": "100022283272907",
            "count": 0
        },
        {
            "id": "100010016652045",
            "count": 6
        },
        {
            "id": "61562373760967",
            "count": 0
        },
        {
            "id": "61560635891132",
            "count": 5
        },
        {
            "id": "61560186890561",
            "count": 81
        },
        {
            "id": "100035777923410",
            "count": 3
        },
        {
            "id": "100014195925010",
            "count": 0
        },
        {
            "id": "100067730049424",
            "count": 58
        },
        {
            "id": "100091275308515",
            "count": 0
        },
        {
            "id": "100055495335963",
            "count": 125
        },
        {
            "id": "100055551205769",
            "count": 3
        },
        {
            "id": "100079710296435",
            "count": 0
        },
        {
            "id": "61552938272171",
            "count": 0
        },
        {
            "id": "61564242655889",
            "count": 20
        },
        {
            "id": "61555296763601",
            "count": 0
        },
        {
            "id": "100083541867251",
            "count": 0
        },
        {
            "id": "100084463900012",
            "count": 0
        },
        {
            "id": "61568142690830",
            "count": 0
        },
        {
            "id": "61567198934662",
            "count": 0
        },
        {
            "id": "100078717307973",
            "count": 3
        },
        {
            "id": "100065192791084",
            "count": 485
        },
        {
            "id": "100085368398957",
            "count": 3
        },
        {
            "id": "100082631401607",
            "count": 0
        },
        {
            "id": "61551597646462",
            "count": 5
        },
        {
            "id": "61559914589204",
            "count": 0
        },
        {
            "id": "100089236706823",
            "count": 17
        },
        {
            "id": "100051611762833",
            "count": 61
        },
        {
            "id": "100084697611377",
            "count": 464
        },
        {
            "id": "100006833027743",
            "count": 15
        },
        {
            "id": "100082037234111",
            "count": 201
        },
        {
            "id": "100036744120294",
            "count": 49
        },
        {
            "id": "61561253747740",
            "count": 279
        },
        {
            "id": "100089920356695",
            "count": 12
        },
        {
            "id": "61567937435632",
            "count": 1
        },
        {
            "id": "100066489441947",
            "count": 9
        },
        {
            "id": "100092996455561",
            "count": 1118
        },
        {
            "id": "100016986433316",
            "count": 1
        },
        {
            "id": "100089281625186",
            "count": 0
        },
        {
            "id": "100093609523489",
            "count": 0
        },
        {
            "id": "61559799961809",
            "count": 33
        },
        {
            "id": "61565963758335",
            "count": 63
        },
        {
            "id": "61567239437103",
            "count": 10
        },
        {
            "id": "100085898904280",
            "count": 72
        },
        {
            "id": "100090843660859",
            "count": 28
        },
        {
            "id": "100011716277263",
            "count": 21
        },
        {
            "id": "100045787391383",
            "count": 69
        },
        {
            "id": "61558871020107",
            "count": 0
        },
        {
            "id": "100082054471500",
            "count": 18
        }
    ],
    "week": [
        {
            "id": "100086062086600",
            "count": 383,
            "name": "Vp Hoangg"
        },
        {
            "id": "100078672706556",
            "count": 41,
            "name": "Bích Thúy"
        },
        {
            "id": "100088265816400",
            "count": 0,
            "name": "Khánh Huyền"
        },
        {
            "id": "61555428134200",
            "count": 3,
            "name": "Nguyễn Thúy Vi"
        },
        {
            "id": "61552176620762",
            "count": 8,
            "name": "Tường Vy"
        },
        {
            "id": "100089528557230",
            "count": 0,
            "name": "Gia Hann"
        },
        {
            "id": "100028954755072",
            "count": 5,
            "name": "Đỗ Đức Quốc"
        },
        {
            "id": "61559635656349",
            "count": 25,
            "name": "Meoo Cte Nhất Meta"
        },
        {
            "id": "61554759280366",
            "count": 0,
            "name": "Phi Yen"
        },
        {
            "id": "61550954960913",
            "count": 39,
            "name": "Hoài Sương"
        },
        {
            "id": "100083209058169",
            "count": 2,
            "name": "Vũ Thữ"
        },
        {
            "id": "100072301915850",
            "count": 28,
            "name": "Đào Văn Công"
        },
        {
            "id": "61556829137341",
            "count": 13,
            "name": "Hà Tuấn Thời"
        },
        {
            "id": "61554895521324",
            "count": 3,
            "name": "Ngọc Như"
        },
        {
            "id": "61555469991395",
            "count": 0,
            "name": "Nguyễn Chí Linh"
        },
        {
            "id": "100038969556521",
            "count": 0,
            "name": "Nguyễn Hiền"
        },
        {
            "id": "100089465274718",
            "count": 0,
            "name": "Hoang Thuyanh"
        },
        {
            "id": "100076280036335",
            "count": 2,
            "name": "Yến Nhi"
        },
        {
            "id": "100075512355750",
            "count": 668,
            "name": "Minh Luân"
        },
        {
            "id": "61554200261231",
            "count": 0,
            "name": "Thảo Nhi"
        },
        {
            "id": "100027365708225",
            "count": 0,
            "name": "Tuan Anh"
        },
        {
            "id": "100075248948160",
            "count": 0,
            "name": "Pham Mẫn"
        },
        {
            "id": "100078717005420",
            "count": 33,
            "name": "Anh Tran"
        },
        {
            "id": "100084108796047",
            "count": 0,
            "name": "Haa Vyy"
        },
        {
            "id": "61564198071271",
            "count": 0,
            "name": "bin"
        },
        {
            "id": "100077830854025",
            "count": 0,
            "name": "Bao Ngocc"
        },
        {
            "id": "100017540075262",
            "count": 15,
            "name": "Quang Tuấn"
        },
        {
            "id": "100076814755938",
            "count": 1,
            "name": "Lại Thị Ngọc Mai"
        },
        {
            "id": "100093965763517",
            "count": 0,
            "name": "Việt Nguyễn"
        },
        {
            "id": "61555919199007",
            "count": 0,
            "name": "Minh Đức"
        },
        {
            "id": "100084198875694",
            "count": 26,
            "name": "Ng Đông"
        },
        {
            "id": "100085283546444",
            "count": 0,
            "name": "Tínhh Úu Nnu"
        },
        {
            "id": "100091262711069",
            "count": 0,
            "name": "Do Bao Kim Ngan"
        },
        {
            "id": "100087395422997",
            "count": 42,
            "name": "Nguyễn Chinh Khải"
        },
        {
            "id": "100069167717417",
            "count": 0,
            "name": "Vũ Ngọc Ánh"
        },
        {
            "id": "61567819497304",
            "count": 0,
            "name": "Khánh Huyền"
        },
        {
            "id": "61559079650241",
            "count": 2,
            "name": "Nguyễn Thanh Tùng"
        },
        {
            "id": "61566826751267",
            "count": 0,
            "name": "Tùng Thanh"
        },
        {
            "id": "100079046863091",
            "count": 45,
            "name": "Vănn Hiếu"
        },
        {
            "id": "100092531062315",
            "count": 0,
            "name": "Thảo Nguyên"
        },
        {
            "id": "61559866845179",
            "count": 0,
            "name": "Phucc Baa"
        },
        {
            "id": "61565801966014",
            "count": 11,
            "name": "Linh Trần"
        },
        {
            "id": "100013257753205",
            "count": 0,
            "name": "Người dùng facebook"
        },
        {
            "id": "100086971514921",
            "count": 2,
            "name": "Nam Trần"
        },
        {
            "id": "61550041624156",
            "count": 0,
            "name": "NgTrug Kiên"
        },
        {
            "id": "61567324447162",
            "count": 0,
            "name": "Nhu Linh"
        },
        {
            "id": "100074736457168",
            "count": 0,
            "name": "Người dùng facebook"
        },
        {
            "id": "61559401281776",
            "count": 0,
            "name": "Người dùng facebook"
        },
        {
            "id": "61563659426033",
            "count": 0,
            "name": "Người dùng facebook"
        },
        {
            "id": "61551851920118",
            "count": 0,
            "name": "Người dùng facebook"
        },
        {
            "id": "61558465105348",
            "count": 0,
            "name": "Nguyễn Hoàng Duy Tiến"
        },
        {
            "id": "100078353949343",
            "count": 0,
            "name": "Bé Heo Mới Lớn"
        },
        {
            "id": "61565289906893",
            "count": 0,
            "name": "Người dùng facebook"
        },
        {
            "id": "100073974939184",
            "count": 16,
            "name": "Nguyễn Hoàng"
        },
        {
            "id": "61561530282324",
            "count": 114,
            "name": "Roronoa Xoro"
        },
        {
            "id": "100084146473883",
            "count": 0,
            "name": "Nguyễn Thị Mỹ Ngọc"
        },
        {
            "id": "100094334769643",
            "count": 0,
            "name": "Duy Trung"
        },
        {
            "id": "61564147235346",
            "count": 0,
            "name": "Ng Thao Linh"
        },
        {
            "id": "100093746205688",
            "count": 39,
            "name": "Đoàn Minh Khang"
        },
        {
            "id": "100049978147209",
            "count": 0,
            "name": "Hakura Trần"
        },
        {
            "id": "100093952015765",
            "count": 4,
            "name": "Người dùng facebook"
        },
        {
            "id": "61565014333780",
            "count": 0,
            "name": "Người dùng facebook"
        },
        {
            "id": "100054384911231",
            "count": 0,
            "name": "Cao Doanh Tuyên"
        },
        {
            "id": "61556615072098",
            "count": 1,
            "name": "Hai Yen"
        },
        {
            "id": "100052702787568",
            "count": 0,
            "name": "Trần Đồng"
        },
        {
            "id": "100059023300671",
            "count": 67,
            "name": "To Manh Nguyen"
        },
        {
            "id": "61558584212235",
            "count": 0,
            "name": "Người dùng facebook"
        },
        {
            "id": "100072084979831",
            "count": 0,
            "name": "Gia Minh"
        },
        {
            "id": "100088037628779",
            "count": 0,
            "name": "Nguyễn Huy"
        },
        {
            "id": "61556640362902",
            "count": 4,
            "name": "Mihn Anhh"
        },
        {
            "id": "100032045414143",
            "count": 0,
            "name": "Đạt"
        },
        {
            "id": "61557056559555",
            "count": 0,
            "name": "Người dùng facebook"
        },
        {
            "id": "61561841909289",
            "count": 0,
            "name": "Phan Nguyên"
        },
        {
            "id": "61550536872829",
            "count": 1,
            "name": "Le Phuong Linh"
        },
        {
            "id": "100075900525121",
            "count": 0,
            "name": "Chiến Trần"
        },
        {
            "id": "100061016199794",
            "count": 34,
            "name": "Minh Huynh Nhut Lord"
        },
        {
            "id": "61554933534043",
            "count": 2,
            "name": "Bảo Sadboy"
        },
        {
            "id": "61559357403389",
            "count": 0,
            "name": "Vũ Hoàng"
        },
        {
            "id": "100065169872489",
            "count": 49,
            "name": "Nam Dang"
        },
        {
            "id": "61562543583757",
            "count": 0,
            "name": "Trần Hoàng"
        },
        {
            "id": "100083474390571",
            "count": 1,
            "name": "Hinn Nee"
        },
        {
            "id": "100073553435360",
            "count": 1,
            "name": "Nô Tỳ Báo Đời"
        },
        {
            "id": "61563457622315",
            "count": 1,
            "name": "Viet Anhh"
        },
        {
            "id": "61553664987431",
            "count": 0,
            "name": "Vy Vy"
        },
        {
            "id": "61556661788323",
            "count": 0,
            "name": "Người dùng facebook"
        },
        {
            "id": "61562608988582",
            "count": 3,
            "name": "Mai Thảo Ni"
        },
        {
            "id": "100073692537664",
            "count": 0,
            "name": "Buii Quit"
        },
        {
            "id": "100010340264272",
            "count": 45,
            "name": "Thịnh Nguyễn"
        },
        {
            "id": "100074370332642",
            "count": 14,
            "name": "Ngo Anh"
        },
        {
            "id": "100093330402466",
            "count": 11,
            "name": "Duy Võ"
        },
        {
            "id": "61567337631657",
            "count": 1,
            "name": "Doan Kenvin"
        },
        {
            "id": "100042324143326",
            "count": 0,
            "name": "Trần Huyền Trang"
        },
        {
            "id": "100093383174716",
            "count": 9,
            "name": "Lâm Lê"
        },
        {
            "id": "100082737042788",
            "count": 3,
            "name": "Nguyễn Khánh Linh"
        },
        {
            "id": "61551809494194",
            "count": 0,
            "name": "Đại"
        },
        {
            "id": "100082257966481",
            "count": 755,
            "name": "Cẩm Tiên"
        },
        {
            "id": "61558260236627",
            "count": 2,
            "name": "Cẩm Nguyễn"
        },
        {
            "id": "100001753412385",
            "count": 0,
            "name": "Pông Nè"
        },
        {
            "id": "100087973117726",
            "count": 3,
            "name": "Kieu Mai Trang"
        },
        {
            "id": "61556935905121",
            "count": 6,
            "name": "Nguyễnn Thuu Nhàii"
        },
        {
            "id": "100091522666955",
            "count": 21,
            "name": "Pham Ngoc"
        },
        {
            "id": "100070759856150",
            "count": 1,
            "name": "Phươngg Thanhh"
        },
        {
            "id": "100074717933971",
            "count": 187,
            "name": "N Hoàng Phúc"
        },
        {
            "id": "61555010534336",
            "count": 0,
            "name": "Quang Thắng"
        },
        {
            "id": "100025833742680",
            "count": 0,
            "name": "Tao Văn Hặc"
        },
        {
            "id": "100015586505173",
            "count": 1,
            "name": "Nhí Nè"
        },
        {
            "id": "100083578263390",
            "count": 0,
            "name": "Thiên Ýy"
        },
        {
            "id": "61567049003160",
            "count": 0,
            "name": "Ngocc Khánhh"
        },
        {
            "id": "100051679054473",
            "count": 26,
            "name": "Nguyễn Thị Rồng Đỏ"
        },
        {
            "id": "61560431877467",
            "count": 0,
            "name": "Người dùng facebook"
        },
        {
            "id": "61565730877370",
            "count": 0,
            "name": "Người dùng facebook"
        },
        {
            "id": "100085621006227",
            "count": 0,
            "name": "Lâm Quyên"
        },
        {
            "id": "61565907382492",
            "count": 0,
            "name": "Người dùng facebook"
        },
        {
            "id": "100044754248632",
            "count": 0,
            "name": "Nguyễn Hoàng Khánh Hằng"
        },
        {
            "id": "100044550545969",
            "count": 15,
            "name": "Kim Ngân"
        },
        {
            "id": "100064639421968",
            "count": 0,
            "name": "Người dùng facebook"
        },
        {
            "id": "100095693460645",
            "count": 0,
            "name": "Người dùng facebook"
        },
        {
            "id": "61563337826241",
            "count": 2,
            "name": "Nhím Cte"
        },
        {
            "id": "100073781404976",
            "count": 0,
            "name": "Người dùng facebook"
        },
        {
            "id": "61565872591677",
            "count": 0,
            "name": "Ýy Như"
        },
        {
            "id": "61565399734191",
            "count": 0,
            "name": "Tùng Lê"
        },
        {
            "id": "100088107795215",
            "count": 0,
            "name": "Tuan Anh"
        },
        {
            "id": "100064618535519",
            "count": 0,
            "name": "Hoang Quang Thuong"
        },
        {
            "id": "100087198276790",
            "count": 330,
            "name": "Ng Hong May"
        },
        {
            "id": "100086177325853",
            "count": 0,
            "name": "Trà Tắc Xí Muội"
        },
        {
            "id": "100047875241506",
            "count": 2,
            "name": "Nguyễn Hồng Sơn"
        },
        {
            "id": "61556197994031",
            "count": 10,
            "name": "Hoang Jun"
        },
        {
            "id": "100041864617783",
            "count": 0,
            "name": "Thanhh Hoangg"
        },
        {
            "id": "100027321356279",
            "count": 0,
            "name": "Người dùng facebook"
        },
        {
            "id": "100095176352708",
            "count": 0,
            "name": "D.Trần NhÝ"
        },
        {
            "id": "100022537840429",
            "count": 0,
            "name": "Minh Trí"
        },
        {
            "id": "100018980539712",
            "count": 0,
            "name": "Hfiz"
        },
        {
            "id": "100034458197798",
            "count": 0,
            "name": "Phạm Minh Tài"
        },
        {
            "id": "100022283272907",
            "count": 0,
            "name": "Đặng Thị Minh"
        },
        {
            "id": "100010016652045",
            "count": 2,
            "name": "Myy Hangg"
        },
        {
            "id": "61562373760967",
            "count": 0,
            "name": "Hoàng Bảo"
        },
        {
            "id": "61560635891132",
            "count": 5,
            "name": "Ng Ngoc Quynh Nhu"
        },
        {
            "id": "61560186890561",
            "count": 5,
            "name": "Bùi Minh Tú"
        },
        {
            "id": "100035777923410",
            "count": 0,
            "name": "Nguyễn Trọng Khang"
        },
        {
            "id": "100014195925010",
            "count": 0,
            "name": "Người dùng facebook"
        },
        {
            "id": "100067730049424",
            "count": 0,
            "name": "Le Hong Ngoc"
        },
        {
            "id": "100091275308515",
            "count": 0,
            "name": "Khả Hân"
        },
        {
            "id": "100055495335963",
            "count": 93,
            "name": "Pham Cham"
        },
        {
            "id": "100055551205769",
            "count": 1,
            "name": "Lê Hoàng Cẩm Tú"
        },
        {
            "id": "100079710296435",
            "count": 0,
            "name": "Kim Ngan Ng"
        },
        {
            "id": "61552938272171",
            "count": 0,
            "name": "Vương Văn"
        },
        {
            "id": "61564242655889",
            "count": 20,
            "name": "Minh Thư Chuche"
        },
        {
            "id": "61555296763601",
            "count": 0,
            "name": "Khánh Ly"
        },
        {
            "id": "100083541867251",
            "count": 0,
            "name": "Ngoc Bi"
        },
        {
            "id": "100084463900012",
            "count": 0,
            "name": "Vũ Luân Nè"
        },
        {
            "id": "61568142690830",
            "count": 0,
            "name": "Hà Quân"
        },
        {
            "id": "61567198934662",
            "count": 0,
            "name": "Vũ Bảo Ngân"
        },
        {
            "id": "100078717307973",
            "count": 2,
            "name": "Ng Tien Manh"
        },
        {
            "id": "100065192791084",
            "count": 45,
            "name": "Quốc Bảo"
        },
        {
            "id": "100085368398957",
            "count": 0,
            "name": "Bao Nguyen"
        },
        {
            "id": "100082631401607",
            "count": 0,
            "name": "Người dùng facebook"
        },
        {
            "id": "61551597646462",
            "count": 0,
            "name": "Hoaq Anh"
        },
        {
            "id": "61559914589204",
            "count": 0,
            "name": "Người dùng facebook"
        },
        {
            "id": "100089236706823",
            "count": 8,
            "name": "Thanh Huyền"
        },
        {
            "id": "100051611762833",
            "count": 23,
            "name": "Thang Nguyen"
        },
        {
            "id": "100084697611377",
            "count": 226,
            "name": "Gái Dp Ỉachảy"
        },
        {
            "id": "100006833027743",
            "count": 2,
            "name": "Nguyễn Trung Hiếu"
        },
        {
            "id": "100082037234111",
            "count": 96,
            "name": "Phan Gia Thiện"
        },
        {
            "id": "100036744120294",
            "count": 26,
            "name": "Thiên Ânn"
        },
        {
            "id": "61561253747740",
            "count": 193,
            "name": "Mai Hiên"
        },
        {
            "id": "100089920356695",
            "count": 11,
            "name": "Lục Ngọc"
        },
        {
            "id": "61567937435632",
            "count": 0,
            "name": "Truong Thi Kim Hien"
        },
        {
            "id": "100066489441947",
            "count": 5,
            "name": "Tuan Long"
        },
        {
            "id": "100092996455561",
            "count": 1118
        },
        {
            "id": "100016986433316",
            "count": 1
        },
        {
            "id": "100089281625186",
            "count": 0
        },
        {
            "id": "100093609523489",
            "count": 0
        },
        {
            "id": "61559799961809",
            "count": 33
        },
        {
            "id": "61565963758335",
            "count": 63
        },
        {
            "id": "61567239437103",
            "count": 10
        },
        {
            "id": "100085898904280",
            "count": 72
        },
        {
            "id": "100090843660859",
            "count": 28
        },
        {
            "id": "100011716277263",
            "count": 21
        },
        {
            "id": "100045787391383",
            "count": 69
        },
        {
            "id": "61558871020107",
            "count": 0
        },
        {
            "id": "100082054471500",
            "count": 18
        }
    ],
    "day": [
        {
            "id": "100086062086600",
            "count": 0,
            "name": "Vp Hoangg"
        },
        {
            "id": "100078672706556",
            "count": 0,
            "name": "Bích Thúy"
        },
        {
            "id": "100088265816400",
            "count": 0,
            "name": "Khánh Huyền"
        },
        {
            "id": "61555428134200",
            "count": 0,
            "name": "Nguyễn Thúy Vi"
        },
        {
            "id": "61552176620762",
            "count": 0,
            "name": "Tường Vy"
        },
        {
            "id": "100089528557230",
            "count": 0,
            "name": "Gia Hann"
        },
        {
            "id": "100028954755072",
            "count": 0,
            "name": "Đỗ Đức Quốc"
        },
        {
            "id": "61559635656349",
            "count": 0,
            "name": "Meoo Cte Nhất Meta"
        },
        {
            "id": "61554759280366",
            "count": 0,
            "name": "Phi Yen"
        },
        {
            "id": "61550954960913",
            "count": 0,
            "name": "Hoài Sương"
        },
        {
            "id": "100083209058169",
            "count": 0,
            "name": "Vũ Thữ"
        },
        {
            "id": "100072301915850",
            "count": 0,
            "name": "Đào Văn Công"
        },
        {
            "id": "61556829137341",
            "count": 0,
            "name": "Hà Tuấn Thời"
        },
        {
            "id": "61554895521324",
            "count": 0,
            "name": "Ngọc Như"
        },
        {
            "id": "61555469991395",
            "count": 0,
            "name": "Nguyễn Chí Linh"
        },
        {
            "id": "100038969556521",
            "count": 0,
            "name": "Nguyễn Hiền"
        },
        {
            "id": "100089465274718",
            "count": 0,
            "name": "Hoang Thuyanh"
        },
        {
            "id": "100076280036335",
            "count": 0,
            "name": "Yến Nhi"
        },
        {
            "id": "100075512355750",
            "count": 0,
            "name": "Minh Luân"
        },
        {
            "id": "61554200261231",
            "count": 0,
            "name": "Thảo Nhi"
        },
        {
            "id": "100027365708225",
            "count": 0,
            "name": "Tuan Anh"
        },
        {
            "id": "100075248948160",
            "count": 0,
            "name": "Pham Mẫn"
        },
        {
            "id": "100078717005420",
            "count": 0,
            "name": "Anh Tran"
        },
        {
            "id": "100084108796047",
            "count": 0,
            "name": "Haa Vyy"
        },
        {
            "id": "61564198071271",
            "count": 0,
            "name": "bin"
        },
        {
            "id": "100077830854025",
            "count": 0,
            "name": "Bao Ngocc"
        },
        {
            "id": "100017540075262",
            "count": 0,
            "name": "Quang Tuấn"
        },
        {
            "id": "100076814755938",
            "count": 0,
            "name": "Lại Thị Ngọc Mai"
        },
        {
            "id": "100093965763517",
            "count": 0,
            "name": "Việt Nguyễn"
        },
        {
            "id": "61555919199007",
            "count": 0,
            "name": "Minh Đức"
        },
        {
            "id": "100084198875694",
            "count": 0,
            "name": "Ng Đông"
        },
        {
            "id": "100085283546444",
            "count": 0,
            "name": "Tínhh Úu Nnu"
        },
        {
            "id": "100091262711069",
            "count": 0,
            "name": "Do Bao Kim Ngan"
        },
        {
            "id": "100087395422997",
            "count": 0,
            "name": "Nguyễn Chinh Khải"
        },
        {
            "id": "100069167717417",
            "count": 0,
            "name": "Vũ Ngọc Ánh"
        },
        {
            "id": "61567819497304",
            "count": 0,
            "name": "Khánh Huyền"
        },
        {
            "id": "61559079650241",
            "count": 0,
            "name": "Nguyễn Thanh Tùng"
        },
        {
            "id": "61566826751267",
            "count": 0,
            "name": "Tùng Thanh"
        },
        {
            "id": "100079046863091",
            "count": 0,
            "name": "Vănn Hiếu"
        },
        {
            "id": "100092531062315",
            "count": 0,
            "name": "Thảo Nguyên"
        },
        {
            "id": "61559866845179",
            "count": 0,
            "name": "Phucc Baa"
        },
        {
            "id": "61565801966014",
            "count": 0,
            "name": "Linh Trần"
        },
        {
            "id": "100013257753205",
            "count": 0,
            "name": "Người dùng facebook"
        },
        {
            "id": "100086971514921",
            "count": 0,
            "name": "Nam Trần"
        },
        {
            "id": "61550041624156",
            "count": 0,
            "name": "NgTrug Kiên"
        },
        {
            "id": "61567324447162",
            "count": 0,
            "name": "Nhu Linh"
        },
        {
            "id": "100074736457168",
            "count": 0,
            "name": "Người dùng facebook"
        },
        {
            "id": "61559401281776",
            "count": 0,
            "name": "Người dùng facebook"
        },
        {
            "id": "61563659426033",
            "count": 0,
            "name": "Người dùng facebook"
        },
        {
            "id": "61551851920118",
            "count": 0,
            "name": "Người dùng facebook"
        },
        {
            "id": "61558465105348",
            "count": 0,
            "name": "Nguyễn Hoàng Duy Tiến"
        },
        {
            "id": "100078353949343",
            "count": 0,
            "name": "Bé Heo Mới Lớn"
        },
        {
            "id": "61565289906893",
            "count": 0,
            "name": "Người dùng facebook"
        },
        {
            "id": "100073974939184",
            "count": 0,
            "name": "Nguyễn Hoàng"
        },
        {
            "id": "61561530282324",
            "count": 0,
            "name": "Roronoa Xoro"
        },
        {
            "id": "100084146473883",
            "count": 0,
            "name": "Nguyễn Thị Mỹ Ngọc"
        },
        {
            "id": "100094334769643",
            "count": 0,
            "name": "Duy Trung"
        },
        {
            "id": "61564147235346",
            "count": 0,
            "name": "Ng Thao Linh"
        },
        {
            "id": "100093746205688",
            "count": 0,
            "name": "Đoàn Minh Khang"
        },
        {
            "id": "100049978147209",
            "count": 0,
            "name": "Hakura Trần"
        },
        {
            "id": "100093952015765",
            "count": 0,
            "name": "Thanh Tuấn"
        },
        {
            "id": "61565014333780",
            "count": 0,
            "name": "Người dùng facebook"
        },
        {
            "id": "100054384911231",
            "count": 0,
            "name": "Cao Doanh Tuyên"
        },
        {
            "id": "61556615072098",
            "count": 0,
            "name": "Hai Yen"
        },
        {
            "id": "100052702787568",
            "count": 0,
            "name": "Trần Đồng"
        },
        {
            "id": "100059023300671",
            "count": 0,
            "name": "To Manh Nguyen"
        },
        {
            "id": "61558584212235",
            "count": 0,
            "name": "Người dùng facebook"
        },
        {
            "id": "100072084979831",
            "count": 0,
            "name": "Gia Minh"
        },
        {
            "id": "100088037628779",
            "count": 0,
            "name": "Nguyễn Huy"
        },
        {
            "id": "61556640362902",
            "count": 0,
            "name": "Mihn Anhh"
        },
        {
            "id": "100032045414143",
            "count": 0,
            "name": "Đạt"
        },
        {
            "id": "61557056559555",
            "count": 0,
            "name": "Người dùng facebook"
        },
        {
            "id": "61561841909289",
            "count": 0,
            "name": "Phan Nguyên"
        },
        {
            "id": "61550536872829",
            "count": 0,
            "name": "Le Phuong Linh"
        },
        {
            "id": "100075900525121",
            "count": 0,
            "name": "Chiến Trần"
        },
        {
            "id": "100061016199794",
            "count": 0,
            "name": "Minh Huynh Nhut Lord"
        },
        {
            "id": "61554933534043",
            "count": 0,
            "name": "Bảo Sadboy"
        },
        {
            "id": "61559357403389",
            "count": 0,
            "name": "Vũ Hoàng"
        },
        {
            "id": "100065169872489",
            "count": 0,
            "name": "Nam Dang"
        },
        {
            "id": "61562543583757",
            "count": 0,
            "name": "Trần Hoàng"
        },
        {
            "id": "100083474390571",
            "count": 0,
            "name": "Hinn Nee"
        },
        {
            "id": "100073553435360",
            "count": 0,
            "name": "Nô Tỳ Báo Đời"
        },
        {
            "id": "61563457622315",
            "count": 0,
            "name": "Viet Anhh"
        },
        {
            "id": "61553664987431",
            "count": 0,
            "name": "Vy Vy"
        },
        {
            "id": "61556661788323",
            "count": 0,
            "name": "Người dùng facebook"
        },
        {
            "id": "61562608988582",
            "count": 0,
            "name": "Mai Thảo Ni"
        },
        {
            "id": "100073692537664",
            "count": 0,
            "name": "Buii Quit"
        },
        {
            "id": "100010340264272",
            "count": 0,
            "name": "Thịnh Nguyễn"
        },
        {
            "id": "100074370332642",
            "count": 0,
            "name": "Ngo Anh"
        },
        {
            "id": "100093330402466",
            "count": 0,
            "name": "Duy Võ"
        },
        {
            "id": "61567337631657",
            "count": 0,
            "name": "Doan Kenvin"
        },
        {
            "id": "100042324143326",
            "count": 0,
            "name": "Trần Huyền Trang"
        },
        {
            "id": "100093383174716",
            "count": 0,
            "name": "Lâm Lê"
        },
        {
            "id": "100082737042788",
            "count": 0,
            "name": "Nguyễn Khánh Linh"
        },
        {
            "id": "61551809494194",
            "count": 0,
            "name": "Đại"
        },
        {
            "id": "100082257966481",
            "count": 0,
            "name": "Cẩm Tiên"
        },
        {
            "id": "61558260236627",
            "count": 0,
            "name": "Cẩm Nguyễn"
        },
        {
            "id": "100001753412385",
            "count": 0,
            "name": "Pông Nè"
        },
        {
            "id": "100087973117726",
            "count": 0,
            "name": "Kieu Mai Trang"
        },
        {
            "id": "61556935905121",
            "count": 0,
            "name": "Nguyễnn Thuu Nhàii"
        },
        {
            "id": "100091522666955",
            "count": 0,
            "name": "Pham Ngoc"
        },
        {
            "id": "100070759856150",
            "count": 0,
            "name": "Phươngg Thanhh"
        },
        {
            "id": "100074717933971",
            "count": 0,
            "name": "N Hoàng Phúc"
        },
        {
            "id": "61555010534336",
            "count": 0,
            "name": "Quang Thắng"
        },
        {
            "id": "100025833742680",
            "count": 0,
            "name": "Tao Văn Hặc"
        },
        {
            "id": "100015586505173",
            "count": 0,
            "name": "Nhí Nè"
        },
        {
            "id": "100083578263390",
            "count": 0,
            "name": "Thiên Ýy"
        },
        {
            "id": "61567049003160",
            "count": 0,
            "name": "Ngocc Khánhh"
        },
        {
            "id": "100051679054473",
            "count": 0,
            "name": "Nguyễn Thị Rồng Đỏ"
        },
        {
            "id": "61560431877467",
            "count": 0,
            "name": "Người dùng facebook"
        },
        {
            "id": "61565730877370",
            "count": 0,
            "name": "Người dùng facebook"
        },
        {
            "id": "100085621006227",
            "count": 0,
            "name": "Lâm Quyên"
        },
        {
            "id": "61565907382492",
            "count": 0,
            "name": "Người dùng facebook"
        },
        {
            "id": "100044754248632",
            "count": 0,
            "name": "Nguyễn Hoàng Khánh Hằng"
        },
        {
            "id": "100044550545969",
            "count": 0,
            "name": "Kim Ngân"
        },
        {
            "id": "100064639421968",
            "count": 0,
            "name": "Người dùng facebook"
        },
        {
            "id": "100095693460645",
            "count": 0,
            "name": "Người dùng facebook"
        },
        {
            "id": "61563337826241",
            "count": 0,
            "name": "Nhím Cte"
        },
        {
            "id": "100073781404976",
            "count": 0,
            "name": "Người dùng facebook"
        },
        {
            "id": "61565872591677",
            "count": 0,
            "name": "Ýy Như"
        },
        {
            "id": "61565399734191",
            "count": 0,
            "name": "Tùng Lê"
        },
        {
            "id": "100088107795215",
            "count": 0,
            "name": "Tuan Anh"
        },
        {
            "id": "100064618535519",
            "count": 0,
            "name": "Hoang Quang Thuong"
        },
        {
            "id": "100087198276790",
            "count": 0,
            "name": "Ng Hong May"
        },
        {
            "id": "100086177325853",
            "count": 0,
            "name": "Trà Tắc Xí Muội"
        },
        {
            "id": "100047875241506",
            "count": 0,
            "name": "Nguyễn Hồng Sơn"
        },
        {
            "id": "61556197994031",
            "count": 0,
            "name": "Hoang Jun"
        },
        {
            "id": "100041864617783",
            "count": 0,
            "name": "Thanhh Hoangg"
        },
        {
            "id": "100027321356279",
            "count": 0,
            "name": "Người dùng facebook"
        },
        {
            "id": "100095176352708",
            "count": 0,
            "name": "D.Trần NhÝ"
        },
        {
            "id": "100022537840429",
            "count": 0,
            "name": "Minh Trí"
        },
        {
            "id": "100018980539712",
            "count": 0,
            "name": "Hfiz"
        },
        {
            "id": "100034458197798",
            "count": 0,
            "name": "Phạm Minh Tài"
        },
        {
            "id": "100022283272907",
            "count": 0,
            "name": "Đặng Thị Minh"
        },
        {
            "id": "100010016652045",
            "count": 0,
            "name": "Myy Hangg"
        },
        {
            "id": "61562373760967",
            "count": 0,
            "name": "Hoàng Bảo"
        },
        {
            "id": "61560635891132",
            "count": 0,
            "name": "Ng Ngoc Quynh Nhu"
        },
        {
            "id": "61560186890561",
            "count": 0,
            "name": "Bùi Minh Tú"
        },
        {
            "id": "100035777923410",
            "count": 0,
            "name": "Nguyễn Trọng Khang"
        },
        {
            "id": "100014195925010",
            "count": 0,
            "name": "Người dùng facebook"
        },
        {
            "id": "100067730049424",
            "count": 0,
            "name": "Le Hong Ngoc"
        },
        {
            "id": "100091275308515",
            "count": 0,
            "name": "Khả Hân"
        },
        {
            "id": "100055495335963",
            "count": 0,
            "name": "Pham Cham"
        },
        {
            "id": "100055551205769",
            "count": 0,
            "name": "Lê Hoàng Cẩm Tú"
        },
        {
            "id": "100079710296435",
            "count": 0,
            "name": "Kim Ngan Ng"
        },
        {
            "id": "61552938272171",
            "count": 0,
            "name": "Vương Văn"
        },
        {
            "id": "61564242655889",
            "count": 0,
            "name": "Minh Thư Chuche"
        },
        {
            "id": "61555296763601",
            "count": 0,
            "name": "Khánh Ly"
        },
        {
            "id": "100083541867251",
            "count": 0,
            "name": "Ngoc Bi"
        },
        {
            "id": "100084463900012",
            "count": 0,
            "name": "Vũ Luân Nè"
        },
        {
            "id": "61568142690830",
            "count": 0,
            "name": "Hà Quân"
        },
        {
            "id": "61567198934662",
            "count": 0,
            "name": "Vũ Bảo Ngân"
        },
        {
            "id": "100078717307973",
            "count": 0,
            "name": "Ng Tien Manh"
        },
        {
            "id": "100065192791084",
            "count": 0,
            "name": "Quốc Bảo"
        },
        {
            "id": "100085368398957",
            "count": 0,
            "name": "Bao Nguyen"
        },
        {
            "id": "100082631401607",
            "count": 0,
            "name": "Người dùng facebook"
        },
        {
            "id": "61551597646462",
            "count": 0,
            "name": "Hoaq Anh"
        },
        {
            "id": "61559914589204",
            "count": 0,
            "name": "Người dùng facebook"
        },
        {
            "id": "100089236706823",
            "count": 0,
            "name": "Thanh Huyền"
        },
        {
            "id": "100051611762833",
            "count": 0,
            "name": "Thang Nguyen"
        },
        {
            "id": "100084697611377",
            "count": 0,
            "name": "Gái Dp Ỉachảy"
        },
        {
            "id": "100006833027743",
            "count": 0,
            "name": "Nguyễn Trung Hiếu"
        },
        {
            "id": "100082037234111",
            "count": 0,
            "name": "Phan Gia Thiện"
        },
        {
            "id": "100036744120294",
            "count": 0,
            "name": "Thiên Ânn"
        },
        {
            "id": "61561253747740",
            "count": 0,
            "name": "Mai Hiên"
        },
        {
            "id": "100089920356695",
            "count": 0,
            "name": "Lục Ngọc"
        },
        {
            "id": "61567937435632",
            "count": 0,
            "name": "Truong Thi Kim Hien"
        },
        {
            "id": "100066489441947",
            "count": 0,
            "name": "Tuan Long"
        },
        {
            "id": "100092996455561",
            "count": 0,
            "name": "Thanh Thảo"
        },
        {
            "id": "100016986433316",
            "count": 0,
            "name": "Nguyễn Thị Anh Thư"
        },
        {
            "id": "100089281625186",
            "count": 0,
            "name": "Người dùng facebook"
        },
        {
            "id": "100093609523489",
            "count": 0,
            "name": "Người dùng facebook"
        },
        {
            "id": "61559799961809",
            "count": 0,
            "name": "Kim Ngân"
        },
        {
            "id": "61565963758335",
            "count": 0,
            "name": "Trox Wa"
        },
        {
            "id": "61567239437103",
            "count": 0,
            "name": "Hoang Anh Tuan"
        },
        {
            "id": "100085898904280",
            "count": 0,
            "name": "Zịt Đẹt Thích Vẽ"
        },
        {
            "id": "100090843660859",
            "count": 0,
            "name": "Lê Hoàng"
        },
        {
            "id": "100011716277263",
            "count": 0,
            "name": "Trần Minh Thu"
        },
        {
            "id": "100045787391383",
            "count": 0,
            "name": "Đặng Hoàng Châu Di"
        },
        {
            "id": "61558871020107",
            "count": 0,
            "name": "Người dùng facebook"
        },
        {
            "id": "100082054471500",
            "count": 0,
            "name": "Trần Gia Khang"
        }
    ],
    "time": 6,
    "last": {
        "time": 0,
        "day": [
            {
                "id": "100086062086600",
                "count": 0
            },
            {
                "id": "100078672706556",
                "count": 0
            },
            {
                "id": "100088265816400",
                "count": 0
            },
            {
                "id": "61555428134200",
                "count": 0
            },
            {
                "id": "61552176620762",
                "count": 0
            },
            {
                "id": "100089528557230",
                "count": 0
            },
            {
                "id": "100028954755072",
                "count": 0
            },
            {
                "id": "61559635656349",
                "count": 0
            },
            {
                "id": "61554759280366",
                "count": 0
            },
            {
                "id": "61550954960913",
                "count": 0
            },
            {
                "id": "100083209058169",
                "count": 0
            },
            {
                "id": "100072301915850",
                "count": 0
            },
            {
                "id": "61556829137341",
                "count": 0
            },
            {
                "id": "61554895521324",
                "count": 0
            },
            {
                "id": "61555469991395",
                "count": 0
            },
            {
                "id": "100038969556521",
                "count": 0
            },
            {
                "id": "100077987674207",
                "count": 0
            },
            {
                "id": "100089465274718",
                "count": 0
            },
            {
                "id": "100076280036335",
                "count": 0
            },
            {
                "id": "100075512355750",
                "count": 0
            },
            {
                "id": "61554200261231",
                "count": 0
            },
            {
                "id": "100027365708225",
                "count": 0
            },
            {
                "id": "100075248948160",
                "count": 0
            },
            {
                "id": "100078717005420",
                "count": 0
            },
            {
                "id": "100084108796047",
                "count": 0
            },
            {
                "id": "61564198071271",
                "count": 0
            },
            {
                "id": "100077830854025",
                "count": 0
            },
            {
                "id": "100017540075262",
                "count": 0
            },
            {
                "id": "100076814755938",
                "count": 0
            },
            {
                "id": "100093965763517",
                "count": 0
            },
            {
                "id": "61555919199007",
                "count": 0
            },
            {
                "id": "100084198875694",
                "count": 0
            },
            {
                "id": "100085283546444",
                "count": 0
            },
            {
                "id": "100091262711069",
                "count": 0
            },
            {
                "id": "100087395422997",
                "count": 0
            },
            {
                "id": "100069167717417",
                "count": 0
            },
            {
                "id": "61567819497304",
                "count": 0
            },
            {
                "id": "61559079650241",
                "count": 0
            },
            {
                "id": "61566826751267",
                "count": 0
            },
            {
                "id": "100079046863091",
                "count": 0
            },
            {
                "id": "100092531062315",
                "count": 0
            },
            {
                "id": "61559866845179",
                "count": 0
            },
            {
                "id": "61565801966014",
                "count": 0
            },
            {
                "id": "100013257753205",
                "count": 0
            },
            {
                "id": "100086971514921",
                "count": 0
            },
            {
                "id": "61550041624156",
                "count": 0
            },
            {
                "id": "61567324447162",
                "count": 0
            },
            {
                "id": "100074736457168",
                "count": 0
            },
            {
                "id": "61559401281776",
                "count": 0
            },
            {
                "id": "61563659426033",
                "count": 0
            },
            {
                "id": "61551851920118",
                "count": 0
            },
            {
                "id": "61558465105348",
                "count": 0
            },
            {
                "id": "100078353949343",
                "count": 0
            },
            {
                "id": "61565289906893",
                "count": 0
            },
            {
                "id": "100073974939184",
                "count": 0
            },
            {
                "id": "61561530282324",
                "count": 0
            },
            {
                "id": "100084146473883",
                "count": 0
            },
            {
                "id": "61552602159362",
                "count": 0
            },
            {
                "id": "100094334769643",
                "count": 0
            },
            {
                "id": "61564147235346",
                "count": 0
            },
            {
                "id": "100093746205688",
                "count": 0
            },
            {
                "id": "100049978147209",
                "count": 0
            },
            {
                "id": "100093952015765",
                "count": 0
            },
            {
                "id": "61566499187672",
                "count": 0
            },
            {
                "id": "61565014333780",
                "count": 0
            },
            {
                "id": "100054384911231",
                "count": 0
            },
            {
                "id": "61556615072098",
                "count": 0
            },
            {
                "id": "100052702787568",
                "count": 0
            },
            {
                "id": "100059023300671",
                "count": 0
            },
            {
                "id": "61558584212235",
                "count": 0
            },
            {
                "id": "100072084979831",
                "count": 0
            },
            {
                "id": "100088037628779",
                "count": 0
            },
            {
                "id": "61556640362902",
                "count": 0
            },
            {
                "id": "100032045414143",
                "count": 0
            },
            {
                "id": "61557056559555",
                "count": 0
            },
            {
                "id": "61561841909289",
                "count": 0
            },
            {
                "id": "100082754688017",
                "count": 0
            },
            {
                "id": "61550536872829",
                "count": 0
            },
            {
                "id": "100075900525121",
                "count": 0
            },
            {
                "id": "100061016199794",
                "count": 0
            },
            {
                "id": "61554933534043",
                "count": 0
            },
            {
                "id": "100070164456744",
                "count": 0
            },
            {
                "id": "61559357403389",
                "count": 0
            },
            {
                "id": "100065169872489",
                "count": 0
            },
            {
                "id": "61562543583757",
                "count": 0
            },
            {
                "id": "100083474390571",
                "count": 0
            },
            {
                "id": "100073553435360",
                "count": 0
            },
            {
                "id": "61563457622315",
                "count": 0
            },
            {
                "id": "61553664987431",
                "count": 0
            },
            {
                "id": "61556661788323",
                "count": 0
            },
            {
                "id": "100094688717713",
                "count": 0
            },
            {
                "id": "61562608988582",
                "count": 0
            },
            {
                "id": "100073692537664",
                "count": 0
            },
            {
                "id": "100010340264272",
                "count": 0
            },
            {
                "id": "100093536865720",
                "count": 0
            },
            {
                "id": "100074370332642",
                "count": 0
            },
            {
                "id": "61553428605286",
                "count": 0
            },
            {
                "id": "100093330402466",
                "count": 0
            },
            {
                "id": "100092996455561",
                "count": 0
            },
            {
                "id": "61567337631657",
                "count": 0
            },
            {
                "id": "100059360564486",
                "count": 0
            },
            {
                "id": "100042324143326",
                "count": 0
            },
            {
                "id": "100093383174716",
                "count": 0
            },
            {
                "id": "100082737042788",
                "count": 0
            },
            {
                "id": "61551809494194",
                "count": 0
            },
            {
                "id": "100082257966481",
                "count": 0
            },
            {
                "id": "61558260236627",
                "count": 0
            },
            {
                "id": "100001753412385",
                "count": 0
            },
            {
                "id": "100087973117726",
                "count": 0
            },
            {
                "id": "61556935905121",
                "count": 0
            },
            {
                "id": "100091522666955",
                "count": 0
            },
            {
                "id": "100070759856150",
                "count": 0
            },
            {
                "id": "100068525363323",
                "count": 0
            },
            {
                "id": "100074717933971",
                "count": 0
            },
            {
                "id": "61555010534336",
                "count": 0
            },
            {
                "id": "100025833742680",
                "count": 0
            },
            {
                "id": "100015586505173",
                "count": 0
            },
            {
                "id": "100082224018967",
                "count": 0
            },
            {
                "id": "100083578263390",
                "count": 0
            },
            {
                "id": "61567049003160",
                "count": 0
            },
            {
                "id": "100051679054473",
                "count": 0
            },
            {
                "id": "61560431877467",
                "count": 0
            },
            {
                "id": "61565730877370",
                "count": 0
            },
            {
                "id": "100085621006227",
                "count": 0
            },
            {
                "id": "61550649411684",
                "count": 0
            },
            {
                "id": "61565907382492",
                "count": 0
            },
            {
                "id": "100044754248632",
                "count": 0
            },
            {
                "id": "100089480618633",
                "count": 0
            },
            {
                "id": "100044550545969",
                "count": 0
            },
            {
                "id": "100064639421968",
                "count": 0
            },
            {
                "id": "100095693460645",
                "count": 0
            },
            {
                "id": "61563337826241",
                "count": 0
            },
            {
                "id": "100080433288881",
                "count": 0
            },
            {
                "id": "100076290008706",
                "count": 0
            },
            {
                "id": "100073781404976",
                "count": 0
            },
            {
                "id": "100076264197830",
                "count": 0
            },
            {
                "id": "61565872591677",
                "count": 0
            },
            {
                "id": "100069333041721",
                "count": 0
            },
            {
                "id": "61565399734191",
                "count": 0
            },
            {
                "id": "100088107795215",
                "count": 0
            },
            {
                "id": "61555245064989",
                "count": 0
            },
            {
                "id": "100064618535519",
                "count": 0
            },
            {
                "id": "100087198276790",
                "count": 0
            },
            {
                "id": "100086177325853",
                "count": 0
            },
            {
                "id": "100047875241506",
                "count": 0
            },
            {
                "id": "61556197994031",
                "count": 0
            },
            {
                "id": "100041864617783",
                "count": 0
            },
            {
                "id": "100027321356279",
                "count": 0
            },
            {
                "id": "100095176352708",
                "count": 0
            },
            {
                "id": "100023310798429",
                "count": 0
            },
            {
                "id": "100022537840429",
                "count": 0
            },
            {
                "id": "100018980539712",
                "count": 0
            },
            {
                "id": "100034458197798",
                "count": 0
            },
            {
                "id": "100022283272907",
                "count": 0
            },
            {
                "id": "61567780780301",
                "count": 0
            },
            {
                "id": "100010016652045",
                "count": 0
            },
            {
                "id": "61562373760967",
                "count": 0
            },
            {
                "id": "61560635891132",
                "count": 0
            },
            {
                "id": "100088313077493",
                "count": 0
            },
            {
                "id": "61560186890561",
                "count": 0
            },
            {
                "id": "100035777923410",
                "count": 0
            },
            {
                "id": "100014195925010",
                "count": 0
            },
            {
                "id": "100067730049424",
                "count": 0
            },
            {
                "id": "100091275308515",
                "count": 0
            },
            {
                "id": "100055495335963",
                "count": 0
            },
            {
                "id": "100055551205769",
                "count": 0
            },
            {
                "id": "100079710296435",
                "count": 0
            },
            {
                "id": "61552938272171",
                "count": 0
            },
            {
                "id": "100089725849438",
                "count": 0
            },
            {
                "id": "61564242655889",
                "count": 0
            },
            {
                "id": "61555296763601",
                "count": 0
            },
            {
                "id": "100083541867251",
                "count": 0
            },
            {
                "id": "100084463900012",
                "count": 0
            },
            {
                "id": "61568142690830",
                "count": 0
            },
            {
                "id": "61555354151279",
                "count": 0
            },
            {
                "id": "61567198934662",
                "count": 0
            },
            {
                "id": "61563843028417",
                "count": 0
            },
            {
                "id": "100078717307973",
                "count": 0
            },
            {
                "id": "100065192791084",
                "count": 0
            },
            {
                "id": "100085368398957",
                "count": 0
            },
            {
                "id": "100082631401607",
                "count": 0
            },
            {
                "id": "61551597646462",
                "count": 0
            },
            {
                "id": "61559914589204",
                "count": 0
            },
            {
                "id": "100089236706823",
                "count": 0
            },
            {
                "id": "100051611762833",
                "count": 0
            },
            {
                "id": "61556338203447",
                "count": 0
            },
            {
                "id": "100078636823783",
                "count": 0
            },
            {
                "id": "100084024977564",
                "count": 0
            },
            {
                "id": "100084697611377",
                "count": 0
            },
            {
                "id": "100078835825799",
                "count": 0
            },
            {
                "id": "100006833027743",
                "count": 0
            },
            {
                "id": "100082037234111",
                "count": 0
            },
            {
                "id": "100036744120294",
                "count": 0
            },
            {
                "id": "61561253747740",
                "count": 0
            },
            {
                "id": "100089920356695",
                "count": 0
            },
            {
                "id": "61567937435632",
                "count": 0
            },
            {
                "id": "100066489441947",
                "count": 0
            },
            {
                "id": "100050437274989",
                "count": 0
            },
            {
                "id": "100090965665083",
                "count": 0
            },
            {
                "id": "61567293094550",
                "count": 0
            },
            {
                "id": "61567654239831",
                "count": 0
            },
            {
                "id": "100016986433316",
                "count": 0
            },
            {
                "id": "100089281625186",
                "count": 0
            },
            {
                "id": "100093609523489",
                "count": 0
            },
            {
                "id": "61559799961809",
                "count": 0
            },
            {
                "id": "100088066844386",
                "count": 0
            },
            {
                "id": "61565963758335",
                "count": 0
            },
            {
                "id": "61562561230357",
                "count": 0
            },
            {
                "id": "100089723137246",
                "count": 0
            },
            {
                "id": "100040004557980",
                "count": 0
            },
            {
                "id": "61567239437103",
                "count": 0
            },
            {
                "id": "100085898904280",
                "count": 0
            },
            {
                "id": "100090843660859",
                "count": 0
            },
            {
                "id": "61568226115459",
                "count": 0
            },
            {
                "id": "100011716277263",
                "count": 0
            },
            {
                "id": "100045787391383",
                "count": 0
            },
            {
                "id": "61558871020107",
                "count": 0
            },
            {
                "id": "100082054471500",
                "count": 0
            }
        ],
        "week": [
            {
                "id": "100086062086600",
                "count": 0
            },
            {
                "id": "100078672706556",
                "count": 0
            },
            {
                "id": "100088265816400",
                "count": 0
            },
            {
                "id": "61555428134200",
                "count": 0
            },
            {
                "id": "61552176620762",
                "count": 0
            },
            {
                "id": "100089528557230",
                "count": 0
            },
            {
                "id": "100028954755072",
                "count": 0
            },
            {
                "id": "61559635656349",
                "count": 0
            },
            {
                "id": "61554759280366",
                "count": 0
            },
            {
                "id": "61550954960913",
                "count": 0
            },
            {
                "id": "100083209058169",
                "count": 0
            },
            {
                "id": "100072301915850",
                "count": 0
            },
            {
                "id": "61556829137341",
                "count": 0
            },
            {
                "id": "61554895521324",
                "count": 0
            },
            {
                "id": "61555469991395",
                "count": 0
            },
            {
                "id": "100038969556521",
                "count": 0
            },
            {
                "id": "100077987674207",
                "count": 0
            },
            {
                "id": "100089465274718",
                "count": 0
            },
            {
                "id": "100076280036335",
                "count": 0
            },
            {
                "id": "100075512355750",
                "count": 0
            },
            {
                "id": "61554200261231",
                "count": 0
            },
            {
                "id": "100027365708225",
                "count": 0
            },
            {
                "id": "100075248948160",
                "count": 0
            },
            {
                "id": "100078717005420",
                "count": 0
            },
            {
                "id": "100084108796047",
                "count": 0
            },
            {
                "id": "61564198071271",
                "count": 0
            },
            {
                "id": "100077830854025",
                "count": 0
            },
            {
                "id": "100017540075262",
                "count": 0
            },
            {
                "id": "100076814755938",
                "count": 0
            },
            {
                "id": "100093965763517",
                "count": 0
            },
            {
                "id": "61555919199007",
                "count": 0
            },
            {
                "id": "100084198875694",
                "count": 0
            },
            {
                "id": "100085283546444",
                "count": 0
            },
            {
                "id": "100091262711069",
                "count": 0
            },
            {
                "id": "100087395422997",
                "count": 0
            },
            {
                "id": "100069167717417",
                "count": 0
            },
            {
                "id": "61567819497304",
                "count": 0
            },
            {
                "id": "61559079650241",
                "count": 0
            },
            {
                "id": "61566826751267",
                "count": 0
            },
            {
                "id": "100079046863091",
                "count": 0
            },
            {
                "id": "100092531062315",
                "count": 0
            },
            {
                "id": "61559866845179",
                "count": 0
            },
            {
                "id": "61565801966014",
                "count": 0
            },
            {
                "id": "100013257753205",
                "count": 0
            },
            {
                "id": "100086971514921",
                "count": 0
            },
            {
                "id": "61550041624156",
                "count": 0
            },
            {
                "id": "61567324447162",
                "count": 0
            },
            {
                "id": "100074736457168",
                "count": 0
            },
            {
                "id": "61559401281776",
                "count": 0
            },
            {
                "id": "61563659426033",
                "count": 0
            },
            {
                "id": "61551851920118",
                "count": 0
            },
            {
                "id": "61558465105348",
                "count": 0
            },
            {
                "id": "100078353949343",
                "count": 0
            },
            {
                "id": "61565289906893",
                "count": 0
            },
            {
                "id": "100073974939184",
                "count": 0
            },
            {
                "id": "61561530282324",
                "count": 0
            },
            {
                "id": "100084146473883",
                "count": 0
            },
            {
                "id": "61552602159362",
                "count": 0
            },
            {
                "id": "100094334769643",
                "count": 0
            },
            {
                "id": "61564147235346",
                "count": 0
            },
            {
                "id": "100093746205688",
                "count": 0
            },
            {
                "id": "100049978147209",
                "count": 0
            },
            {
                "id": "100093952015765",
                "count": 0
            },
            {
                "id": "61566499187672",
                "count": 0
            },
            {
                "id": "61565014333780",
                "count": 0
            },
            {
                "id": "100054384911231",
                "count": 0
            },
            {
                "id": "61556615072098",
                "count": 0
            },
            {
                "id": "100052702787568",
                "count": 0
            },
            {
                "id": "100059023300671",
                "count": 0
            },
            {
                "id": "61558584212235",
                "count": 0
            },
            {
                "id": "100072084979831",
                "count": 0
            },
            {
                "id": "100088037628779",
                "count": 0
            },
            {
                "id": "61556640362902",
                "count": 0
            },
            {
                "id": "100032045414143",
                "count": 0
            },
            {
                "id": "61557056559555",
                "count": 0
            },
            {
                "id": "61561841909289",
                "count": 0
            },
            {
                "id": "100082754688017",
                "count": 0
            },
            {
                "id": "61550536872829",
                "count": 0
            },
            {
                "id": "100075900525121",
                "count": 0
            },
            {
                "id": "100061016199794",
                "count": 0
            },
            {
                "id": "61554933534043",
                "count": 0
            },
            {
                "id": "100070164456744",
                "count": 0
            },
            {
                "id": "61559357403389",
                "count": 0
            },
            {
                "id": "100065169872489",
                "count": 0
            },
            {
                "id": "61562543583757",
                "count": 0
            },
            {
                "id": "100083474390571",
                "count": 0
            },
            {
                "id": "100073553435360",
                "count": 0
            },
            {
                "id": "61563457622315",
                "count": 0
            },
            {
                "id": "61553664987431",
                "count": 0
            },
            {
                "id": "61556661788323",
                "count": 0
            },
            {
                "id": "100094688717713",
                "count": 0
            },
            {
                "id": "61562608988582",
                "count": 0
            },
            {
                "id": "100073692537664",
                "count": 0
            },
            {
                "id": "100010340264272",
                "count": 0
            },
            {
                "id": "100093536865720",
                "count": 0
            },
            {
                "id": "100074370332642",
                "count": 0
            },
            {
                "id": "61553428605286",
                "count": 0
            },
            {
                "id": "100093330402466",
                "count": 0
            },
            {
                "id": "100092996455561",
                "count": 0
            },
            {
                "id": "61567337631657",
                "count": 0
            },
            {
                "id": "100059360564486",
                "count": 0
            },
            {
                "id": "100042324143326",
                "count": 0
            },
            {
                "id": "100093383174716",
                "count": 0
            },
            {
                "id": "100082737042788",
                "count": 0
            },
            {
                "id": "61551809494194",
                "count": 0
            },
            {
                "id": "100082257966481",
                "count": 0
            },
            {
                "id": "61558260236627",
                "count": 0
            },
            {
                "id": "100001753412385",
                "count": 0
            },
            {
                "id": "100087973117726",
                "count": 0
            },
            {
                "id": "61556935905121",
                "count": 0
            },
            {
                "id": "100091522666955",
                "count": 0
            },
            {
                "id": "100070759856150",
                "count": 0
            },
            {
                "id": "100068525363323",
                "count": 0
            },
            {
                "id": "100074717933971",
                "count": 0
            },
            {
                "id": "61555010534336",
                "count": 0
            },
            {
                "id": "100025833742680",
                "count": 0
            },
            {
                "id": "100015586505173",
                "count": 0
            },
            {
                "id": "100082224018967",
                "count": 0
            },
            {
                "id": "100083578263390",
                "count": 0
            },
            {
                "id": "61567049003160",
                "count": 0
            },
            {
                "id": "100051679054473",
                "count": 0
            },
            {
                "id": "61560431877467",
                "count": 0
            },
            {
                "id": "61565730877370",
                "count": 0
            },
            {
                "id": "100085621006227",
                "count": 0
            },
            {
                "id": "61550649411684",
                "count": 0
            },
            {
                "id": "61565907382492",
                "count": 0
            },
            {
                "id": "100044754248632",
                "count": 0
            },
            {
                "id": "100089480618633",
                "count": 0
            },
            {
                "id": "100044550545969",
                "count": 0
            },
            {
                "id": "100064639421968",
                "count": 0
            },
            {
                "id": "100095693460645",
                "count": 0
            },
            {
                "id": "61563337826241",
                "count": 0
            },
            {
                "id": "100080433288881",
                "count": 0
            },
            {
                "id": "100076290008706",
                "count": 0
            },
            {
                "id": "100073781404976",
                "count": 0
            },
            {
                "id": "100076264197830",
                "count": 0
            },
            {
                "id": "61565872591677",
                "count": 0
            },
            {
                "id": "100069333041721",
                "count": 0
            },
            {
                "id": "61565399734191",
                "count": 0
            },
            {
                "id": "100088107795215",
                "count": 0
            },
            {
                "id": "61555245064989",
                "count": 0
            },
            {
                "id": "100064618535519",
                "count": 0
            },
            {
                "id": "100087198276790",
                "count": 0
            },
            {
                "id": "100086177325853",
                "count": 0
            },
            {
                "id": "100047875241506",
                "count": 0
            },
            {
                "id": "61556197994031",
                "count": 0
            },
            {
                "id": "100041864617783",
                "count": 0
            },
            {
                "id": "100027321356279",
                "count": 0
            },
            {
                "id": "100095176352708",
                "count": 0
            },
            {
                "id": "100023310798429",
                "count": 0
            },
            {
                "id": "100022537840429",
                "count": 0
            },
            {
                "id": "100018980539712",
                "count": 0
            },
            {
                "id": "100034458197798",
                "count": 0
            },
            {
                "id": "100022283272907",
                "count": 0
            },
            {
                "id": "61567780780301",
                "count": 0
            },
            {
                "id": "100010016652045",
                "count": 0
            },
            {
                "id": "61562373760967",
                "count": 0
            },
            {
                "id": "61560635891132",
                "count": 0
            },
            {
                "id": "100088313077493",
                "count": 0
            },
            {
                "id": "61560186890561",
                "count": 0
            },
            {
                "id": "100035777923410",
                "count": 0
            },
            {
                "id": "100014195925010",
                "count": 0
            },
            {
                "id": "100067730049424",
                "count": 0
            },
            {
                "id": "100091275308515",
                "count": 0
            },
            {
                "id": "100055495335963",
                "count": 0
            },
            {
                "id": "100055551205769",
                "count": 0
            },
            {
                "id": "100079710296435",
                "count": 0
            },
            {
                "id": "61552938272171",
                "count": 0
            },
            {
                "id": "100089725849438",
                "count": 0
            },
            {
                "id": "61564242655889",
                "count": 0
            },
            {
                "id": "61555296763601",
                "count": 0
            },
            {
                "id": "100083541867251",
                "count": 0
            },
            {
                "id": "100084463900012",
                "count": 0
            },
            {
                "id": "61568142690830",
                "count": 0
            },
            {
                "id": "61555354151279",
                "count": 0
            },
            {
                "id": "61567198934662",
                "count": 0
            },
            {
                "id": "61563843028417",
                "count": 0
            },
            {
                "id": "100078717307973",
                "count": 0
            },
            {
                "id": "100065192791084",
                "count": 0
            },
            {
                "id": "100085368398957",
                "count": 0
            },
            {
                "id": "100082631401607",
                "count": 0
            },
            {
                "id": "61551597646462",
                "count": 0
            },
            {
                "id": "61559914589204",
                "count": 0
            },
            {
                "id": "100089236706823",
                "count": 0
            },
            {
                "id": "100051611762833",
                "count": 0
            },
            {
                "id": "61556338203447",
                "count": 0
            },
            {
                "id": "100078636823783",
                "count": 0
            },
            {
                "id": "100084024977564",
                "count": 0
            },
            {
                "id": "100084697611377",
                "count": 0
            },
            {
                "id": "100078835825799",
                "count": 0
            },
            {
                "id": "100006833027743",
                "count": 0
            },
            {
                "id": "100082037234111",
                "count": 0
            },
            {
                "id": "100036744120294",
                "count": 0
            },
            {
                "id": "61561253747740",
                "count": 0
            },
            {
                "id": "100089920356695",
                "count": 0
            },
            {
                "id": "61567937435632",
                "count": 0
            },
            {
                "id": "100066489441947",
                "count": 0
            },
            {
                "id": "100050437274989",
                "count": 0
            },
            {
                "id": "100090965665083",
                "count": 0
            },
            {
                "id": "61567293094550",
                "count": 0
            },
            {
                "id": "61567654239831",
                "count": 0
            },
            {
                "id": "100016986433316",
                "count": 0
            },
            {
                "id": "100089281625186",
                "count": 0
            },
            {
                "id": "100093609523489",
                "count": 0
            },
            {
                "id": "61559799961809",
                "count": 0
            },
            {
                "id": "100088066844386",
                "count": 0
            },
            {
                "id": "61565963758335",
                "count": 0
            },
            {
                "id": "61562561230357",
                "count": 0
            },
            {
                "id": "100089723137246",
                "count": 0
            },
            {
                "id": "100040004557980",
                "count": 0
            },
            {
                "id": "61567239437103",
                "count": 0
            },
            {
                "id": "100085898904280",
                "count": 0
            },
            {
                "id": "100090843660859",
                "count": 0
            },
            {
                "id": "61568226115459",
                "count": 0
            },
            {
                "id": "100011716277263",
                "count": 0
            },
            {
                "id": "100045787391383",
                "count": 0
            },
            {
                "id": "61558871020107",
                "count": 0
            },
            {
                "id": "100082054471500",
                "count": 0
            }
        ]
    }
}