{
    "total": [
        {
            "id": "61553349840198",
            "count": 633
        },
        {
            "id": "61561530282324",
            "count": 79
        },
        {
            "id": "61566826751267",
            "count": 0
        },
        {
            "id": "61554387913255",
            "count": 4
        },
        {
            "id": "61566763607067",
            "count": 142
        },
        {
            "id": "100092361406567",
            "count": 1
        }
    ],
    "week": [
        {
            "id": "61553349840198",
            "count": 0,
            "name": "Mai Quốc Danh"
        },
        {
            "id": "61561530282324",
            "count": 0,
            "name": "Roronoa Xoro"
        },
        {
            "id": "61566826751267",
            "count": 0,
            "name": "Tùng Thanh"
        },
        {
            "id": "61554387913255",
            "count": 0,
            "name": "Hương Quỳnh"
        },
        {
            "id": "61566763607067",
            "count": 0,
            "name": "Gấu Lord Đz"
        },
        {
            "id": "100092361406567",
            "count": 0,
            "name": "Minh Phú"
        }
    ],
    "day": [
        {
            "id": "61553349840198",
            "count": 0,
            "name": "Mai Quốc Danh"
        },
        {
            "id": "61561530282324",
            "count": 0,
            "name": "Roronoa Xoro"
        },
        {
            "id": "61566826751267",
            "count": 0,
            "name": "Tùng Thanh"
        },
        {
            "id": "61554387913255",
            "count": 0,
            "name": "Hương Quỳnh"
        },
        {
            "id": "61566763607067",
            "count": 0,
            "name": "Gấu Lord Đz"
        },
        {
            "id": "100092361406567",
            "count": 0,
            "name": "Minh Phú"
        }
    ],
    "time": 6,
    "last": {
        "time": 2,
        "day": [
            {
                "id": "61553349840198",
                "count": 0
            },
            {
                "id": "61561530282324",
                "count": 0
            },
            {
                "id": "100085073240621",
                "count": 0
            },
            {
                "id": "100092361406567",
                "count": 0
            },
            {
                "id": "100077026869574",
                "count": 0
            },
            {
                "id": "61566826751267",
                "count": 0
            },
            {
                "id": "61566763607067",
                "count": 0
            },
            {
                "id": "61554387913255",
                "count": 0
            },
            {
                "id": "61566990311290",
                "count": 0
            },
            {
                "id": "61560290090059",
                "count": 0
            }
        ],
        "week": [
            {
                "id": "61553349840198",
                "count": 0
            },
            {
                "id": "61561530282324",
                "count": 0
            },
            {
                "id": "100085073240621",
                "count": 0
            },
            {
                "id": "100092361406567",
                "count": 0
            },
            {
                "id": "100077026869574",
                "count": 0
            },
            {
                "id": "61566826751267",
                "count": 0
            },
            {
                "id": "61566763607067",
                "count": 0
            },
            {
                "id": "61554387913255",
                "count": 0
            },
            {
                "id": "61566990311290",
                "count": 0
            },
            {
                "id": "61560290090059",
                "count": 0
            }
        ]
    }
}