{
    "total": [
        {
            "id": "61560856210315",
            "count": 19
        },
        {
            "id": "100088977746818",
            "count": 10
        },
        {
            "id": "100045447168111",
            "count": 391
        },
        {
            "id": "100080478949357",
            "count": 4
        },
        {
            "id": "61565457412158",
            "count": 39
        },
        {
            "id": "61552918377347",
            "count": 340
        },
        {
            "id": "61563525842452",
            "count": 218
        },
        {
            "id": "100077476950223",
            "count": 98
        },
        {
            "id": "100084455255927",
            "count": 1682
        },
        {
            "id": "61566904705360",
            "count": 217
        },
        {
            "id": "100093577001548",
            "count": 42
        },
        {
            "id": "100078750285225",
            "count": 35
        },
        {
            "id": "61552763527674",
            "count": 10
        },
        {
            "id": "100024059252355",
            "count": 33
        },
        {
            "id": "100011649900154",
            "count": 169
        },
        {
            "id": "100064869522380",
            "count": 69
        },
        {
            "id": "100081217884852",
            "count": 503
        },
        {
            "id": "61561530282324",
            "count": 39
        },
        {
            "id": "61557842283861",
            "count": 106
        },
        {
            "id": "100089283462438",
            "count": 6
        },
        {
            "id": "100019256743358",
            "count": 2
        },
        {
            "id": "100092202707778",
            "count": 210
        },
        {
            "id": "100065563803743",
            "count": 45
        },
        {
            "id": "61560095392964",
            "count": 293
        },
        {
            "id": "100071295286104",
            "count": 555
        },
        {
            "id": "61562521044916",
            "count": 10
        },
        {
            "id": "100068076051684",
            "count": 30
        },
        {
            "id": "61560892923946",
            "count": 4
        },
        {
            "id": "61550047347112",
            "count": 28
        },
        {
            "id": "100080429864854",
            "count": 51
        },
        {
            "id": "61566047801654",
            "count": 0
        }
    ],
    "week": [
        {
            "id": "61560856210315",
            "count": 1,
            "name": "Ngọc Trường"
        },
        {
            "id": "100088977746818",
            "count": 0,
            "name": "Tạ Việt Khang"
        },
        {
            "id": "100045447168111",
            "count": 13,
            "name": "Park JongGun"
        },
        {
            "id": "100080478949357",
            "count": 0,
            "name": "Leywin Sydra"
        },
        {
            "id": "61565457412158",
            "count": 10,
            "name": "Noah XauuTrai"
        },
        {
            "id": "61552918377347",
            "count": 4,
            "name": "Ng Đặng Anh Khoa"
        },
        {
            "id": "61563525842452",
            "count": 34,
            "name": "Bùi Ngọc Ánh"
        },
        {
            "id": "100077476950223",
            "count": 13,
            "name": "Ngọc Thịnh"
        },
        {
            "id": "100084455255927",
            "count": 225,
            "name": "Thi Quanh Le"
        },
        {
            "id": "61566904705360",
            "count": 41,
            "name": "Thịnh Elsu"
        },
        {
            "id": "100093577001548",
            "count": 10,
            "name": "Quang Anh Trần"
        },
        {
            "id": "100078750285225",
            "count": 0,
            "name": "Ngọc Châu"
        },
        {
            "id": "61552763527674",
            "count": 0,
            "name": "Quang Minh"
        },
        {
            "id": "100024059252355",
            "count": 10,
            "name": "Hắc'z Hàn'z Thiên'z Ken'z"
        },
        {
            "id": "100011649900154",
            "count": 22,
            "name": "Nguyen Tien"
        },
        {
            "id": "100064869522380",
            "count": 7,
            "name": "Bảo Thy"
        },
        {
            "id": "100081217884852",
            "count": 70,
            "name": "Hữu Luân"
        },
        {
            "id": "61561530282324",
            "count": 39,
            "name": "Roronoa Xoro"
        },
        {
            "id": "61557842283861",
            "count": 11,
            "name": "Nguyễn Thị Linh"
        },
        {
            "id": "100089283462438",
            "count": 4,
            "name": "Louis Lê"
        },
        {
            "id": "100019256743358",
            "count": 0,
            "name": "Ko Cần Biết"
        },
        {
            "id": "100092202707778",
            "count": 34,
            "name": "Ren Yamaguchi"
        },
        {
            "id": "100065563803743",
            "count": 12,
            "name": "Thành Văn"
        },
        {
            "id": "61560095392964",
            "count": 6,
            "name": "Sushil Fer"
        },
        {
            "id": "100071295286104",
            "count": 94,
            "name": "Azure Lunar Pham"
        },
        {
            "id": "61562521044916",
            "count": 0,
            "name": "Khả Dy"
        },
        {
            "id": "100068076051684",
            "count": 0,
            "name": "Se Lose"
        },
        {
            "id": "61560892923946",
            "count": 2,
            "name": "Nếp Cẩm"
        },
        {
            "id": "61550047347112",
            "count": 0,
            "name": "Ken Darkin"
        },
        {
            "id": "100080429864854",
            "count": 15,
            "name": "Bò Lạc"
        },
        {
            "id": "61566047801654",
            "count": 0,
            "name": "Người dùng facebook"
        }
    ],
    "day": [
        {
            "id": "61560856210315",
            "count": 0,
            "name": "Ngọc Trường"
        },
        {
            "id": "100088977746818",
            "count": 0,
            "name": "Tạ Việt Khang"
        },
        {
            "id": "100045447168111",
            "count": 0,
            "name": "Park JongGun"
        },
        {
            "id": "100080478949357",
            "count": 0,
            "name": "Leywin Sydra"
        },
        {
            "id": "61565457412158",
            "count": 0,
            "name": "Noah XauuTrai"
        },
        {
            "id": "61552918377347",
            "count": 0,
            "name": "Ng Đặng Anh Khoa"
        },
        {
            "id": "61563525842452",
            "count": 0,
            "name": "Bùi Ngọc Ánh"
        },
        {
            "id": "100077476950223",
            "count": 0,
            "name": "Ngọc Thịnh"
        },
        {
            "id": "100084455255927",
            "count": 0,
            "name": "Thi Quanh Le"
        },
        {
            "id": "61566904705360",
            "count": 0,
            "name": "Thịnh Elsu"
        },
        {
            "id": "100093577001548",
            "count": 0,
            "name": "Quang Anh Trần"
        },
        {
            "id": "100078750285225",
            "count": 0,
            "name": "Ngọc Châu"
        },
        {
            "id": "61552763527674",
            "count": 0,
            "name": "Quang Minh"
        },
        {
            "id": "100024059252355",
            "count": 0,
            "name": "Hắc'z Hàn'z Thiên'z Ken'z"
        },
        {
            "id": "100011649900154",
            "count": 0,
            "name": "Nguyen Tien"
        },
        {
            "id": "100064869522380",
            "count": 0,
            "name": "Bảo Thy"
        },
        {
            "id": "100081217884852",
            "count": 0,
            "name": "Hữu Luân"
        },
        {
            "id": "61561530282324",
            "count": 1,
            "name": "Roronoa Xoro"
        },
        {
            "id": "61557842283861",
            "count": 0,
            "name": "Nguyễn Thị Linh"
        },
        {
            "id": "100089283462438",
            "count": 0,
            "name": "Louis Lê"
        },
        {
            "id": "100019256743358",
            "count": 0,
            "name": "Ko Cần Biết"
        },
        {
            "id": "100092202707778",
            "count": 0,
            "name": "Ren Yamaguchi"
        },
        {
            "id": "100065563803743",
            "count": 0,
            "name": "Thành Văn"
        },
        {
            "id": "61560095392964",
            "count": 0,
            "name": "Sushil Fer"
        },
        {
            "id": "100071295286104",
            "count": 0,
            "name": "Azure Lunar Pham"
        },
        {
            "id": "61562521044916",
            "count": 0,
            "name": "Khả Dy"
        },
        {
            "id": "100068076051684",
            "count": 0,
            "name": "Se Lose"
        },
        {
            "id": "61560892923946",
            "count": 0,
            "name": "Nếp Cẩm"
        },
        {
            "id": "61550047347112",
            "count": 0,
            "name": "Ken Darkin"
        },
        {
            "id": "100080429864854",
            "count": 0,
            "name": "Bò Lạc"
        },
        {
            "id": "61566047801654",
            "count": 0,
            "name": "Người dùng facebook"
        }
    ],
    "time": 6,
    "last": {
        "time": 5,
        "day": [
            {
                "id": "61560856210315",
                "count": 0
            },
            {
                "id": "100034827163860",
                "count": 0
            },
            {
                "id": "100070751677477",
                "count": 0
            },
            {
                "id": "100084798020974",
                "count": 0
            },
            {
                "id": "100088977746818",
                "count": 0
            },
            {
                "id": "100045447168111",
                "count": 0
            },
            {
                "id": "100080478949357",
                "count": 0
            },
            {
                "id": "61565457412158",
                "count": 0
            },
            {
                "id": "100083481640084",
                "count": 0
            },
            {
                "id": "61552918377347",
                "count": 0
            },
            {
                "id": "61563525842452",
                "count": 0
            },
            {
                "id": "100077476950223",
                "count": 0
            },
            {
                "id": "61558396176403",
                "count": 0
            },
            {
                "id": "100084455255927",
                "count": 0
            },
            {
                "id": "61566904705360",
                "count": 0
            },
            {
                "id": "100093577001548",
                "count": 0
            },
            {
                "id": "100030599734788",
                "count": 0
            },
            {
                "id": "100078750285225",
                "count": 0
            },
            {
                "id": "100047931136517",
                "count": 0
            },
            {
                "id": "100072939666772",
                "count": 0
            },
            {
                "id": "61552763527674",
                "count": 0
            },
            {
                "id": "100024059252355",
                "count": 0
            },
            {
                "id": "100011649900154",
                "count": 0
            },
            {
                "id": "100071670231966",
                "count": 0
            },
            {
                "id": "100080429864854",
                "count": 0
            },
            {
                "id": "100085182966817",
                "count": 0
            },
            {
                "id": "100072376932026",
                "count": 0
            },
            {
                "id": "100084062762464",
                "count": 0
            },
            {
                "id": "100075342186524",
                "count": 0
            },
            {
                "id": "100082606987950",
                "count": 0
            },
            {
                "id": "100064869522380",
                "count": 0
            },
            {
                "id": "100081217884852",
                "count": 0
            },
            {
                "id": "61561530282324",
                "count": 0
            },
            {
                "id": "100054782661107",
                "count": 0
            },
            {
                "id": "100064984926964",
                "count": 0
            },
            {
                "id": "100026172981893",
                "count": 0
            },
            {
                "id": "61558166821194",
                "count": 0
            },
            {
                "id": "61557842283861",
                "count": 0
            },
            {
                "id": "100054891635622",
                "count": 0
            },
            {
                "id": "100089283462438",
                "count": 0
            },
            {
                "id": "100009418928059",
                "count": 0
            },
            {
                "id": "100052509214721",
                "count": 0
            },
            {
                "id": "100019256743358",
                "count": 0
            },
            {
                "id": "100047280384181",
                "count": 0
            },
            {
                "id": "100092202707778",
                "count": 0
            },
            {
                "id": "100004752336149",
                "count": 0
            },
            {
                "id": "61561919774112",
                "count": 0
            },
            {
                "id": "100065563803743",
                "count": 0
            },
            {
                "id": "61560095392964",
                "count": 0
            },
            {
                "id": "100006444490643",
                "count": 0
            },
            {
                "id": "61550705908101",
                "count": 0
            },
            {
                "id": "100033351184847",
                "count": 0
            },
            {
                "id": "100025450997659",
                "count": 0
            },
            {
                "id": "100089812512770",
                "count": 0
            },
            {
                "id": "61550309608278",
                "count": 0
            },
            {
                "id": "61555277206582",
                "count": 0
            },
            {
                "id": "100071692214019",
                "count": 0
            },
            {
                "id": "100015365191907",
                "count": 0
            },
            {
                "id": "61567747583782",
                "count": 0
            },
            {
                "id": "100071295286104",
                "count": 0
            },
            {
                "id": "61561253233882",
                "count": 0
            },
            {
                "id": "100085073240621",
                "count": 0
            },
            {
                "id": "61562521044916",
                "count": 0
            },
            {
                "id": "100068076051684",
                "count": 0
            },
            {
                "id": "61560892923946",
                "count": 0
            },
            {
                "id": "100071569899745",
                "count": 0
            },
            {
                "id": "100048711977630",
                "count": 0
            },
            {
                "id": "61566319865759",
                "count": 0
            },
            {
                "id": "61550047347112",
                "count": 0
            },
            {
                "id": "100072496368399",
                "count": 0
            },
            {
                "id": "61550003602624",
                "count": 0
            },
            {
                "id": "61566047801654",
                "count": 0
            },
            {
                "id": "100059021258652",
                "count": 0
            }
        ],
        "week": [
            {
                "id": "61560856210315",
                "count": 0
            },
            {
                "id": "100034827163860",
                "count": 0
            },
            {
                "id": "100070751677477",
                "count": 0
            },
            {
                "id": "100084798020974",
                "count": 0
            },
            {
                "id": "100088977746818",
                "count": 0
            },
            {
                "id": "100045447168111",
                "count": 0
            },
            {
                "id": "100080478949357",
                "count": 0
            },
            {
                "id": "61565457412158",
                "count": 0
            },
            {
                "id": "100083481640084",
                "count": 0
            },
            {
                "id": "61552918377347",
                "count": 0
            },
            {
                "id": "61563525842452",
                "count": 0
            },
            {
                "id": "100077476950223",
                "count": 0
            },
            {
                "id": "61558396176403",
                "count": 0
            },
            {
                "id": "100084455255927",
                "count": 0
            },
            {
                "id": "61566904705360",
                "count": 0
            },
            {
                "id": "100093577001548",
                "count": 0
            },
            {
                "id": "100030599734788",
                "count": 0
            },
            {
                "id": "100078750285225",
                "count": 0
            },
            {
                "id": "100047931136517",
                "count": 0
            },
            {
                "id": "100072939666772",
                "count": 0
            },
            {
                "id": "61552763527674",
                "count": 0
            },
            {
                "id": "100024059252355",
                "count": 0
            },
            {
                "id": "100011649900154",
                "count": 0
            },
            {
                "id": "100071670231966",
                "count": 0
            },
            {
                "id": "100080429864854",
                "count": 0
            },
            {
                "id": "100085182966817",
                "count": 0
            },
            {
                "id": "100072376932026",
                "count": 0
            },
            {
                "id": "100084062762464",
                "count": 0
            },
            {
                "id": "100075342186524",
                "count": 0
            },
            {
                "id": "100082606987950",
                "count": 0
            },
            {
                "id": "100064869522380",
                "count": 0
            },
            {
                "id": "100081217884852",
                "count": 0
            },
            {
                "id": "61561530282324",
                "count": 0
            },
            {
                "id": "100054782661107",
                "count": 0
            },
            {
                "id": "100064984926964",
                "count": 0
            },
            {
                "id": "100026172981893",
                "count": 0
            },
            {
                "id": "61558166821194",
                "count": 0
            },
            {
                "id": "61557842283861",
                "count": 0
            },
            {
                "id": "100054891635622",
                "count": 0
            },
            {
                "id": "100089283462438",
                "count": 0
            },
            {
                "id": "100009418928059",
                "count": 0
            },
            {
                "id": "100052509214721",
                "count": 0
            },
            {
                "id": "100019256743358",
                "count": 0
            },
            {
                "id": "100047280384181",
                "count": 0
            },
            {
                "id": "100092202707778",
                "count": 0
            },
            {
                "id": "100004752336149",
                "count": 0
            },
            {
                "id": "61561919774112",
                "count": 0
            },
            {
                "id": "100065563803743",
                "count": 0
            },
            {
                "id": "61560095392964",
                "count": 0
            },
            {
                "id": "100006444490643",
                "count": 0
            },
            {
                "id": "61550705908101",
                "count": 0
            },
            {
                "id": "100033351184847",
                "count": 0
            },
            {
                "id": "100025450997659",
                "count": 0
            },
            {
                "id": "100089812512770",
                "count": 0
            },
            {
                "id": "61550309608278",
                "count": 0
            },
            {
                "id": "61555277206582",
                "count": 0
            },
            {
                "id": "100071692214019",
                "count": 0
            },
            {
                "id": "100015365191907",
                "count": 0
            },
            {
                "id": "61567747583782",
                "count": 0
            },
            {
                "id": "100071295286104",
                "count": 0
            },
            {
                "id": "61561253233882",
                "count": 0
            },
            {
                "id": "100085073240621",
                "count": 0
            },
            {
                "id": "61562521044916",
                "count": 0
            },
            {
                "id": "100068076051684",
                "count": 0
            },
            {
                "id": "61560892923946",
                "count": 0
            },
            {
                "id": "100071569899745",
                "count": 0
            },
            {
                "id": "100048711977630",
                "count": 0
            },
            {
                "id": "61566319865759",
                "count": 0
            },
            {
                "id": "61550047347112",
                "count": 0
            },
            {
                "id": "100072496368399",
                "count": 0
            },
            {
                "id": "61550003602624",
                "count": 0
            },
            {
                "id": "61566047801654",
                "count": 0
            },
            {
                "id": "100059021258652",
                "count": 0
            }
        ]
    }
}