{
    "total": [
        {
            "id": "61552562192578",
            "count": 224
        },
        {
            "id": "100087366676830",
            "count": 95
        },
        {
            "id": "100051470256854",
            "count": 421
        },
        {
            "id": "100023434451963",
            "count": 33
        },
        {
            "id": "100083372341907",
            "count": 2
        },
        {
            "id": "100027477404934",
            "count": 6
        },
        {
            "id": "100083314025430",
            "count": 0
        },
        {
            "id": "100029904067347",
            "count": 1
        },
        {
            "id": "100027329903714",
            "count": 266
        },
        {
            "id": "100052007197265",
            "count": 6
        },
        {
            "id": "100051026808065",
            "count": 0
        },
        {
            "id": "61562805838600",
            "count": 1
        },
        {
            "id": "100088917669158",
            "count": 0
        },
        {
            "id": "100040122007990",
            "count": 8
        },
        {
            "id": "100037865107893",
            "count": 4
        },
        {
            "id": "100081441066853",
            "count": 2
        },
        {
            "id": "100028244904016",
            "count": 0
        },
        {
            "id": "100037421212535",
            "count": 0
        },
        {
            "id": "100022363302113",
            "count": 0
        },
        {
            "id": "100027132487550",
            "count": 102
        },
        {
            "id": "100011766365674",
            "count": 0
        },
        {
            "id": "100010612937326",
            "count": 0
        },
        {
            "id": "61555409068520",
            "count": 0
        },
        {
            "id": "100037251943151",
            "count": 12
        },
        {
            "id": "100041484675653",
            "count": 35
        },
        {
            "id": "100020898370157",
            "count": 0
        },
        {
            "id": "100022566275074",
            "count": 5
        },
        {
            "id": "100082149585977",
            "count": 1
        },
        {
            "id": "100018164079900",
            "count": 0
        },
        {
            "id": "100029304800892",
            "count": 9
        },
        {
            "id": "61554669151733",
            "count": 0
        },
        {
            "id": "100077556679802",
            "count": 0
        },
        {
            "id": "100010815753018",
            "count": 0
        },
        {
            "id": "100012515299490",
            "count": 0
        },
        {
            "id": "100040437703656",
            "count": 0
        },
        {
            "id": "100064439990654",
            "count": 0
        },
        {
            "id": "100025346661553",
            "count": 4
        },
        {
            "id": "100046343361185",
            "count": 0
        },
        {
            "id": "100090378051794",
            "count": 0
        },
        {
            "id": "100054727645759",
            "count": 0
        },
        {
            "id": "100062063103047",
            "count": 0
        },
        {
            "id": "100076847798012",
            "count": 2
        },
        {
            "id": "100088499632037",
            "count": 1
        },
        {
            "id": "100083158136327",
            "count": 36
        },
        {
            "id": "100012954368182",
            "count": 2
        },
        {
            "id": "100073374750221",
            "count": 23
        },
        {
            "id": "100024767024372",
            "count": 5
        },
        {
            "id": "100083167819862",
            "count": 0
        },
        {
            "id": "100093617476269",
            "count": 0
        },
        {
            "id": "100037800220377",
            "count": 0
        },
        {
            "id": "100065802364293",
            "count": 1
        },
        {
            "id": "100067553635304",
            "count": 295
        },
        {
            "id": "100076866214354",
            "count": 0
        },
        {
            "id": "100062554702462",
            "count": 38
        },
        {
            "id": "61561457131886",
            "count": 0
        },
        {
            "id": "100028604925944",
            "count": 14
        },
        {
            "id": "100093002410026",
            "count": 0
        },
        {
            "id": "100068149026021",
            "count": 0
        },
        {
            "id": "100024166027131",
            "count": 2
        },
        {
            "id": "100044336108373",
            "count": 0
        },
        {
            "id": "100083960405077",
            "count": 11
        },
        {
            "id": "100012762036265",
            "count": 0
        },
        {
            "id": "100086423036254",
            "count": 0
        },
        {
            "id": "100048522967884",
            "count": 0
        },
        {
            "id": "100092622275158",
            "count": 0
        },
        {
            "id": "100072145578976",
            "count": 23
        },
        {
            "id": "100015535176128",
            "count": 0
        },
        {
            "id": "100076399151586",
            "count": 0
        },
        {
            "id": "100024312342810",
            "count": 0
        },
        {
            "id": "100042014793648",
            "count": 0
        },
        {
            "id": "61566928205016",
            "count": 0
        },
        {
            "id": "100025715570920",
            "count": 11
        },
        {
            "id": "100060900844953",
            "count": 5
        },
        {
            "id": "100083867933240",
            "count": 46
        },
        {
            "id": "100095427584638",
            "count": 5
        },
        {
            "id": "100040589855355",
            "count": 0
        },
        {
            "id": "100033654966883",
            "count": 4
        },
        {
            "id": "100025034715313",
            "count": 26
        },
        {
            "id": "100051332842237",
            "count": 68
        },
        {
            "id": "100009982482198",
            "count": 0
        },
        {
            "id": "61561358467709",
            "count": 1
        },
        {
            "id": "100094365975057",
            "count": 1
        },
        {
            "id": "61561193240813",
            "count": 0
        },
        {
            "id": "100049470815305",
            "count": 0
        },
        {
            "id": "100042553030948",
            "count": 4
        },
        {
            "id": "100054943954711",
            "count": 0
        },
        {
            "id": "61565772690170",
            "count": 0
        },
        {
            "id": "100019920220450",
            "count": 0
        },
        {
            "id": "100083979885555",
            "count": 0
        },
        {
            "id": "100050811304293",
            "count": 0
        },
        {
            "id": "100028166389147",
            "count": 0
        },
        {
            "id": "100041424065865",
            "count": 140
        },
        {
            "id": "100053265583964",
            "count": 3
        },
        {
            "id": "100079268466007",
            "count": 25
        },
        {
            "id": "100068919977911",
            "count": 0
        },
        {
            "id": "100077751823142",
            "count": 0
        },
        {
            "id": "100011170897210",
            "count": 0
        },
        {
            "id": "100080933226010",
            "count": 2
        },
        {
            "id": "100077414042708",
            "count": 27
        },
        {
            "id": "61559079650241",
            "count": 52
        },
        {
            "id": "100094879566553",
            "count": 2
        },
        {
            "id": "61561530282324",
            "count": 236
        },
        {
            "id": "100041259763257",
            "count": 41
        },
        {
            "id": "100078300043623",
            "count": 0
        },
        {
            "id": "100029702174444",
            "count": 0
        },
        {
            "id": "61558383501598",
            "count": 1
        },
        {
            "id": "100014118344952",
            "count": 2
        },
        {
            "id": "61554842817786",
            "count": 9
        },
        {
            "id": "100013048963768",
            "count": 11
        },
        {
            "id": "100093149571775",
            "count": 9
        },
        {
            "id": "100001113278043",
            "count": 3
        },
        {
            "id": "100059687682950",
            "count": 15
        },
        {
            "id": "100030322479129",
            "count": 0
        },
        {
            "id": "100047587845850",
            "count": 41
        },
        {
            "id": "100046741642402",
            "count": 37
        },
        {
            "id": "100029768673924",
            "count": 27
        },
        {
            "id": "100065085775077",
            "count": 2
        },
        {
            "id": "100071519012448",
            "count": 5
        },
        {
            "id": "61566949059729",
            "count": 6
        },
        {
            "id": "100054932440955",
            "count": 9
        },
        {
            "id": "100050609475865",
            "count": 2
        },
        {
            "id": "61562847451412",
            "count": 6
        },
        {
            "id": "100033104442075",
            "count": 56
        },
        {
            "id": "61559927439362",
            "count": 0
        },
        {
            "id": "61565976532354",
            "count": 11
        },
        {
            "id": "100049962676650",
            "count": 4
        },
        {
            "id": "100002939045576",
            "count": 1
        },
        {
            "id": "100073063985388",
            "count": 12
        },
        {
            "id": "100011258655627",
            "count": 13
        },
        {
            "id": "61557369987749",
            "count": 10
        },
        {
            "id": "100050068612576",
            "count": 7
        },
        {
            "id": "61567309319716",
            "count": 16
        },
        {
            "id": "100081885095600",
            "count": 9
        },
        {
            "id": "61561095385771",
            "count": 0
        },
        {
            "id": "100090137084112",
            "count": 13
        },
        {
            "id": "100093846897172",
            "count": 0
        },
        {
            "id": "100037596822429",
            "count": 0
        },
        {
            "id": "100064048480504",
            "count": 0
        },
        {
            "id": "100067562019333",
            "count": 0
        },
        {
            "id": "100076131476282",
            "count": 0
        },
        {
            "id": "61564641188444",
            "count": 0
        },
        {
            "id": "100092246298622",
            "count": 0
        },
        {
            "id": "100083773689078",
            "count": 14
        },
        {
            "id": "100008197711469",
            "count": 0
        },
        {
            "id": "100052395963084",
            "count": 0
        },
        {
            "id": "100083876341750",
            "count": 0
        },
        {
            "id": "100025200033306",
            "count": 5
        },
        {
            "id": "100028023143540",
            "count": 1
        },
        {
            "id": "100037807563763",
            "count": 0
        },
        {
            "id": "100078113873228",
            "count": 7
        },
        {
            "id": "100078319567818",
            "count": 0
        },
        {
            "id": "61567384732605",
            "count": 16
        },
        {
            "id": "100041408226017",
            "count": 19
        },
        {
            "id": "100041421671775",
            "count": 1
        },
        {
            "id": "100004752336149",
            "count": 7
        }
    ],
    "week": [
        {
            "id": "61552562192578",
            "count": 0,
            "name": "H. T. Quỳnh"
        },
        {
            "id": "100087366676830",
            "count": 0,
            "name": "Nhungg Bún"
        },
        {
            "id": "100051470256854",
            "count": 0,
            "name": "Nguyễn Thị Thanh Giang"
        },
        {
            "id": "100023434451963",
            "count": 0,
            "name": "Cao Ngọc Hiếu"
        },
        {
            "id": "100083372341907",
            "count": 0,
            "name": "Văn Phong"
        },
        {
            "id": "100027477404934",
            "count": 0,
            "name": "Tiến Khểnh"
        },
        {
            "id": "100083314025430",
            "count": 0,
            "name": "Nguyễn Văn Mink"
        },
        {
            "id": "100029904067347",
            "count": 0,
            "name": "PHAN VĂN KHẢI"
        },
        {
            "id": "100027329903714",
            "count": 0,
            "name": "Ngô Duy Anh"
        },
        {
            "id": "100052007197265",
            "count": 0,
            "name": "Trần Đức Anh"
        },
        {
            "id": "100051026808065",
            "count": 0,
            "name": "Minh Đạt"
        },
        {
            "id": "61562805838600",
            "count": 0,
            "name": "Trần Tâm"
        },
        {
            "id": "100088917669158",
            "count": 0,
            "name": "Văn Quang"
        },
        {
            "id": "100040122007990",
            "count": 0,
            "name": "Phước Sang"
        },
        {
            "id": "100037865107893",
            "count": 0,
            "name": "Văn Tùng"
        },
        {
            "id": "100081441066853",
            "count": 0,
            "name": "Hồ Khoa"
        },
        {
            "id": "100028244904016",
            "count": 0,
            "name": "Minh Nhân"
        },
        {
            "id": "100037421212535",
            "count": 0,
            "name": "DT Quang"
        },
        {
            "id": "100022363302113",
            "count": 0,
            "name": "Phan Nguyễn Thái Toàn"
        },
        {
            "id": "100027132487550",
            "count": 0,
            "name": "Nguyễn Thanh Tùng"
        },
        {
            "id": "100011766365674",
            "count": 0,
            "name": "Grainne Nguyễn"
        },
        {
            "id": "100010612937326",
            "count": 0,
            "name": "Nguyễn Văn Nam"
        },
        {
            "id": "61555409068520",
            "count": 0,
            "name": "Vàng Nguyễn"
        },
        {
            "id": "100037251943151",
            "count": 0,
            "name": "Huỳnh Nhựt Đông"
        },
        {
            "id": "100041484675653",
            "count": 0,
            "name": "Hoài An"
        },
        {
            "id": "100020898370157",
            "count": 0,
            "name": "Đào Việt Phúc"
        },
        {
            "id": "100022566275074",
            "count": 0,
            "name": "Trần Hữu Lợi"
        },
        {
            "id": "100082149585977",
            "count": 0,
            "name": "Đức Tâm"
        },
        {
            "id": "100018164079900",
            "count": 0,
            "name": "Khang Nguyên"
        },
        {
            "id": "100029304800892",
            "count": 0,
            "name": "Ninh Ha"
        },
        {
            "id": "61554669151733",
            "count": 0,
            "name": "Nguyen Thanh Kha"
        },
        {
            "id": "100077556679802",
            "count": 0,
            "name": "Xuân Nhi"
        },
        {
            "id": "100010815753018",
            "count": 0,
            "name": "Khánh Huyền"
        },
        {
            "id": "100012515299490",
            "count": 0,
            "name": "Nguyễn Sơn Toàn"
        },
        {
            "id": "100040437703656",
            "count": 0,
            "name": "Vũ Quang Trung"
        },
        {
            "id": "100064439990654",
            "count": 0,
            "name": "Bảo Long"
        },
        {
            "id": "100025346661553",
            "count": 0,
            "name": "Tiến Đạt Nguyễn"
        },
        {
            "id": "100046343361185",
            "count": 0,
            "name": "Lệ Linh"
        },
        {
            "id": "100090378051794",
            "count": 0,
            "name": "Trọng Nguyễn"
        },
        {
            "id": "100054727645759",
            "count": 0,
            "name": "Tran Tuan Anh"
        },
        {
            "id": "100062063103047",
            "count": 0,
            "name": "Nguyên Huỳnh"
        },
        {
            "id": "100076847798012",
            "count": 0,
            "name": "Bùi Minh Quang"
        },
        {
            "id": "100088499632037",
            "count": 0,
            "name": "Văn Đạo"
        },
        {
            "id": "100083158136327",
            "count": 0,
            "name": "Dũng Trần"
        },
        {
            "id": "100012954368182",
            "count": 0,
            "name": "Nguyễn Minh Trí"
        },
        {
            "id": "100073374750221",
            "count": 0,
            "name": "Bùi Hồng Long"
        },
        {
            "id": "100024767024372",
            "count": 0,
            "name": "NT Hậu"
        },
        {
            "id": "100083167819862",
            "count": 0,
            "name": "Nguyễn Trọng"
        },
        {
            "id": "100093617476269",
            "count": 0,
            "name": "Khôi Minh"
        },
        {
            "id": "100037800220377",
            "count": 0,
            "name": "Người dùng Facebook"
        },
        {
            "id": "100065802364293",
            "count": 0,
            "name": "Nam Tran Phuong"
        },
        {
            "id": "100067553635304",
            "count": 0,
            "name": "Đặng Ngoc Anh"
        },
        {
            "id": "100076866214354",
            "count": 0,
            "name": "Bùi Tú"
        },
        {
            "id": "100062554702462",
            "count": 0,
            "name": "Hoang Kieu Anh"
        },
        {
            "id": "61561457131886",
            "count": 0,
            "name": "Nhã Kỳ"
        },
        {
            "id": "100028604925944",
            "count": 0,
            "name": "Thùy Linh"
        },
        {
            "id": "100093002410026",
            "count": 0,
            "name": "Cừu Trắng"
        },
        {
            "id": "100068149026021",
            "count": 0,
            "name": "Nguyễn Uyên"
        },
        {
            "id": "100024166027131",
            "count": 0,
            "name": "Nguyễn Đình Thuận"
        },
        {
            "id": "100044336108373",
            "count": 0,
            "name": "Hoàng Yến"
        },
        {
            "id": "100083960405077",
            "count": 0,
            "name": "Nguyễn Yến Nhi"
        },
        {
            "id": "100012762036265",
            "count": 0,
            "name": "Bùi Công Thức"
        },
        {
            "id": "100086423036254",
            "count": 0,
            "name": "Hồ Phương Linh"
        },
        {
            "id": "100048522967884",
            "count": 0,
            "name": "Ngọc Ly"
        },
        {
            "id": "100092622275158",
            "count": 0,
            "name": "Hongg Hanhh"
        },
        {
            "id": "100072145578976",
            "count": 0,
            "name": "Pham Tuan"
        },
        {
            "id": "100015535176128",
            "count": 0,
            "name": "Ngô Thành Tâm  :("
        },
        {
            "id": "100076399151586",
            "count": 0,
            "name": "Phạm Hữu Lợi"
        },
        {
            "id": "100024312342810",
            "count": 0,
            "name": "Văn Tiên"
        },
        {
            "id": "100042014793648",
            "count": 0,
            "name": "Duong Phùng"
        },
        {
            "id": "61566928205016",
            "count": 0,
            "name": "My My"
        },
        {
            "id": "100025715570920",
            "count": 0,
            "name": "Nguyễn Hiếu"
        },
        {
            "id": "100060900844953",
            "count": 0,
            "name": "Nguyễn V.Anh"
        },
        {
            "id": "100083867933240",
            "count": 0,
            "name": "Nguyễn Văn Lộc"
        },
        {
            "id": "100095427584638",
            "count": 0,
            "name": "Nguyễn Trường"
        },
        {
            "id": "100040589855355",
            "count": 0,
            "name": "Nhân Gầy"
        },
        {
            "id": "100033654966883",
            "count": 0,
            "name": "Hoang Le"
        },
        {
            "id": "100025034715313",
            "count": 0,
            "name": "Nguyễn Phát"
        },
        {
            "id": "100051332842237",
            "count": 0,
            "name": "Hoàng Văn Đức"
        },
        {
            "id": "100009982482198",
            "count": 0,
            "name": "Nguyễn. P. Nam"
        },
        {
            "id": "61561358467709",
            "count": 0,
            "name": "Hồng Thắm"
        },
        {
            "id": "100094365975057",
            "count": 0,
            "name": "Di Wind"
        },
        {
            "id": "61561193240813",
            "count": 0,
            "name": "NGuyễn Văn"
        },
        {
            "id": "100049470815305",
            "count": 0,
            "name": "Đỗ Huy Hoàng"
        },
        {
            "id": "100042553030948",
            "count": 0,
            "name": "Khánh Huyềnn"
        },
        {
            "id": "100054943954711",
            "count": 0,
            "name": "Lương Đình Trường"
        },
        {
            "id": "61565772690170",
            "count": 0,
            "name": "Siu Nhân Quần Đỏ"
        },
        {
            "id": "100019920220450",
            "count": 0,
            "name": "Lealuvier Mian"
        },
        {
            "id": "100083979885555",
            "count": 0,
            "name": "Winter Bear"
        },
        {
            "id": "100050811304293",
            "count": 0,
            "name": "Bảo Nam"
        },
        {
            "id": "100028166389147",
            "count": 0,
            "name": "Nông Hoàng"
        },
        {
            "id": "100041424065865",
            "count": 0,
            "name": "Kiet Trann"
        },
        {
            "id": "100053265583964",
            "count": 0,
            "name": "Phạm Văn Phương"
        },
        {
            "id": "100079268466007",
            "count": 0,
            "name": "Ank Tú"
        },
        {
            "id": "100068919977911",
            "count": 0,
            "name": "Tuyến Đặng"
        },
        {
            "id": "100077751823142",
            "count": 0,
            "name": "Lê Anh Tú"
        },
        {
            "id": "100011170897210",
            "count": 0,
            "name": "Đoàn Việt Hoàng"
        },
        {
            "id": "100080933226010",
            "count": 0,
            "name": "Nguyễn Phúc"
        },
        {
            "id": "100077414042708",
            "count": 0,
            "name": "Trần Đình Tú"
        },
        {
            "id": "61559079650241",
            "count": 0,
            "name": "Nguyễn Thanh Tùng"
        },
        {
            "id": "100094879566553",
            "count": 0,
            "name": "Dung Tri"
        },
        {
            "id": "61561530282324",
            "count": 0,
            "name": "Roronoa Xoro"
        },
        {
            "id": "100041259763257",
            "count": 0,
            "name": "Trần Quý"
        },
        {
            "id": "100078300043623",
            "count": 0,
            "name": "Diệp Ty"
        },
        {
            "id": "100029702174444",
            "count": 0,
            "name": "Hoàng Thế Minh"
        },
        {
            "id": "61558383501598",
            "count": 0,
            "name": "Trần Hoàng"
        },
        {
            "id": "100014118344952",
            "count": 0,
            "name": "Đinh Ngọc Lượng"
        },
        {
            "id": "61554842817786",
            "count": 0,
            "name": "Đông Bế"
        },
        {
            "id": "100013048963768",
            "count": 0,
            "name": "Thanh Đặng"
        },
        {
            "id": "100093149571775",
            "count": 0,
            "name": "Nguyễn Anh Tuấn"
        },
        {
            "id": "100001113278043",
            "count": 0,
            "name": "Phương Huyền"
        },
        {
            "id": "100059687682950",
            "count": 0,
            "name": "Sỹ Nghĩa"
        },
        {
            "id": "100030322479129",
            "count": 0,
            "name": "Nguyễn Huyền Trang"
        },
        {
            "id": "100047587845850",
            "count": 0,
            "name": "Lê Tài"
        },
        {
            "id": "100046741642402",
            "count": 0,
            "name": "Nguyễn Hoàng Nam"
        },
        {
            "id": "100029768673924",
            "count": 0,
            "name": "Hoa Thiên"
        },
        {
            "id": "100065085775077",
            "count": 0,
            "name": "Khanh Linh"
        },
        {
            "id": "100071519012448",
            "count": 0,
            "name": "Ng Minh Thanh"
        },
        {
            "id": "61566949059729",
            "count": 0,
            "name": "Anh Kiet"
        },
        {
            "id": "100054932440955",
            "count": 0,
            "name": "Yết Kiêu"
        },
        {
            "id": "100050609475865",
            "count": 0,
            "name": "Hồ Phương"
        },
        {
            "id": "61562847451412",
            "count": 0,
            "name": "Thật Là Hào Nhoáng"
        },
        {
            "id": "100033104442075",
            "count": 0,
            "name": "Đặng Quang"
        },
        {
            "id": "61559927439362",
            "count": 0,
            "name": "Ánh Hoàng"
        },
        {
            "id": "61565976532354",
            "count": 0,
            "name": "Vân Đỗ"
        },
        {
            "id": "100049962676650",
            "count": 0,
            "name": "Doan Thanh"
        },
        {
            "id": "100002939045576",
            "count": 0,
            "name": "Thành Công Nguyễnn"
        },
        {
            "id": "100073063985388",
            "count": 0,
            "name": "Minh Khôi"
        },
        {
            "id": "100011258655627",
            "count": 0,
            "name": "Tuấn Đạt"
        },
        {
            "id": "61557369987749",
            "count": 0,
            "name": "Nguyễn Quang Linh"
        },
        {
            "id": "100050068612576",
            "count": 0,
            "name": "Thanh Huyền"
        },
        {
            "id": "61567309319716",
            "count": 0,
            "name": "Socola Nhi"
        },
        {
            "id": "100081885095600",
            "count": 0,
            "name": "Đình Ank"
        },
        {
            "id": "61561095385771",
            "count": 0,
            "name": "Vịt Ba Tuổi"
        },
        {
            "id": "100090137084112",
            "count": 0,
            "name": "Huân Dương"
        },
        {
            "id": "100093846897172",
            "count": 0,
            "name": "Kiera Floren"
        },
        {
            "id": "100037596822429",
            "count": 0,
            "name": "Chính Dương"
        },
        {
            "id": "100064048480504",
            "count": 0,
            "name": "Nguyễn Đức Tân"
        },
        {
            "id": "100067562019333",
            "count": 0,
            "name": "An"
        },
        {
            "id": "100076131476282",
            "count": 0,
            "name": "Minh Phuu"
        },
        {
            "id": "61564641188444",
            "count": 0,
            "name": "Như Quỳnh"
        },
        {
            "id": "100092246298622",
            "count": 0,
            "name": "Quốc Nguyễn"
        },
        {
            "id": "100083773689078",
            "count": 0,
            "name": "Duy Trịnh"
        },
        {
            "id": "100008197711469",
            "count": 0,
            "name": "Phuong Linh"
        },
        {
            "id": "100052395963084",
            "count": 0,
            "name": "Bắp Xào"
        },
        {
            "id": "100083876341750",
            "count": 0,
            "name": "Huỳnh Lê Ngọc Hân"
        },
        {
            "id": "100025200033306",
            "count": 0,
            "name": "Nguyễn Thanh Kỳ"
        },
        {
            "id": "100028023143540",
            "count": 0,
            "name": "Thanh Dũng"
        },
        {
            "id": "100037807563763",
            "count": 0,
            "name": "Văn Khoa"
        },
        {
            "id": "100078113873228",
            "count": 0,
            "name": "Thế Hưng Nguyễn"
        },
        {
            "id": "100078319567818",
            "count": 0,
            "name": "Phí Mạnh"
        },
        {
            "id": "61567384732605",
            "count": 0,
            "name": "Người dùng Facebook"
        },
        {
            "id": "100041408226017",
            "count": 0,
            "name": "Tài Đào"
        },
        {
            "id": "100041421671775",
            "count": 0,
            "name": "Nguyễn Văn Thân"
        },
        {
            "id": "100004752336149",
            "count": 0,
            "name": "Người dùng Facebook"
        }
    ],
    "day": [
        {
            "id": "61552562192578",
            "count": 0,
            "name": "H. T. Quỳnh"
        },
        {
            "id": "100087366676830",
            "count": 0,
            "name": "Nhungg Bún"
        },
        {
            "id": "100051470256854",
            "count": 0,
            "name": "Nguyễn Thị Thanh Giang"
        },
        {
            "id": "100023434451963",
            "count": 0,
            "name": "Cao Ngọc Hiếu"
        },
        {
            "id": "100083372341907",
            "count": 0,
            "name": "Văn Phong"
        },
        {
            "id": "100027477404934",
            "count": 0,
            "name": "Tiến Khểnh"
        },
        {
            "id": "100083314025430",
            "count": 0,
            "name": "Nguyễn Văn Mink"
        },
        {
            "id": "100029904067347",
            "count": 0,
            "name": "PHAN VĂN KHẢI"
        },
        {
            "id": "100027329903714",
            "count": 0,
            "name": "Ngô Duy Anh"
        },
        {
            "id": "100052007197265",
            "count": 0,
            "name": "Trần Đức Anh"
        },
        {
            "id": "100051026808065",
            "count": 0,
            "name": "Minh Đạt"
        },
        {
            "id": "61562805838600",
            "count": 0,
            "name": "Trần Tâm"
        },
        {
            "id": "100088917669158",
            "count": 0,
            "name": "Văn Quang"
        },
        {
            "id": "100040122007990",
            "count": 0,
            "name": "Phước Sang"
        },
        {
            "id": "100037865107893",
            "count": 0,
            "name": "Văn Tùng"
        },
        {
            "id": "100081441066853",
            "count": 0,
            "name": "Hồ Khoa"
        },
        {
            "id": "100028244904016",
            "count": 0,
            "name": "Minh Nhân"
        },
        {
            "id": "100037421212535",
            "count": 0,
            "name": "DT Quang"
        },
        {
            "id": "100022363302113",
            "count": 0,
            "name": "Phan Nguyễn Thái Toàn"
        },
        {
            "id": "100027132487550",
            "count": 0,
            "name": "Nguyễn Thanh Tùng"
        },
        {
            "id": "100011766365674",
            "count": 0,
            "name": "Grainne Nguyễn"
        },
        {
            "id": "100010612937326",
            "count": 0,
            "name": "Nguyễn Văn Nam"
        },
        {
            "id": "61555409068520",
            "count": 0,
            "name": "Vàng Nguyễn"
        },
        {
            "id": "100037251943151",
            "count": 0,
            "name": "Huỳnh Nhựt Đông"
        },
        {
            "id": "100041484675653",
            "count": 0,
            "name": "Hoài An"
        },
        {
            "id": "100020898370157",
            "count": 0,
            "name": "Đào Việt Phúc"
        },
        {
            "id": "100022566275074",
            "count": 0,
            "name": "Trần Hữu Lợi"
        },
        {
            "id": "100082149585977",
            "count": 0,
            "name": "Đức Tâm"
        },
        {
            "id": "100018164079900",
            "count": 0,
            "name": "Khang Nguyên"
        },
        {
            "id": "100029304800892",
            "count": 0,
            "name": "Ninh Ha"
        },
        {
            "id": "61554669151733",
            "count": 0,
            "name": "Nguyen Thanh Kha"
        },
        {
            "id": "100077556679802",
            "count": 0,
            "name": "Xuân Nhi"
        },
        {
            "id": "100010815753018",
            "count": 0,
            "name": "Khánh Huyền"
        },
        {
            "id": "100012515299490",
            "count": 0,
            "name": "Nguyễn Sơn Toàn"
        },
        {
            "id": "100040437703656",
            "count": 0,
            "name": "Vũ Quang Trung"
        },
        {
            "id": "100064439990654",
            "count": 0,
            "name": "Bảo Long"
        },
        {
            "id": "100025346661553",
            "count": 0,
            "name": "Tiến Đạt Nguyễn"
        },
        {
            "id": "100046343361185",
            "count": 0,
            "name": "Lệ Linh"
        },
        {
            "id": "100090378051794",
            "count": 0,
            "name": "Trọng Nguyễn"
        },
        {
            "id": "100054727645759",
            "count": 0,
            "name": "Tran Tuan Anh"
        },
        {
            "id": "100062063103047",
            "count": 0,
            "name": "Nguyên Huỳnh"
        },
        {
            "id": "100076847798012",
            "count": 0,
            "name": "Bùi Minh Quang"
        },
        {
            "id": "100088499632037",
            "count": 0,
            "name": "Văn Đạo"
        },
        {
            "id": "100083158136327",
            "count": 0,
            "name": "Dũng Trần"
        },
        {
            "id": "100012954368182",
            "count": 0,
            "name": "Nguyễn Minh Trí"
        },
        {
            "id": "100073374750221",
            "count": 0,
            "name": "Bùi Hồng Long"
        },
        {
            "id": "100024767024372",
            "count": 0,
            "name": "NT Hậu"
        },
        {
            "id": "100083167819862",
            "count": 0,
            "name": "Nguyễn Trọng"
        },
        {
            "id": "100093617476269",
            "count": 0,
            "name": "Khôi Minh"
        },
        {
            "id": "100037800220377",
            "count": 0,
            "name": "Người dùng Facebook"
        },
        {
            "id": "100065802364293",
            "count": 0,
            "name": "Nam Tran Phuong"
        },
        {
            "id": "100067553635304",
            "count": 0,
            "name": "Đặng Ngoc Anh"
        },
        {
            "id": "100076866214354",
            "count": 0,
            "name": "Bùi Tú"
        },
        {
            "id": "100062554702462",
            "count": 0,
            "name": "Hoang Kieu Anh"
        },
        {
            "id": "61561457131886",
            "count": 0,
            "name": "Nhã Kỳ"
        },
        {
            "id": "100028604925944",
            "count": 0,
            "name": "Thùy Linh"
        },
        {
            "id": "100093002410026",
            "count": 0,
            "name": "Cừu Trắng"
        },
        {
            "id": "100068149026021",
            "count": 0,
            "name": "Nguyễn Uyên"
        },
        {
            "id": "100024166027131",
            "count": 0,
            "name": "Nguyễn Đình Thuận"
        },
        {
            "id": "100044336108373",
            "count": 0,
            "name": "Hoàng Yến"
        },
        {
            "id": "100083960405077",
            "count": 0,
            "name": "Nguyễn Yến Nhi"
        },
        {
            "id": "100012762036265",
            "count": 0,
            "name": "Bùi Công Thức"
        },
        {
            "id": "100086423036254",
            "count": 0,
            "name": "Hồ Phương Linh"
        },
        {
            "id": "100048522967884",
            "count": 0,
            "name": "Ngọc Ly"
        },
        {
            "id": "100092622275158",
            "count": 0,
            "name": "Hongg Hanhh"
        },
        {
            "id": "100072145578976",
            "count": 0,
            "name": "Pham Tuan"
        },
        {
            "id": "100015535176128",
            "count": 0,
            "name": "Ngô Thành Tâm  :("
        },
        {
            "id": "100076399151586",
            "count": 0,
            "name": "Phạm Hữu Lợi"
        },
        {
            "id": "100024312342810",
            "count": 0,
            "name": "Văn Tiên"
        },
        {
            "id": "100042014793648",
            "count": 0,
            "name": "Duong Phùng"
        },
        {
            "id": "61566928205016",
            "count": 0,
            "name": "My My"
        },
        {
            "id": "100025715570920",
            "count": 0,
            "name": "Nguyễn Hiếu"
        },
        {
            "id": "100060900844953",
            "count": 0,
            "name": "Nguyễn V.Anh"
        },
        {
            "id": "100083867933240",
            "count": 0,
            "name": "Nguyễn Văn Lộc"
        },
        {
            "id": "100095427584638",
            "count": 0,
            "name": "Nguyễn Trường"
        },
        {
            "id": "100040589855355",
            "count": 0,
            "name": "Nhân Gầy"
        },
        {
            "id": "100033654966883",
            "count": 0,
            "name": "Hoang Le"
        },
        {
            "id": "100025034715313",
            "count": 0,
            "name": "Nguyễn Phát"
        },
        {
            "id": "100051332842237",
            "count": 0,
            "name": "Hoàng Văn Đức"
        },
        {
            "id": "100009982482198",
            "count": 0,
            "name": "Nguyễn. P. Nam"
        },
        {
            "id": "61561358467709",
            "count": 0,
            "name": "Hồng Thắm"
        },
        {
            "id": "100094365975057",
            "count": 0,
            "name": "Di Wind"
        },
        {
            "id": "61561193240813",
            "count": 0,
            "name": "NGuyễn Văn"
        },
        {
            "id": "100049470815305",
            "count": 0,
            "name": "Đỗ Huy Hoàng"
        },
        {
            "id": "100042553030948",
            "count": 0,
            "name": "Khánh Huyềnn"
        },
        {
            "id": "100054943954711",
            "count": 0,
            "name": "Lương Đình Trường"
        },
        {
            "id": "61565772690170",
            "count": 0,
            "name": "Siu Nhân Quần Đỏ"
        },
        {
            "id": "100019920220450",
            "count": 0,
            "name": "Lealuvier Mian"
        },
        {
            "id": "100083979885555",
            "count": 0,
            "name": "Winter Bear"
        },
        {
            "id": "100050811304293",
            "count": 0,
            "name": "Bảo Nam"
        },
        {
            "id": "100028166389147",
            "count": 0,
            "name": "Nông Hoàng"
        },
        {
            "id": "100041424065865",
            "count": 0,
            "name": "Kiet Trann"
        },
        {
            "id": "100053265583964",
            "count": 0,
            "name": "Phạm Văn Phương"
        },
        {
            "id": "100079268466007",
            "count": 0,
            "name": "Ank Tú"
        },
        {
            "id": "100068919977911",
            "count": 0,
            "name": "Tuyến Đặng"
        },
        {
            "id": "100077751823142",
            "count": 0,
            "name": "Lê Anh Tú"
        },
        {
            "id": "100011170897210",
            "count": 0,
            "name": "Đoàn Việt Hoàng"
        },
        {
            "id": "100080933226010",
            "count": 0,
            "name": "Nguyễn Phúc"
        },
        {
            "id": "100077414042708",
            "count": 0,
            "name": "Trần Đình Tú"
        },
        {
            "id": "61559079650241",
            "count": 0,
            "name": "Nguyễn Thanh Tùng"
        },
        {
            "id": "100094879566553",
            "count": 0,
            "name": "Dung Tri"
        },
        {
            "id": "61561530282324",
            "count": 0,
            "name": "Roronoa Xoro"
        },
        {
            "id": "100041259763257",
            "count": 0,
            "name": "Trần Quý"
        },
        {
            "id": "100078300043623",
            "count": 0,
            "name": "Diệp Ty"
        },
        {
            "id": "100029702174444",
            "count": 0,
            "name": "Hoàng Thế Minh"
        },
        {
            "id": "61558383501598",
            "count": 0,
            "name": "Trần Hoàng"
        },
        {
            "id": "100014118344952",
            "count": 0,
            "name": "Đinh Ngọc Lượng"
        },
        {
            "id": "61554842817786",
            "count": 0,
            "name": "Đông Bế"
        },
        {
            "id": "100013048963768",
            "count": 0,
            "name": "Thanh Đặng"
        },
        {
            "id": "100093149571775",
            "count": 0,
            "name": "Nguyễn Anh Tuấn"
        },
        {
            "id": "100001113278043",
            "count": 0,
            "name": "Phương Huyền"
        },
        {
            "id": "100059687682950",
            "count": 0,
            "name": "Sỹ Nghĩa"
        },
        {
            "id": "100030322479129",
            "count": 0,
            "name": "Nguyễn Huyền Trang"
        },
        {
            "id": "100047587845850",
            "count": 0,
            "name": "Lê Tài"
        },
        {
            "id": "100046741642402",
            "count": 0,
            "name": "Nguyễn Hoàng Nam"
        },
        {
            "id": "100029768673924",
            "count": 0,
            "name": "Hoa Thiên"
        },
        {
            "id": "100065085775077",
            "count": 0,
            "name": "Khanh Linh"
        },
        {
            "id": "100071519012448",
            "count": 0,
            "name": "Ng Minh Thanh"
        },
        {
            "id": "61566949059729",
            "count": 0,
            "name": "Anh Kiet"
        },
        {
            "id": "100054932440955",
            "count": 0,
            "name": "Yết Kiêu"
        },
        {
            "id": "100050609475865",
            "count": 0,
            "name": "Hồ Phương"
        },
        {
            "id": "61562847451412",
            "count": 0,
            "name": "Thật Là Hào Nhoáng"
        },
        {
            "id": "100033104442075",
            "count": 0,
            "name": "Đặng Quang"
        },
        {
            "id": "61559927439362",
            "count": 0,
            "name": "Ánh Hoàng"
        },
        {
            "id": "61565976532354",
            "count": 0,
            "name": "Vân Đỗ"
        },
        {
            "id": "100049962676650",
            "count": 0,
            "name": "Doan Thanh"
        },
        {
            "id": "100002939045576",
            "count": 0,
            "name": "Thành Công Nguyễnn"
        },
        {
            "id": "100073063985388",
            "count": 0,
            "name": "Minh Khôi"
        },
        {
            "id": "100011258655627",
            "count": 0,
            "name": "Tuấn Đạt"
        },
        {
            "id": "61557369987749",
            "count": 0,
            "name": "Nguyễn Quang Linh"
        },
        {
            "id": "100050068612576",
            "count": 0,
            "name": "Thanh Huyền"
        },
        {
            "id": "61567309319716",
            "count": 0,
            "name": "Socola Nhi"
        },
        {
            "id": "100081885095600",
            "count": 0,
            "name": "Đình Ank"
        },
        {
            "id": "61561095385771",
            "count": 0,
            "name": "Vịt Ba Tuổi"
        },
        {
            "id": "100090137084112",
            "count": 0,
            "name": "Huân Dương"
        },
        {
            "id": "100093846897172",
            "count": 0,
            "name": "Kiera Floren"
        },
        {
            "id": "100037596822429",
            "count": 0,
            "name": "Chính Dương"
        },
        {
            "id": "100064048480504",
            "count": 0,
            "name": "Nguyễn Đức Tân"
        },
        {
            "id": "100067562019333",
            "count": 0,
            "name": "An"
        },
        {
            "id": "100076131476282",
            "count": 0,
            "name": "Minh Phuu"
        },
        {
            "id": "61564641188444",
            "count": 0,
            "name": "Như Quỳnh"
        },
        {
            "id": "100092246298622",
            "count": 0,
            "name": "Quốc Nguyễn"
        },
        {
            "id": "100083773689078",
            "count": 0,
            "name": "Duy Trịnh"
        },
        {
            "id": "100008197711469",
            "count": 0,
            "name": "Phuong Linh"
        },
        {
            "id": "100052395963084",
            "count": 0,
            "name": "Bắp Xào"
        },
        {
            "id": "100083876341750",
            "count": 0,
            "name": "Huỳnh Lê Ngọc Hân"
        },
        {
            "id": "100025200033306",
            "count": 0,
            "name": "Nguyễn Thanh Kỳ"
        },
        {
            "id": "100028023143540",
            "count": 0,
            "name": "Thanh Dũng"
        },
        {
            "id": "100037807563763",
            "count": 0,
            "name": "Văn Khoa"
        },
        {
            "id": "100078113873228",
            "count": 0,
            "name": "Thế Hưng Nguyễn"
        },
        {
            "id": "100078319567818",
            "count": 0,
            "name": "Phí Mạnh"
        },
        {
            "id": "61567384732605",
            "count": 0,
            "name": "Người dùng Facebook"
        },
        {
            "id": "100041408226017",
            "count": 0,
            "name": "Tài Đào"
        },
        {
            "id": "100041421671775",
            "count": 0,
            "name": "Nguyễn Văn Thân"
        },
        {
            "id": "100004752336149",
            "count": 0,
            "name": "Người dùng Facebook"
        }
    ],
    "time": 6,
    "last": {
        "time": 2,
        "day": [
            {
                "id": "61552562192578",
                "count": 0
            },
            {
                "id": "100087366676830",
                "count": 0
            },
            {
                "id": "100051470256854",
                "count": 0
            },
            {
                "id": "100023434451963",
                "count": 0
            },
            {
                "id": "100030806601704",
                "count": 0
            },
            {
                "id": "100083372341907",
                "count": 0
            },
            {
                "id": "100027477404934",
                "count": 0
            },
            {
                "id": "100083314025430",
                "count": 0
            },
            {
                "id": "100029904067347",
                "count": 0
            },
            {
                "id": "100027329903714",
                "count": 0
            },
            {
                "id": "61566815073754",
                "count": 0
            },
            {
                "id": "100052007197265",
                "count": 0
            },
            {
                "id": "100051026808065",
                "count": 0
            },
            {
                "id": "61562805838600",
                "count": 0
            },
            {
                "id": "100088917669158",
                "count": 0
            },
            {
                "id": "100040122007990",
                "count": 0
            },
            {
                "id": "100037865107893",
                "count": 0
            },
            {
                "id": "100081441066853",
                "count": 0
            },
            {
                "id": "100044894181662",
                "count": 0
            },
            {
                "id": "100028244904016",
                "count": 0
            },
            {
                "id": "100037421212535",
                "count": 0
            },
            {
                "id": "100022363302113",
                "count": 0
            },
            {
                "id": "100027132487550",
                "count": 0
            },
            {
                "id": "61559257781984",
                "count": 0
            },
            {
                "id": "100011766365674",
                "count": 0
            },
            {
                "id": "100010612937326",
                "count": 0
            },
            {
                "id": "61555409068520",
                "count": 0
            },
            {
                "id": "100037251943151",
                "count": 0
            },
            {
                "id": "100041484675653",
                "count": 0
            },
            {
                "id": "61566358785059",
                "count": 0
            },
            {
                "id": "100020898370157",
                "count": 0
            },
            {
                "id": "100022566275074",
                "count": 0
            },
            {
                "id": "100082149585977",
                "count": 0
            },
            {
                "id": "100018164079900",
                "count": 0
            },
            {
                "id": "100029304800892",
                "count": 0
            },
            {
                "id": "61554669151733",
                "count": 0
            },
            {
                "id": "100077556679802",
                "count": 0
            },
            {
                "id": "100093155813843",
                "count": 0
            },
            {
                "id": "100010815753018",
                "count": 0
            },
            {
                "id": "100012515299490",
                "count": 0
            },
            {
                "id": "100040437703656",
                "count": 0
            },
            {
                "id": "100064439990654",
                "count": 0
            },
            {
                "id": "100025346661553",
                "count": 0
            },
            {
                "id": "100046343361185",
                "count": 0
            },
            {
                "id": "100090378051794",
                "count": 0
            },
            {
                "id": "100054727645759",
                "count": 0
            },
            {
                "id": "100062063103047",
                "count": 0
            },
            {
                "id": "100076847798012",
                "count": 0
            },
            {
                "id": "100088499632037",
                "count": 0
            },
            {
                "id": "100083158136327",
                "count": 0
            },
            {
                "id": "100012954368182",
                "count": 0
            },
            {
                "id": "100073374750221",
                "count": 0
            },
            {
                "id": "100024767024372",
                "count": 0
            },
            {
                "id": "100055207646389",
                "count": 0
            },
            {
                "id": "100083167819862",
                "count": 0
            },
            {
                "id": "100093617476269",
                "count": 0
            },
            {
                "id": "100037800220377",
                "count": 0
            },
            {
                "id": "100065802364293",
                "count": 0
            },
            {
                "id": "61555704404552",
                "count": 0
            },
            {
                "id": "100067553635304",
                "count": 0
            },
            {
                "id": "100076866214354",
                "count": 0
            },
            {
                "id": "100062554702462",
                "count": 0
            },
            {
                "id": "61561457131886",
                "count": 0
            },
            {
                "id": "100028604925944",
                "count": 0
            },
            {
                "id": "100093002410026",
                "count": 0
            },
            {
                "id": "100068149026021",
                "count": 0
            },
            {
                "id": "100024166027131",
                "count": 0
            },
            {
                "id": "100044336108373",
                "count": 0
            },
            {
                "id": "61560602532983",
                "count": 0
            },
            {
                "id": "100064800301986",
                "count": 0
            },
            {
                "id": "61551383862315",
                "count": 0
            },
            {
                "id": "100083960405077",
                "count": 0
            },
            {
                "id": "100012762036265",
                "count": 0
            },
            {
                "id": "100086423036254",
                "count": 0
            },
            {
                "id": "100048522967884",
                "count": 0
            },
            {
                "id": "61556408095008",
                "count": 0
            },
            {
                "id": "100092622275158",
                "count": 0
            },
            {
                "id": "100072145578976",
                "count": 0
            },
            {
                "id": "100015535176128",
                "count": 0
            },
            {
                "id": "100076399151586",
                "count": 0
            },
            {
                "id": "100024312342810",
                "count": 0
            },
            {
                "id": "100042014793648",
                "count": 0
            },
            {
                "id": "61566928205016",
                "count": 0
            },
            {
                "id": "100025715570920",
                "count": 0
            },
            {
                "id": "100060900844953",
                "count": 0
            },
            {
                "id": "100083867933240",
                "count": 0
            },
            {
                "id": "100095427584638",
                "count": 0
            },
            {
                "id": "100040589855355",
                "count": 0
            },
            {
                "id": "100033654966883",
                "count": 0
            },
            {
                "id": "100025034715313",
                "count": 0
            },
            {
                "id": "100051332842237",
                "count": 0
            },
            {
                "id": "100009982482198",
                "count": 0
            },
            {
                "id": "61550673160719",
                "count": 0
            },
            {
                "id": "61561358467709",
                "count": 0
            },
            {
                "id": "100067018335968",
                "count": 0
            },
            {
                "id": "100094365975057",
                "count": 0
            },
            {
                "id": "61561193240813",
                "count": 0
            },
            {
                "id": "100084353513993",
                "count": 0
            },
            {
                "id": "100049470815305",
                "count": 0
            },
            {
                "id": "100042553030948",
                "count": 0
            },
            {
                "id": "100054943954711",
                "count": 0
            },
            {
                "id": "61565772690170",
                "count": 0
            },
            {
                "id": "100085717899401",
                "count": 0
            },
            {
                "id": "100019920220450",
                "count": 0
            },
            {
                "id": "100083979885555",
                "count": 0
            },
            {
                "id": "100050811304293",
                "count": 0
            },
            {
                "id": "100028166389147",
                "count": 0
            },
            {
                "id": "100002384848649",
                "count": 0
            },
            {
                "id": "100041424065865",
                "count": 0
            },
            {
                "id": "100053265583964",
                "count": 0
            },
            {
                "id": "100079268466007",
                "count": 0
            },
            {
                "id": "100068919977911",
                "count": 0
            },
            {
                "id": "100077751823142",
                "count": 0
            },
            {
                "id": "100011170897210",
                "count": 0
            },
            {
                "id": "100080933226010",
                "count": 0
            },
            {
                "id": "100077414042708",
                "count": 0
            },
            {
                "id": "61559079650241",
                "count": 0
            },
            {
                "id": "100094879566553",
                "count": 0
            },
            {
                "id": "100001113278043",
                "count": 0
            },
            {
                "id": "61561530282324",
                "count": 0
            },
            {
                "id": "100032870801506",
                "count": 0
            },
            {
                "id": "61567289996019",
                "count": 0
            },
            {
                "id": "100041259763257",
                "count": 0
            },
            {
                "id": "100078300043623",
                "count": 0
            },
            {
                "id": "100029702174444",
                "count": 0
            },
            {
                "id": "61567164000333",
                "count": 0
            },
            {
                "id": "61552576860766",
                "count": 0
            },
            {
                "id": "61558383501598",
                "count": 0
            },
            {
                "id": "100057109415088",
                "count": 0
            },
            {
                "id": "100014118344952",
                "count": 0
            },
            {
                "id": "100084001646624",
                "count": 0
            },
            {
                "id": "61554842817786",
                "count": 0
            },
            {
                "id": "100013048963768",
                "count": 0
            },
            {
                "id": "100093149571775",
                "count": 0
            },
            {
                "id": "100059687682950",
                "count": 0
            },
            {
                "id": "100030322479129",
                "count": 0
            },
            {
                "id": "100047587845850",
                "count": 0
            },
            {
                "id": "100046741642402",
                "count": 0
            },
            {
                "id": "100029768673924",
                "count": 0
            },
            {
                "id": "100069401512923",
                "count": 0
            },
            {
                "id": "100073337539356",
                "count": 0
            },
            {
                "id": "100065085775077",
                "count": 0
            },
            {
                "id": "100071519012448",
                "count": 0
            },
            {
                "id": "100084260606796",
                "count": 0
            },
            {
                "id": "61566949059729",
                "count": 0
            },
            {
                "id": "100054932440955",
                "count": 0
            },
            {
                "id": "100050609475865",
                "count": 0
            },
            {
                "id": "100039480767661",
                "count": 0
            },
            {
                "id": "100021824794964",
                "count": 0
            },
            {
                "id": "61562847451412",
                "count": 0
            },
            {
                "id": "100033104442075",
                "count": 0
            },
            {
                "id": "61559927439362",
                "count": 0
            },
            {
                "id": "100081461642951",
                "count": 0
            },
            {
                "id": "61565976532354",
                "count": 0
            },
            {
                "id": "100049962676650",
                "count": 0
            },
            {
                "id": "100002939045576",
                "count": 0
            },
            {
                "id": "100073063985388",
                "count": 0
            },
            {
                "id": "100077957721655",
                "count": 0
            },
            {
                "id": "100011258655627",
                "count": 0
            },
            {
                "id": "61557369987749",
                "count": 0
            },
            {
                "id": "100050068612576",
                "count": 0
            },
            {
                "id": "61567309319716",
                "count": 0
            },
            {
                "id": "100081885095600",
                "count": 0
            },
            {
                "id": "61561095385771",
                "count": 0
            },
            {
                "id": "100090137084112",
                "count": 0
            },
            {
                "id": "100093846897172",
                "count": 0
            },
            {
                "id": "100037596822429",
                "count": 0
            },
            {
                "id": "100064048480504",
                "count": 0
            },
            {
                "id": "100067562019333",
                "count": 0
            },
            {
                "id": "100076131476282",
                "count": 0
            },
            {
                "id": "61564641188444",
                "count": 0
            },
            {
                "id": "100092246298622",
                "count": 0
            },
            {
                "id": "100083773689078",
                "count": 0
            },
            {
                "id": "100008197711469",
                "count": 0
            },
            {
                "id": "100052395963084",
                "count": 0
            },
            {
                "id": "100052360891792",
                "count": 0
            },
            {
                "id": "100083876341750",
                "count": 0
            },
            {
                "id": "100025200033306",
                "count": 0
            },
            {
                "id": "100028023143540",
                "count": 0
            },
            {
                "id": "100037807563763",
                "count": 0
            },
            {
                "id": "100078113873228",
                "count": 0
            },
            {
                "id": "100078319567818",
                "count": 0
            },
            {
                "id": "61566894280790",
                "count": 0
            },
            {
                "id": "61567384732605",
                "count": 0
            },
            {
                "id": "100041408226017",
                "count": 0
            },
            {
                "id": "100041421671775",
                "count": 0
            },
            {
                "id": "100004752336149",
                "count": 0
            }
        ],
        "week": [
            {
                "id": "61552562192578",
                "count": 0
            },
            {
                "id": "100087366676830",
                "count": 0
            },
            {
                "id": "100051470256854",
                "count": 0
            },
            {
                "id": "100023434451963",
                "count": 0
            },
            {
                "id": "100030806601704",
                "count": 0
            },
            {
                "id": "100083372341907",
                "count": 0
            },
            {
                "id": "100027477404934",
                "count": 0
            },
            {
                "id": "100083314025430",
                "count": 0
            },
            {
                "id": "100029904067347",
                "count": 0
            },
            {
                "id": "100027329903714",
                "count": 0
            },
            {
                "id": "61566815073754",
                "count": 0
            },
            {
                "id": "100052007197265",
                "count": 0
            },
            {
                "id": "100051026808065",
                "count": 0
            },
            {
                "id": "61562805838600",
                "count": 0
            },
            {
                "id": "100088917669158",
                "count": 0
            },
            {
                "id": "100040122007990",
                "count": 0
            },
            {
                "id": "100037865107893",
                "count": 0
            },
            {
                "id": "100081441066853",
                "count": 0
            },
            {
                "id": "100044894181662",
                "count": 0
            },
            {
                "id": "100028244904016",
                "count": 0
            },
            {
                "id": "100037421212535",
                "count": 0
            },
            {
                "id": "100022363302113",
                "count": 0
            },
            {
                "id": "100027132487550",
                "count": 0
            },
            {
                "id": "61559257781984",
                "count": 0
            },
            {
                "id": "100011766365674",
                "count": 0
            },
            {
                "id": "100010612937326",
                "count": 0
            },
            {
                "id": "61555409068520",
                "count": 0
            },
            {
                "id": "100037251943151",
                "count": 0
            },
            {
                "id": "100041484675653",
                "count": 0
            },
            {
                "id": "61566358785059",
                "count": 0
            },
            {
                "id": "100020898370157",
                "count": 0
            },
            {
                "id": "100022566275074",
                "count": 0
            },
            {
                "id": "100082149585977",
                "count": 0
            },
            {
                "id": "100018164079900",
                "count": 0
            },
            {
                "id": "100029304800892",
                "count": 0
            },
            {
                "id": "61554669151733",
                "count": 0
            },
            {
                "id": "100077556679802",
                "count": 0
            },
            {
                "id": "100093155813843",
                "count": 0
            },
            {
                "id": "100010815753018",
                "count": 0
            },
            {
                "id": "100012515299490",
                "count": 0
            },
            {
                "id": "100040437703656",
                "count": 0
            },
            {
                "id": "100064439990654",
                "count": 0
            },
            {
                "id": "100025346661553",
                "count": 0
            },
            {
                "id": "100046343361185",
                "count": 0
            },
            {
                "id": "100090378051794",
                "count": 0
            },
            {
                "id": "100054727645759",
                "count": 0
            },
            {
                "id": "100062063103047",
                "count": 0
            },
            {
                "id": "100076847798012",
                "count": 0
            },
            {
                "id": "100088499632037",
                "count": 0
            },
            {
                "id": "100083158136327",
                "count": 0
            },
            {
                "id": "100012954368182",
                "count": 0
            },
            {
                "id": "100073374750221",
                "count": 0
            },
            {
                "id": "100024767024372",
                "count": 0
            },
            {
                "id": "100055207646389",
                "count": 0
            },
            {
                "id": "100083167819862",
                "count": 0
            },
            {
                "id": "100093617476269",
                "count": 0
            },
            {
                "id": "100037800220377",
                "count": 0
            },
            {
                "id": "100065802364293",
                "count": 0
            },
            {
                "id": "61555704404552",
                "count": 0
            },
            {
                "id": "100067553635304",
                "count": 0
            },
            {
                "id": "100076866214354",
                "count": 0
            },
            {
                "id": "100062554702462",
                "count": 0
            },
            {
                "id": "61561457131886",
                "count": 0
            },
            {
                "id": "100028604925944",
                "count": 0
            },
            {
                "id": "100093002410026",
                "count": 0
            },
            {
                "id": "100068149026021",
                "count": 0
            },
            {
                "id": "100024166027131",
                "count": 0
            },
            {
                "id": "100044336108373",
                "count": 0
            },
            {
                "id": "61560602532983",
                "count": 0
            },
            {
                "id": "100064800301986",
                "count": 0
            },
            {
                "id": "61551383862315",
                "count": 0
            },
            {
                "id": "100083960405077",
                "count": 0
            },
            {
                "id": "100012762036265",
                "count": 0
            },
            {
                "id": "100086423036254",
                "count": 0
            },
            {
                "id": "100048522967884",
                "count": 0
            },
            {
                "id": "61556408095008",
                "count": 0
            },
            {
                "id": "100092622275158",
                "count": 0
            },
            {
                "id": "100072145578976",
                "count": 0
            },
            {
                "id": "100015535176128",
                "count": 0
            },
            {
                "id": "100076399151586",
                "count": 0
            },
            {
                "id": "100024312342810",
                "count": 0
            },
            {
                "id": "100042014793648",
                "count": 0
            },
            {
                "id": "61566928205016",
                "count": 0
            },
            {
                "id": "100025715570920",
                "count": 0
            },
            {
                "id": "100060900844953",
                "count": 0
            },
            {
                "id": "100083867933240",
                "count": 0
            },
            {
                "id": "100095427584638",
                "count": 0
            },
            {
                "id": "100040589855355",
                "count": 0
            },
            {
                "id": "100033654966883",
                "count": 0
            },
            {
                "id": "100025034715313",
                "count": 0
            },
            {
                "id": "100051332842237",
                "count": 0
            },
            {
                "id": "100009982482198",
                "count": 0
            },
            {
                "id": "61550673160719",
                "count": 0
            },
            {
                "id": "61561358467709",
                "count": 0
            },
            {
                "id": "100067018335968",
                "count": 0
            },
            {
                "id": "100094365975057",
                "count": 0
            },
            {
                "id": "61561193240813",
                "count": 0
            },
            {
                "id": "100084353513993",
                "count": 0
            },
            {
                "id": "100049470815305",
                "count": 0
            },
            {
                "id": "100042553030948",
                "count": 0
            },
            {
                "id": "100054943954711",
                "count": 0
            },
            {
                "id": "61565772690170",
                "count": 0
            },
            {
                "id": "100085717899401",
                "count": 0
            },
            {
                "id": "100019920220450",
                "count": 0
            },
            {
                "id": "100083979885555",
                "count": 0
            },
            {
                "id": "100050811304293",
                "count": 0
            },
            {
                "id": "100028166389147",
                "count": 0
            },
            {
                "id": "100002384848649",
                "count": 0
            },
            {
                "id": "100041424065865",
                "count": 0
            },
            {
                "id": "100053265583964",
                "count": 0
            },
            {
                "id": "100079268466007",
                "count": 0
            },
            {
                "id": "100068919977911",
                "count": 0
            },
            {
                "id": "100077751823142",
                "count": 0
            },
            {
                "id": "100011170897210",
                "count": 0
            },
            {
                "id": "100080933226010",
                "count": 0
            },
            {
                "id": "100077414042708",
                "count": 0
            },
            {
                "id": "61559079650241",
                "count": 0
            },
            {
                "id": "100094879566553",
                "count": 0
            },
            {
                "id": "100001113278043",
                "count": 0
            },
            {
                "id": "61561530282324",
                "count": 0
            },
            {
                "id": "100032870801506",
                "count": 0
            },
            {
                "id": "61567289996019",
                "count": 0
            },
            {
                "id": "100041259763257",
                "count": 0
            },
            {
                "id": "100078300043623",
                "count": 0
            },
            {
                "id": "100029702174444",
                "count": 0
            },
            {
                "id": "61567164000333",
                "count": 0
            },
            {
                "id": "61552576860766",
                "count": 0
            },
            {
                "id": "61558383501598",
                "count": 0
            },
            {
                "id": "100057109415088",
                "count": 0
            },
            {
                "id": "100014118344952",
                "count": 0
            },
            {
                "id": "100084001646624",
                "count": 0
            },
            {
                "id": "61554842817786",
                "count": 0
            },
            {
                "id": "100013048963768",
                "count": 0
            },
            {
                "id": "100093149571775",
                "count": 0
            },
            {
                "id": "100059687682950",
                "count": 0
            },
            {
                "id": "100030322479129",
                "count": 0
            },
            {
                "id": "100047587845850",
                "count": 0
            },
            {
                "id": "100046741642402",
                "count": 0
            },
            {
                "id": "100029768673924",
                "count": 0
            },
            {
                "id": "100069401512923",
                "count": 0
            },
            {
                "id": "100073337539356",
                "count": 0
            },
            {
                "id": "100065085775077",
                "count": 0
            },
            {
                "id": "100071519012448",
                "count": 0
            },
            {
                "id": "100084260606796",
                "count": 0
            },
            {
                "id": "61566949059729",
                "count": 0
            },
            {
                "id": "100054932440955",
                "count": 0
            },
            {
                "id": "100050609475865",
                "count": 0
            },
            {
                "id": "100039480767661",
                "count": 0
            },
            {
                "id": "100021824794964",
                "count": 0
            },
            {
                "id": "61562847451412",
                "count": 0
            },
            {
                "id": "100033104442075",
                "count": 0
            },
            {
                "id": "61559927439362",
                "count": 0
            },
            {
                "id": "100081461642951",
                "count": 0
            },
            {
                "id": "61565976532354",
                "count": 0
            },
            {
                "id": "100049962676650",
                "count": 0
            },
            {
                "id": "100002939045576",
                "count": 0
            },
            {
                "id": "100073063985388",
                "count": 0
            },
            {
                "id": "100077957721655",
                "count": 0
            },
            {
                "id": "100011258655627",
                "count": 0
            },
            {
                "id": "61557369987749",
                "count": 0
            },
            {
                "id": "100050068612576",
                "count": 0
            },
            {
                "id": "61567309319716",
                "count": 0
            },
            {
                "id": "100081885095600",
                "count": 0
            },
            {
                "id": "61561095385771",
                "count": 0
            },
            {
                "id": "100090137084112",
                "count": 0
            },
            {
                "id": "100093846897172",
                "count": 0
            },
            {
                "id": "100037596822429",
                "count": 0
            },
            {
                "id": "100064048480504",
                "count": 0
            },
            {
                "id": "100067562019333",
                "count": 0
            },
            {
                "id": "100076131476282",
                "count": 0
            },
            {
                "id": "61564641188444",
                "count": 0
            },
            {
                "id": "100092246298622",
                "count": 0
            },
            {
                "id": "100083773689078",
                "count": 0
            },
            {
                "id": "100008197711469",
                "count": 0
            },
            {
                "id": "100052395963084",
                "count": 0
            },
            {
                "id": "100052360891792",
                "count": 0
            },
            {
                "id": "100083876341750",
                "count": 0
            },
            {
                "id": "100025200033306",
                "count": 0
            },
            {
                "id": "100028023143540",
                "count": 0
            },
            {
                "id": "100037807563763",
                "count": 0
            },
            {
                "id": "100078113873228",
                "count": 0
            },
            {
                "id": "100078319567818",
                "count": 0
            },
            {
                "id": "61566894280790",
                "count": 0
            },
            {
                "id": "61567384732605",
                "count": 0
            },
            {
                "id": "100041408226017",
                "count": 0
            },
            {
                "id": "100041421671775",
                "count": 0
            },
            {
                "id": "100004752336149",
                "count": 0
            }
        ]
    }
}