{
    "total": [
        {
            "id": "100047417837795",
            "count": 38
        },
        {
            "id": "100090410919439",
            "count": 0
        },
        {
            "id": "100079812767240",
            "count": 33
        },
        {
            "id": "100081218162568",
            "count": 0
        },
        {
            "id": "100086552671256",
            "count": 197
        },
        {
            "id": "100075714832954",
            "count": 1
        },
        {
            "id": "100028253880811",
            "count": 0
        },
        {
            "id": "61559407241172",
            "count": 0
        },
        {
            "id": "100087379939725",
            "count": 7
        },
        {
            "id": "100051435607188",
            "count": 21
        },
        {
            "id": "100083042726357",
            "count": 0
        },
        {
            "id": "61555371626774",
            "count": 0
        },
        {
            "id": "100086353055423",
            "count": 12
        },
        {
            "id": "100021153082764",
            "count": 10
        },
        {
            "id": "100057908912152",
            "count": 0
        },
        {
            "id": "100029641890324",
            "count": 0
        },
        {
            "id": "100017458009409",
            "count": 0
        },
        {
            "id": "100093573949830",
            "count": 83
        },
        {
            "id": "61559079650241",
            "count": 259
        },
        {
            "id": "100044646483792",
            "count": 6
        },
        {
            "id": "61561530282324",
            "count": 115
        },
        {
            "id": "100061737669806",
            "count": 3
        },
        {
            "id": "61559907900593",
            "count": 0
        },
        {
            "id": "100073438476128",
            "count": 0
        },
        {
            "id": "100077819349918",
            "count": 0
        },
        {
            "id": "100050974114523",
            "count": 3
        },
        {
            "id": "100087445987712",
            "count": 7
        },
        {
            "id": "100060803392885",
            "count": 0
        },
        {
            "id": "100035244290886",
            "count": 3
        },
        {
            "id": "100024572383966",
            "count": 21
        },
        {
            "id": "100047233570858",
            "count": 0
        },
        {
            "id": "100027639495360",
            "count": 1
        },
        {
            "id": "100006521178447",
            "count": 21
        },
        {
            "id": "100024743867857",
            "count": 0
        },
        {
            "id": "100084255102743",
            "count": 5
        },
        {
            "id": "100061952104653",
            "count": 60
        },
        {
            "id": "61566838475724",
            "count": 0
        },
        {
            "id": "61566029867495",
            "count": 11
        },
        {
            "id": "100026551324277",
            "count": 18
        },
        {
            "id": "100091313230064",
            "count": 40
        },
        {
            "id": "100053097500389",
            "count": 29
        },
        {
            "id": "100087773523479",
            "count": 4
        },
        {
            "id": "100027829883468",
            "count": 1
        },
        {
            "id": "100015994744896",
            "count": 0
        },
        {
            "id": "100018247056780",
            "count": 1
        },
        {
            "id": "100023047793948",
            "count": 0
        },
        {
            "id": "61561729449635",
            "count": 0
        },
        {
            "id": "100088048402943",
            "count": 13
        },
        {
            "id": "100076516191750",
            "count": 0
        },
        {
            "id": "100035885040950",
            "count": 5
        },
        {
            "id": "100078086320819",
            "count": 0
        }
    ],
    "week": [
        {
            "id": "100047417837795",
            "count": 38
        },
        {
            "id": "100090410919439",
            "count": 0
        },
        {
            "id": "100079812767240",
            "count": 33
        },
        {
            "id": "100081218162568",
            "count": 0
        },
        {
            "id": "100086552671256",
            "count": 197
        },
        {
            "id": "100075714832954",
            "count": 1
        },
        {
            "id": "100028253880811",
            "count": 0
        },
        {
            "id": "61559407241172",
            "count": 0
        },
        {
            "id": "100087379939725",
            "count": 7
        },
        {
            "id": "100051435607188",
            "count": 21
        },
        {
            "id": "100083042726357",
            "count": 0
        },
        {
            "id": "61555371626774",
            "count": 0
        },
        {
            "id": "100086353055423",
            "count": 12
        },
        {
            "id": "100021153082764",
            "count": 10
        },
        {
            "id": "100057908912152",
            "count": 0
        },
        {
            "id": "100029641890324",
            "count": 0
        },
        {
            "id": "100017458009409",
            "count": 0
        },
        {
            "id": "100093573949830",
            "count": 83
        },
        {
            "id": "61559079650241",
            "count": 259
        },
        {
            "id": "100044646483792",
            "count": 6
        },
        {
            "id": "61561530282324",
            "count": 115
        },
        {
            "id": "100061737669806",
            "count": 3
        },
        {
            "id": "61559907900593",
            "count": 0
        },
        {
            "id": "100073438476128",
            "count": 0
        },
        {
            "id": "100077819349918",
            "count": 0
        },
        {
            "id": "100050974114523",
            "count": 3
        },
        {
            "id": "100087445987712",
            "count": 7
        },
        {
            "id": "100060803392885",
            "count": 0
        },
        {
            "id": "100035244290886",
            "count": 3
        },
        {
            "id": "100024572383966",
            "count": 21
        },
        {
            "id": "100047233570858",
            "count": 0
        },
        {
            "id": "100027639495360",
            "count": 1
        },
        {
            "id": "100006521178447",
            "count": 21
        },
        {
            "id": "100024743867857",
            "count": 0
        },
        {
            "id": "100084255102743",
            "count": 5
        },
        {
            "id": "100061952104653",
            "count": 60
        },
        {
            "id": "61566838475724",
            "count": 0
        },
        {
            "id": "61566029867495",
            "count": 11
        },
        {
            "id": "100026551324277",
            "count": 18
        },
        {
            "id": "100091313230064",
            "count": 40
        },
        {
            "id": "100053097500389",
            "count": 29
        },
        {
            "id": "100087773523479",
            "count": 4
        },
        {
            "id": "100027829883468",
            "count": 1
        },
        {
            "id": "100015994744896",
            "count": 0
        },
        {
            "id": "100018247056780",
            "count": 1
        },
        {
            "id": "100023047793948",
            "count": 0
        },
        {
            "id": "61561729449635",
            "count": 0
        },
        {
            "id": "100088048402943",
            "count": 13
        },
        {
            "id": "100076516191750",
            "count": 0
        },
        {
            "id": "100035885040950",
            "count": 5
        },
        {
            "id": "100078086320819",
            "count": 0
        }
    ],
    "day": [
        {
            "id": "100047417837795",
            "count": 0,
            "name": "PT Mạnh"
        },
        {
            "id": "100090410919439",
            "count": 0,
            "name": "Nguyễn Bich Thủy"
        },
        {
            "id": "100079812767240",
            "count": 0,
            "name": "Ngọc Ánh"
        },
        {
            "id": "100081218162568",
            "count": 0,
            "name": "Khánh Ly"
        },
        {
            "id": "100086552671256",
            "count": 0,
            "name": "Xu Xinh"
        },
        {
            "id": "100075714832954",
            "count": 0,
            "name": "Nguyên Hà"
        },
        {
            "id": "100028253880811",
            "count": 0,
            "name": "Ngô Oanh"
        },
        {
            "id": "61559407241172",
            "count": 0,
            "name": "Phương Nhi"
        },
        {
            "id": "100087379939725",
            "count": 0,
            "name": "Nguyễn Xuân Trường"
        },
        {
            "id": "100051435607188",
            "count": 0,
            "name": "Huyền Trân"
        },
        {
            "id": "100083042726357",
            "count": 0,
            "name": "Lượng Lệnh"
        },
        {
            "id": "61555371626774",
            "count": 0,
            "name": "Thị Sen"
        },
        {
            "id": "100086353055423",
            "count": 0,
            "name": "Nhi Bé"
        },
        {
            "id": "100021153082764",
            "count": 0,
            "name": "Linhh Nguyễn"
        },
        {
            "id": "100057908912152",
            "count": 0,
            "name": "Zhu Lang"
        },
        {
            "id": "100029641890324",
            "count": 0,
            "name": "Hà Thị Ngọc Anh"
        },
        {
            "id": "100017458009409",
            "count": 0,
            "name": "Phạm Thị Tuyết Nhi"
        },
        {
            "id": "100093573949830",
            "count": 0,
            "name": "Lê Trọng Hảo"
        },
        {
            "id": "61559079650241",
            "count": 0,
            "name": "Nguyễn Thanh Tùng"
        },
        {
            "id": "100044646483792",
            "count": 0,
            "name": "Bé Hoài"
        },
        {
            "id": "61561530282324",
            "count": 0,
            "name": "Roronoa Xoro"
        },
        {
            "id": "100061737669806",
            "count": 0,
            "name": "Trần Hoàng Bảo Long"
        },
        {
            "id": "61559907900593",
            "count": 0,
            "name": "Huy Lê"
        },
        {
            "id": "100073438476128",
            "count": 0,
            "name": "Hoài Nam"
        },
        {
            "id": "100077819349918",
            "count": 0,
            "name": "Nguyễn Văn Bình"
        },
        {
            "id": "100050974114523",
            "count": 0,
            "name": "Nguyễn Thế Nguội"
        },
        {
            "id": "100087445987712",
            "count": 0,
            "name": "Bùi Công"
        },
        {
            "id": "100060803392885",
            "count": 0,
            "name": "Nguyễn Thanh Bình"
        },
        {
            "id": "100035244290886",
            "count": 0,
            "name": "Đức Thắng"
        },
        {
            "id": "100024572383966",
            "count": 0,
            "name": "Đỗ Thanh Hậu"
        },
        {
            "id": "100047233570858",
            "count": 0,
            "name": "Trang"
        },
        {
            "id": "100027639495360",
            "count": 0,
            "name": "Nguyễn Thắng"
        },
        {
            "id": "100006521178447",
            "count": 0,
            "name": "Người Không Tên"
        },
        {
            "id": "100024743867857",
            "count": 0,
            "name": "Người dùng facebook"
        },
        {
            "id": "100084255102743",
            "count": 0,
            "name": "Hồng Ngọc"
        },
        {
            "id": "100061952104653",
            "count": 0,
            "name": "Lã Kim Hoa"
        },
        {
            "id": "61566838475724",
            "count": 0,
            "name": "Người dùng facebook"
        },
        {
            "id": "61566029867495",
            "count": 0,
            "name": "Hoa Máu"
        },
        {
            "id": "100026551324277",
            "count": 0,
            "name": "Bùi Thị Thu Thảo"
        },
        {
            "id": "100091313230064",
            "count": 0,
            "name": "Ngọc Trân"
        },
        {
            "id": "100053097500389",
            "count": 0,
            "name": "Trần Chiến"
        },
        {
            "id": "100087773523479",
            "count": 0,
            "name": "Hân Súnn"
        },
        {
            "id": "100027829883468",
            "count": 0,
            "name": "Lê Thị Hằng"
        },
        {
            "id": "100015994744896",
            "count": 0,
            "name": "Goa Bin"
        },
        {
            "id": "100018247056780",
            "count": 0,
            "name": "Nguyễn Đình Sơn"
        },
        {
            "id": "100023047793948",
            "count": 0,
            "name": "Phạm Văn An"
        },
        {
            "id": "61561729449635",
            "count": 0,
            "name": "Quốc An"
        },
        {
            "id": "100088048402943",
            "count": 0,
            "name": "Xoài Chấm Mắm Tôm"
        },
        {
            "id": "100076516191750",
            "count": 0,
            "name": "Nhi Kiều Phan"
        },
        {
            "id": "100035885040950",
            "count": 0,
            "name": "Huỳnh Thiên Hảo"
        },
        {
            "id": "100078086320819",
            "count": 0,
            "name": "Người dùng facebook"
        }
    ],
    "time": 6,
    "last": {
        "time": 2,
        "day": [
            {
                "id": "100047417837795",
                "count": 0
            },
            {
                "id": "100090410919439",
                "count": 0
            },
            {
                "id": "100079812767240",
                "count": 0
            },
            {
                "id": "100081218162568",
                "count": 0
            },
            {
                "id": "100086552671256",
                "count": 0
            },
            {
                "id": "100075714832954",
                "count": 0
            },
            {
                "id": "100028253880811",
                "count": 0
            },
            {
                "id": "61559407241172",
                "count": 0
            },
            {
                "id": "100087379939725",
                "count": 0
            },
            {
                "id": "100051435607188",
                "count": 0
            },
            {
                "id": "100083042726357",
                "count": 0
            },
            {
                "id": "61555371626774",
                "count": 0
            },
            {
                "id": "100086353055423",
                "count": 0
            },
            {
                "id": "100021153082764",
                "count": 0
            },
            {
                "id": "100057908912152",
                "count": 0
            },
            {
                "id": "100029641890324",
                "count": 0
            },
            {
                "id": "100094683207136",
                "count": 0
            },
            {
                "id": "100017458009409",
                "count": 0
            },
            {
                "id": "100093573949830",
                "count": 0
            },
            {
                "id": "61559079650241",
                "count": 0
            },
            {
                "id": "100044646483792",
                "count": 0
            },
            {
                "id": "61561530282324",
                "count": 0
            },
            {
                "id": "100080370022559",
                "count": 0
            },
            {
                "id": "100061737669806",
                "count": 0
            },
            {
                "id": "61559907900593",
                "count": 0
            },
            {
                "id": "100073438476128",
                "count": 0
            },
            {
                "id": "100077819349918",
                "count": 0
            },
            {
                "id": "100082271839099",
                "count": 0
            },
            {
                "id": "100050974114523",
                "count": 0
            },
            {
                "id": "100087445987712",
                "count": 0
            },
            {
                "id": "100060803392885",
                "count": 0
            },
            {
                "id": "100035244290886",
                "count": 0
            },
            {
                "id": "100024572383966",
                "count": 0
            },
            {
                "id": "100047233570858",
                "count": 0
            },
            {
                "id": "100027639495360",
                "count": 0
            },
            {
                "id": "100006521178447",
                "count": 0
            },
            {
                "id": "100024743867857",
                "count": 0
            },
            {
                "id": "100084255102743",
                "count": 0
            },
            {
                "id": "100061952104653",
                "count": 0
            },
            {
                "id": "61566838475724",
                "count": 0
            },
            {
                "id": "61566029867495",
                "count": 0
            },
            {
                "id": "100026551324277",
                "count": 0
            },
            {
                "id": "100091313230064",
                "count": 0
            },
            {
                "id": "100053097500389",
                "count": 0
            },
            {
                "id": "100087773523479",
                "count": 0
            },
            {
                "id": "100027829883468",
                "count": 0
            },
            {
                "id": "100015994744896",
                "count": 0
            },
            {
                "id": "100018247056780",
                "count": 0
            },
            {
                "id": "100023047793948",
                "count": 0
            },
            {
                "id": "61561729449635",
                "count": 0
            },
            {
                "id": "100040436703304",
                "count": 0
            },
            {
                "id": "100088048402943",
                "count": 0
            },
            {
                "id": "100076516191750",
                "count": 0
            },
            {
                "id": "100037202030214",
                "count": 0
            },
            {
                "id": "100035885040950",
                "count": 0
            },
            {
                "id": "100078086320819",
                "count": 0
            }
        ],
        "week": [
            {
                "id": "100047417837795",
                "count": 0
            },
            {
                "id": "100090410919439",
                "count": 0
            },
            {
                "id": "100079812767240",
                "count": 0
            },
            {
                "id": "100081218162568",
                "count": 0
            },
            {
                "id": "100086552671256",
                "count": 0
            },
            {
                "id": "100075714832954",
                "count": 0
            },
            {
                "id": "100028253880811",
                "count": 0
            },
            {
                "id": "61559407241172",
                "count": 0
            },
            {
                "id": "100087379939725",
                "count": 0
            },
            {
                "id": "100051435607188",
                "count": 0
            },
            {
                "id": "100083042726357",
                "count": 0
            },
            {
                "id": "61555371626774",
                "count": 0
            },
            {
                "id": "100086353055423",
                "count": 0
            },
            {
                "id": "100021153082764",
                "count": 0
            },
            {
                "id": "100057908912152",
                "count": 0
            },
            {
                "id": "100029641890324",
                "count": 0
            },
            {
                "id": "100094683207136",
                "count": 0
            },
            {
                "id": "100017458009409",
                "count": 0
            },
            {
                "id": "100093573949830",
                "count": 0
            },
            {
                "id": "61559079650241",
                "count": 0
            },
            {
                "id": "100044646483792",
                "count": 0
            },
            {
                "id": "61561530282324",
                "count": 0
            },
            {
                "id": "100080370022559",
                "count": 0
            },
            {
                "id": "100061737669806",
                "count": 0
            },
            {
                "id": "61559907900593",
                "count": 0
            },
            {
                "id": "100073438476128",
                "count": 0
            },
            {
                "id": "100077819349918",
                "count": 0
            },
            {
                "id": "100082271839099",
                "count": 0
            },
            {
                "id": "100050974114523",
                "count": 0
            },
            {
                "id": "100087445987712",
                "count": 0
            },
            {
                "id": "100060803392885",
                "count": 0
            },
            {
                "id": "100035244290886",
                "count": 0
            },
            {
                "id": "100024572383966",
                "count": 0
            },
            {
                "id": "100047233570858",
                "count": 0
            },
            {
                "id": "100027639495360",
                "count": 0
            },
            {
                "id": "100006521178447",
                "count": 0
            },
            {
                "id": "100024743867857",
                "count": 0
            },
            {
                "id": "100084255102743",
                "count": 0
            },
            {
                "id": "100061952104653",
                "count": 0
            },
            {
                "id": "61566838475724",
                "count": 0
            },
            {
                "id": "61566029867495",
                "count": 0
            },
            {
                "id": "100026551324277",
                "count": 0
            },
            {
                "id": "100091313230064",
                "count": 0
            },
            {
                "id": "100053097500389",
                "count": 0
            },
            {
                "id": "100087773523479",
                "count": 0
            },
            {
                "id": "100027829883468",
                "count": 0
            },
            {
                "id": "100015994744896",
                "count": 0
            },
            {
                "id": "100018247056780",
                "count": 0
            },
            {
                "id": "100023047793948",
                "count": 0
            },
            {
                "id": "61561729449635",
                "count": 0
            },
            {
                "id": "100040436703304",
                "count": 0
            },
            {
                "id": "100088048402943",
                "count": 0
            },
            {
                "id": "100076516191750",
                "count": 0
            },
            {
                "id": "100037202030214",
                "count": 0
            },
            {
                "id": "100035885040950",
                "count": 0
            },
            {
                "id": "100078086320819",
                "count": 0
            }
        ]
    }
}