{
    "total": [
        {
            "id": "1074491699",
            "count": 362
        },
        {
            "id": "100068310261131",
            "count": 133
        },
        {
            "id": "502275138",
            "count": 29
        },
        {
            "id": "100029378752728",
            "count": 9
        },
        {
            "id": "61550894610735",
            "count": 38
        },
        {
            "id": "100016757713599",
            "count": 0
        },
        {
            "id": "82200402",
            "count": 0
        },
        {
            "id": "100067508386723",
            "count": 581
        },
        {
            "id": "100091738788586",
            "count": 3
        },
        {
            "id": "61553469628680",
            "count": 0
        },
        {
            "id": "100088286371303",
            "count": 13
        },
        {
            "id": "100088817988946",
            "count": 105
        },
        {
            "id": "100039201377129",
            "count": 9
        },
        {
            "id": "61561753304881",
            "count": 0
        },
        {
            "id": "61568161858282",
            "count": 1
        },
        {
            "id": "100046080791526",
            "count": 0
        },
        {
            "id": "100093102425928",
            "count": 0
        },
        {
            "id": "100092162927136",
            "count": 0
        },
        {
            "id": "1334285798",
            "count": 0
        },
        {
            "id": "61565822494268",
            "count": 4
        },
        {
            "id": "100087656003517",
            "count": 3
        },
        {
            "id": "100080592595030",
            "count": 15
        },
        {
            "id": "100001589227986",
            "count": 2
        },
        {
            "id": "61565397262958",
            "count": 38
        },
        {
            "id": "61561530282324",
            "count": 71
        },
        {
            "id": "61561458940574",
            "count": 24
        },
        {
            "id": "100015899945736",
            "count": 25
        },
        {
            "id": "100085073240621",
            "count": 4
        },
        {
            "id": "68126864",
            "count": 48
        },
        {
            "id": "61555712670336",
            "count": 14
        },
        {
            "id": "61561924220341",
            "count": 21
        },
        {
            "id": "61567855034590",
            "count": 0
        },
        {
            "id": "100037211391552",
            "count": 71
        },
        {
            "id": "537846897",
            "count": 1
        }
    ],
    "week": [
        {
            "id": "1074491699",
            "count": 362
        },
        {
            "id": "100068310261131",
            "count": 133
        },
        {
            "id": "502275138",
            "count": 29
        },
        {
            "id": "100029378752728",
            "count": 9
        },
        {
            "id": "61550894610735",
            "count": 38
        },
        {
            "id": "100016757713599",
            "count": 0
        },
        {
            "id": "82200402",
            "count": 0
        },
        {
            "id": "100067508386723",
            "count": 581
        },
        {
            "id": "100091738788586",
            "count": 3
        },
        {
            "id": "61553469628680",
            "count": 0
        },
        {
            "id": "100088286371303",
            "count": 13
        },
        {
            "id": "100088817988946",
            "count": 105
        },
        {
            "id": "100039201377129",
            "count": 9
        },
        {
            "id": "61561753304881",
            "count": 0
        },
        {
            "id": "61568161858282",
            "count": 1
        },
        {
            "id": "100046080791526",
            "count": 0
        },
        {
            "id": "100093102425928",
            "count": 0
        },
        {
            "id": "100092162927136",
            "count": 0
        },
        {
            "id": "1334285798",
            "count": 0
        },
        {
            "id": "61565822494268",
            "count": 4
        },
        {
            "id": "100087656003517",
            "count": 3
        },
        {
            "id": "100080592595030",
            "count": 15
        },
        {
            "id": "100001589227986",
            "count": 2
        },
        {
            "id": "61565397262958",
            "count": 38
        },
        {
            "id": "61561530282324",
            "count": 71
        },
        {
            "id": "61561458940574",
            "count": 24
        },
        {
            "id": "100015899945736",
            "count": 25
        },
        {
            "id": "100085073240621",
            "count": 4
        },
        {
            "id": "68126864",
            "count": 48
        },
        {
            "id": "61555712670336",
            "count": 14
        },
        {
            "id": "61561924220341",
            "count": 21
        },
        {
            "id": "61567855034590",
            "count": 0
        },
        {
            "id": "100037211391552",
            "count": 71
        },
        {
            "id": "537846897",
            "count": 1
        }
    ],
    "day": [
        {
            "id": "1074491699",
            "count": 2,
            "name": "Nguyễn Tấn Tài"
        },
        {
            "id": "100068310261131",
            "count": 0,
            "name": "Văn Thuận"
        },
        {
            "id": "502275138",
            "count": 0,
            "name": "Phạm Minh Đồng"
        },
        {
            "id": "100029378752728",
            "count": 0,
            "name": "Lương Thiên Bảo"
        },
        {
            "id": "61550894610735",
            "count": 0,
            "name": "Nguyễn Tấn Tài ❁ ✓"
        },
        {
            "id": "100016757713599",
            "count": 0,
            "name": "Phạm Trung Kiên"
        },
        {
            "id": "82200402",
            "count": 0,
            "name": "Hồ Bá Trọng"
        },
        {
            "id": "100067508386723",
            "count": 1,
            "name": "Phạm Hữu Tài"
        },
        {
            "id": "100091738788586",
            "count": 0,
            "name": "Nguyễn Ngọc Nhi"
        },
        {
            "id": "61553469628680",
            "count": 0,
            "name": "𓆤 𓂄𓆩𑁍𓆪𓂁 卐𓏪𓉚𓆣 𝑸𝒖𝒂́𝒄𝒉 𝑻𝒂̂́𝒕 𝑳𝒐̣̂𝒄 𓉛𓏪卐 𖤍 𓂄𓆩𑁍𓆪𓂁 𒈒"
        },
        {
            "id": "100088286371303",
            "count": 1,
            "name": "Hoàng Gia Bảo"
        },
        {
            "id": "100088817988946",
            "count": 1,
            "name": "Lâm Hoàng Khang"
        },
        {
            "id": "100039201377129",
            "count": 0,
            "name": "Azigg Twn"
        },
        {
            "id": "61561753304881",
            "count": 0,
            "name": "Ngọc Từ"
        },
        {
            "id": "61568161858282",
            "count": 0,
            "name": "Người dùng Facebook"
        },
        {
            "id": "100046080791526",
            "count": 0,
            "name": "ဪဪဪဪဪဪဪဪဪဪဪဪဪဪဪဪဪဪဪဪဪဪဪဪ ဪဪဪဪဪဪဪဪဪဪဪဪဪဪဪဪဪဪဪဪဪဪဪဪ ဪဪဪဪဪဪဪဪဪဪဪဪဪဪဪဪဪဪဪဪဪဪဪဪ"
        },
        {
            "id": "100093102425928",
            "count": 0,
            "name": "Người dùng Facebook"
        },
        {
            "id": "100092162927136",
            "count": 0,
            "name": " ╰━➗🎲🎲╤━─────━◎➛➣ ╰♡╮⎝҂⚈⏝⚆⍀卝◉卝➗🎲🎲➗╤══─────◎➛➣ ╰😘╮🄳🄴🅂🅃🅁🄾🅈🄴🅁║🌾║🄷🄴🅁🄴╰🥰╮🦋🌻🐝╭⍝╮⚃⚄⚃⚃⚀🥀🟥🟩🟦🟨🟪🌾🅅🄸🄿 🄿🅁🄾🄵🄸🄻🄴╭⍝╮⎝⎝҂⚈⏝⚆⍀⎠╰🤩╮☆↔️❤️💙💚💜↔️☆"
        },
        {
            "id": "1334285798",
            "count": 0,
            "name": "Dal Santo Luca"
        },
        {
            "id": "61565822494268",
            "count": 0,
            "name": "सागर चौगले"
        },
        {
            "id": "100087656003517",
            "count": 0,
            "name": "Bảo Như"
        },
        {
            "id": "100080592595030",
            "count": 0,
            "name": "Kim Eun Hee"
        },
        {
            "id": "100001589227986",
            "count": 0,
            "name": "𓇻𑁍 Tao Xin Tự Giới Thiệu Tao Là Hắc Cơ Trùm Rename Mấy Thằng Ngu Rename Dính Chữ M.M XD XL PC Như Mấy Thằng Khuyết Tật Đã Ngu Còn Tự Ái Cân Mọi Kèo Rename Tên Kí Tự Vì Anh Là Trùm Nên Mấy Em Gái Anh Ưu Tiên Rename Free Cho Nhé Mấy Thằng Cu Tricker Lỏ Việt Nam Đặc Biệt Hách Cu Mõm Block Edit Giật Giật Nháy Nháy Bỏ Đi Mà Làm Người Nhận Rename Mọi Loại Tên XnXx.CoM 𑁍𓇻"
        },
        {
            "id": "61565397262958",
            "count": 0,
            "name": "Nguyễn Văn Thành"
        },
        {
            "id": "61561530282324",
            "count": 1,
            "name": "Roronoa Xoro"
        },
        {
            "id": "61561458940574",
            "count": 0,
            "name": "Người dùng Facebook"
        },
        {
            "id": "100015899945736",
            "count": 0,
            "name": "Đức Huy"
        },
        {
            "id": "100085073240621",
            "count": 0,
            "name": "Dang Gia Khanh"
        },
        {
            "id": "68126864",
            "count": 0,
            "name": "Ng Viet Hoang"
        },
        {
            "id": "61555712670336",
            "count": 0,
            "name": "Nguyễn Việt Hoàng"
        },
        {
            "id": "61561924220341",
            "count": 0,
            "name": "Ngọc Nhung"
        },
        {
            "id": "61567855034590",
            "count": 0,
            "name": "Người dùng facebook"
        },
        {
            "id": "100037211391552",
            "count": 0,
            "name": "Heo Rừng"
        },
        {
            "id": "537846897",
            "count": 0,
            "name": "Nguyễn Võ Ngọc Hiếu"
        }
    ],
    "time": 6,
    "last": {
        "time": 2,
        "day": [
            {
                "id": "1074491699",
                "count": 0
            },
            {
                "id": "100068310261131",
                "count": 0
            },
            {
                "id": "502275138",
                "count": 0
            },
            {
                "id": "100029378752728",
                "count": 0
            },
            {
                "id": "61550894610735",
                "count": 0
            },
            {
                "id": "100016757713599",
                "count": 0
            },
            {
                "id": "82200402",
                "count": 0
            },
            {
                "id": "100067508386723",
                "count": 0
            },
            {
                "id": "100091738788586",
                "count": 0
            },
            {
                "id": "61553469628680",
                "count": 0
            },
            {
                "id": "100088286371303",
                "count": 0
            },
            {
                "id": "100088817988946",
                "count": 0
            },
            {
                "id": "100039201377129",
                "count": 0
            },
            {
                "id": "61561753304881",
                "count": 0
            },
            {
                "id": "100001624277957",
                "count": 0
            },
            {
                "id": "61568161858282",
                "count": 0
            },
            {
                "id": "100046080791526",
                "count": 0
            },
            {
                "id": "100093102425928",
                "count": 0
            },
            {
                "id": "100092162927136",
                "count": 0
            },
            {
                "id": "61559079650241",
                "count": 0
            },
            {
                "id": "1334285798",
                "count": 0
            },
            {
                "id": "61565822494268",
                "count": 0
            },
            {
                "id": "100087656003517",
                "count": 0
            },
            {
                "id": "100080592595030",
                "count": 0
            },
            {
                "id": "100001589227986",
                "count": 0
            },
            {
                "id": "61565397262958",
                "count": 0
            },
            {
                "id": "61561530282324",
                "count": 0
            },
            {
                "id": "61561458940574",
                "count": 0
            },
            {
                "id": "100015899945736",
                "count": 0
            },
            {
                "id": "100085073240621",
                "count": 0
            },
            {
                "id": "68126864",
                "count": 0
            },
            {
                "id": "61555712670336",
                "count": 0
            },
            {
                "id": "61561924220341",
                "count": 0
            },
            {
                "id": "61567855034590",
                "count": 0
            },
            {
                "id": "100037211391552",
                "count": 0
            },
            {
                "id": "537846897",
                "count": 0
            }
        ],
        "week": [
            {
                "id": "1074491699",
                "count": 0
            },
            {
                "id": "100068310261131",
                "count": 0
            },
            {
                "id": "502275138",
                "count": 0
            },
            {
                "id": "100029378752728",
                "count": 0
            },
            {
                "id": "61550894610735",
                "count": 0
            },
            {
                "id": "100016757713599",
                "count": 0
            },
            {
                "id": "82200402",
                "count": 0
            },
            {
                "id": "100067508386723",
                "count": 0
            },
            {
                "id": "100091738788586",
                "count": 0
            },
            {
                "id": "61553469628680",
                "count": 0
            },
            {
                "id": "100088286371303",
                "count": 0
            },
            {
                "id": "100088817988946",
                "count": 0
            },
            {
                "id": "100039201377129",
                "count": 0
            },
            {
                "id": "61561753304881",
                "count": 0
            },
            {
                "id": "100001624277957",
                "count": 0
            },
            {
                "id": "61568161858282",
                "count": 0
            },
            {
                "id": "100046080791526",
                "count": 0
            },
            {
                "id": "100093102425928",
                "count": 0
            },
            {
                "id": "100092162927136",
                "count": 0
            },
            {
                "id": "61559079650241",
                "count": 0
            },
            {
                "id": "1334285798",
                "count": 0
            },
            {
                "id": "61565822494268",
                "count": 0
            },
            {
                "id": "100087656003517",
                "count": 0
            },
            {
                "id": "100080592595030",
                "count": 0
            },
            {
                "id": "100001589227986",
                "count": 0
            },
            {
                "id": "61565397262958",
                "count": 0
            },
            {
                "id": "61561530282324",
                "count": 0
            },
            {
                "id": "61561458940574",
                "count": 0
            },
            {
                "id": "100015899945736",
                "count": 0
            },
            {
                "id": "100085073240621",
                "count": 0
            },
            {
                "id": "68126864",
                "count": 0
            },
            {
                "id": "61555712670336",
                "count": 0
            },
            {
                "id": "61561924220341",
                "count": 0
            },
            {
                "id": "61567855034590",
                "count": 0
            },
            {
                "id": "100037211391552",
                "count": 0
            },
            {
                "id": "537846897",
                "count": 0
            }
        ]
    }
}