{
    "total": [
        {
            "id": "100088265816400",
            "count": 19
        },
        {
            "id": "100080464595933",
            "count": 0
        },
        {
            "id": "100048922727616",
            "count": 0
        },
        {
            "id": "61552176620762",
            "count": 42
        },
        {
            "id": "100091416973580",
            "count": 5
        },
        {
            "id": "100066466111271",
            "count": 0
        },
        {
            "id": "100082257966481",
            "count": 0
        },
        {
            "id": "61561111810047",
            "count": 0
        },
        {
            "id": "61558260236627",
            "count": 0
        },
        {
            "id": "61562930847095",
            "count": 0
        },
        {
            "id": "61559775085714",
            "count": 0
        },
        {
            "id": "100043092286023",
            "count": 0
        },
        {
            "id": "100035418376462",
            "count": 0
        },
        {
            "id": "61563074246997",
            "count": 0
        },
        {
            "id": "100082069068762",
            "count": 20
        },
        {
            "id": "100064574814302",
            "count": 0
        },
        {
            "id": "100095031395800",
            "count": 0
        },
        {
            "id": "61557562102563",
            "count": 0
        },
        {
            "id": "61556582795766",
            "count": 0
        },
        {
            "id": "100054136987889",
            "count": 0
        },
        {
            "id": "61552535231850",
            "count": 0
        },
        {
            "id": "100079594854223",
            "count": 0
        },
        {
            "id": "100010108360188",
            "count": 0
        },
        {
            "id": "100088844348903",
            "count": 0
        },
        {
            "id": "100041712917711",
            "count": 37
        },
        {
            "id": "61557228026909",
            "count": 0
        },
        {
            "id": "100058940613760",
            "count": 0
        },
        {
            "id": "61565597397579",
            "count": 0
        },
        {
            "id": "100085434772910",
            "count": 0
        },
        {
            "id": "100052023587943",
            "count": 0
        },
        {
            "id": "100067365730603",
            "count": 0
        },
        {
            "id": "61561257936016",
            "count": 0
        },
        {
            "id": "100060552881879",
            "count": 8
        },
        {
            "id": "100037575880378",
            "count": 0
        },
        {
            "id": "100089668001617",
            "count": 0
        },
        {
            "id": "61564154982037",
            "count": 21
        },
        {
            "id": "61566951461859",
            "count": 0
        },
        {
            "id": "100015560317430",
            "count": 0
        },
        {
            "id": "100078353949343",
            "count": 0
        },
        {
            "id": "100050511732431",
            "count": 0
        },
        {
            "id": "100041477422616",
            "count": 0
        },
        {
            "id": "100057425769722",
            "count": 0
        },
        {
            "id": "100091587710523",
            "count": 7
        },
        {
            "id": "100089704261277",
            "count": 0
        },
        {
            "id": "61565594810730",
            "count": 0
        },
        {
            "id": "61565694687934",
            "count": 0
        },
        {
            "id": "100093304200035",
            "count": 0
        },
        {
            "id": "100074362784865",
            "count": 0
        },
        {
            "id": "61551872938998",
            "count": 0
        },
        {
            "id": "100024483139441",
            "count": 0
        },
        {
            "id": "100025896471327",
            "count": 0
        },
        {
            "id": "61565957050206",
            "count": 0
        },
        {
            "id": "100092359524241",
            "count": 0
        },
        {
            "id": "61560190157674",
            "count": 0
        },
        {
            "id": "61566863877262",
            "count": 0
        },
        {
            "id": "100027415620756",
            "count": 0
        },
        {
            "id": "100090241222243",
            "count": 0
        },
        {
            "id": "61555428134200",
            "count": 50
        },
        {
            "id": "100073268928818",
            "count": 0
        },
        {
            "id": "61566160665383",
            "count": 0
        },
        {
            "id": "100069604721193",
            "count": 79
        },
        {
            "id": "100075794742402",
            "count": 0
        },
        {
            "id": "100050837902246",
            "count": 85
        },
        {
            "id": "100040375445053",
            "count": 0
        },
        {
            "id": "100026097667296",
            "count": 0
        },
        {
            "id": "61566445373235",
            "count": 0
        },
        {
            "id": "100094707255584",
            "count": 0
        },
        {
            "id": "100080903714143",
            "count": 3
        },
        {
            "id": "61567427222111",
            "count": 0
        },
        {
            "id": "100078395919861",
            "count": 0
        },
        {
            "id": "100082277227608",
            "count": 3
        },
        {
            "id": "100035610024070",
            "count": 18
        },
        {
            "id": "100058079323719",
            "count": 8
        },
        {
            "id": "100056886454482",
            "count": 0
        },
        {
            "id": "100093060807758",
            "count": 0
        },
        {
            "id": "61554330694955",
            "count": 0
        },
        {
            "id": "61565577715509",
            "count": 1
        },
        {
            "id": "61567127115535",
            "count": 0
        },
        {
            "id": "678140944",
            "count": 19
        },
        {
            "id": "100087561481558",
            "count": 0
        },
        {
            "id": "61567068818656",
            "count": 0
        },
        {
            "id": "61566492050885",
            "count": 0
        },
        {
            "id": "61553399193860",
            "count": 0
        },
        {
            "id": "100089384332510",
            "count": 0
        },
        {
            "id": "100010624279149",
            "count": 0
        },
        {
            "id": "100028967929557",
            "count": 0
        },
        {
            "id": "100064996370774",
            "count": 0
        },
        {
            "id": "100088113046469",
            "count": 0
        },
        {
            "id": "100085095429652",
            "count": 0
        },
        {
            "id": "100091898627595",
            "count": 0
        },
        {
            "id": "100074259314942",
            "count": 0
        },
        {
            "id": "100081002916058",
            "count": 25
        },
        {
            "id": "100032871030369",
            "count": 8
        },
        {
            "id": "100065461351030",
            "count": 0
        },
        {
            "id": "100077708022705",
            "count": 0
        },
        {
            "id": "61557057097272",
            "count": 0
        },
        {
            "id": "100082818491404",
            "count": 2
        },
        {
            "id": "61558236624447",
            "count": 0
        },
        {
            "id": "100091657369137",
            "count": 0
        },
        {
            "id": "100095436223784",
            "count": 1
        },
        {
            "id": "100090962673891",
            "count": 0
        },
        {
            "id": "61555963889725",
            "count": 0
        },
        {
            "id": "100016108987339",
            "count": 30
        },
        {
            "id": "100056533127892",
            "count": 0
        },
        {
            "id": "100004179227515",
            "count": 0
        },
        {
            "id": "100088787713416",
            "count": 0
        },
        {
            "id": "100030042038934",
            "count": 0
        },
        {
            "id": "100072271046612",
            "count": 0
        },
        {
            "id": "61566843844895",
            "count": 0
        },
        {
            "id": "61555615124364",
            "count": 3
        },
        {
            "id": "100071634047734",
            "count": 1
        },
        {
            "id": "100083131735765",
            "count": 0
        },
        {
            "id": "61550912047694",
            "count": 7
        },
        {
            "id": "100090050627398",
            "count": 0
        },
        {
            "id": "61566826751267",
            "count": 0
        },
        {
            "id": "61564522536494",
            "count": 0
        },
        {
            "id": "100041749622195",
            "count": 0
        },
        {
            "id": "100060009677092",
            "count": 0
        },
        {
            "id": "100064293609532",
            "count": 0
        },
        {
            "id": "100087765941550",
            "count": 0
        },
        {
            "id": "100084916545467",
            "count": 0
        },
        {
            "id": "100091750270503",
            "count": 3
        },
        {
            "id": "100071907528464",
            "count": 0
        },
        {
            "id": "100015797595568",
            "count": 0
        },
        {
            "id": "61564511066843",
            "count": 0
        },
        {
            "id": "100026690652924",
            "count": 0
        },
        {
            "id": "100075216708870",
            "count": 0
        },
        {
            "id": "100084445372141",
            "count": 0
        },
        {
            "id": "100022501133629",
            "count": 0
        },
        {
            "id": "100052348680271",
            "count": 0
        },
        {
            "id": "100081935858857",
            "count": 0
        },
        {
            "id": "100029727313061",
            "count": 0
        },
        {
            "id": "100091647872312",
            "count": 0
        },
        {
            "id": "100087630167770",
            "count": 0
        },
        {
            "id": "100084515973802",
            "count": 0
        },
        {
            "id": "61559150762558",
            "count": 0
        },
        {
            "id": "100031720790029",
            "count": 5
        },
        {
            "id": "100013860674938",
            "count": 0
        },
        {
            "id": "100031433319575",
            "count": 0
        },
        {
            "id": "61563346365149",
            "count": 2
        },
        {
            "id": "100040148394283",
            "count": 0
        },
        {
            "id": "100028607117943",
            "count": 0
        },
        {
            "id": "100006916983448",
            "count": 0
        },
        {
            "id": "100052012392433",
            "count": 0
        },
        {
            "id": "100023354556481",
            "count": 0
        },
        {
            "id": "100025603627219",
            "count": 1
        },
        {
            "id": "100094688717713",
            "count": 23
        },
        {
            "id": "100016252328963",
            "count": 0
        },
        {
            "id": "100086161143185",
            "count": 0
        },
        {
            "id": "61559780565167",
            "count": 31
        }
    ],
    "week": [
        {
            "id": "100088265816400",
            "count": 0,
            "name": "Khánh Huyền"
        },
        {
            "id": "100080464595933",
            "count": 0,
            "name": "Ngocc Chamm"
        },
        {
            "id": "100048922727616",
            "count": 0,
            "name": "Yamamoto Nikon"
        },
        {
            "id": "61552176620762",
            "count": 0,
            "name": "Tường Vy"
        },
        {
            "id": "100091416973580",
            "count": 0,
            "name": "Quynhh Anhh Trieu"
        },
        {
            "id": "100066466111271",
            "count": 0,
            "name": "Hải Đường"
        },
        {
            "id": "100082257966481",
            "count": 0,
            "name": "Cẩm Tiên"
        },
        {
            "id": "61561111810047",
            "count": 0,
            "name": "Khôi Nguyên"
        },
        {
            "id": "61558260236627",
            "count": 0,
            "name": "Cẩm Nguyễn"
        },
        {
            "id": "61562930847095",
            "count": 0,
            "name": "Lương Đại"
        },
        {
            "id": "61559775085714",
            "count": 0,
            "name": "Bảo Long"
        },
        {
            "id": "100043092286023",
            "count": 0,
            "name": "Dương Hoàng Tuấn Kiệt"
        },
        {
            "id": "100035418376462",
            "count": 0,
            "name": "Yến Linh"
        },
        {
            "id": "61563074246997",
            "count": 0,
            "name": "Phương Nhi"
        },
        {
            "id": "100082069068762",
            "count": 0,
            "name": "Ngọc Diệp"
        },
        {
            "id": "100064574814302",
            "count": 0,
            "name": "Ngô Văn Dươngg"
        },
        {
            "id": "100095031395800",
            "count": 0,
            "name": "Trà My"
        },
        {
            "id": "61557562102563",
            "count": 0,
            "name": "Anh Ngoc"
        },
        {
            "id": "61556582795766",
            "count": 0,
            "name": "Đức Nghĩa"
        },
        {
            "id": "100054136987889",
            "count": 0,
            "name": "Lê Doãn Đức"
        },
        {
            "id": "61552535231850",
            "count": 0,
            "name": "Nguyễn Thúy"
        },
        {
            "id": "100079594854223",
            "count": 0,
            "name": "Đinh Thanh Hương"
        },
        {
            "id": "100010108360188",
            "count": 0,
            "name": "Phạm Văn Dũng"
        },
        {
            "id": "100088844348903",
            "count": 0,
            "name": "Le Thii Linh"
        },
        {
            "id": "100041712917711",
            "count": 0,
            "name": "Nam Vũ"
        },
        {
            "id": "61557228026909",
            "count": 0,
            "name": "Nguyễn Trà My"
        },
        {
            "id": "100058940613760",
            "count": 0,
            "name": "Mai Tiến Đạt"
        },
        {
            "id": "61565597397579",
            "count": 0,
            "name": "Vũ Thị Khánh Linh"
        },
        {
            "id": "100085434772910",
            "count": 0,
            "name": "Nguyễn Lê Bảo Ngọc"
        },
        {
            "id": "100052023587943",
            "count": 0,
            "name": "Minh Khôi Trần Vũ"
        },
        {
            "id": "100067365730603",
            "count": 0,
            "name": "Lục Thiểm Phong"
        },
        {
            "id": "61561257936016",
            "count": 0,
            "name": "Nc Vinh"
        },
        {
            "id": "100060552881879",
            "count": 0,
            "name": "Nguyễn Lê Thành Đạt"
        },
        {
            "id": "100037575880378",
            "count": 0,
            "name": "Thanh Thân"
        },
        {
            "id": "100089668001617",
            "count": 0,
            "name": "Nguyễn Trần Tuyết Nhi"
        },
        {
            "id": "61564154982037",
            "count": 0,
            "name": "Dung Nguyen"
        },
        {
            "id": "61566951461859",
            "count": 0,
            "name": "Phước Kiên"
        },
        {
            "id": "100015560317430",
            "count": 0,
            "name": "Huy Nguyễn"
        },
        {
            "id": "100078353949343",
            "count": 0,
            "name": "Bé Heo Mới Lớn"
        },
        {
            "id": "100050511732431",
            "count": 0,
            "name": "Người dùng Facebook"
        },
        {
            "id": "100041477422616",
            "count": 0,
            "name": "Đinh Quy"
        },
        {
            "id": "100057425769722",
            "count": 0,
            "name": "Nguyễn Hữu Lĩnh"
        },
        {
            "id": "100091587710523",
            "count": 0,
            "name": "Trung Tran"
        },
        {
            "id": "100089704261277",
            "count": 0,
            "name": "Thảo Trân"
        },
        {
            "id": "61565594810730",
            "count": 0,
            "name": "Nguyễn Ngọc Khánh Duy"
        },
        {
            "id": "61565694687934",
            "count": 0,
            "name": "Phuong Thanh"
        },
        {
            "id": "100093304200035",
            "count": 0,
            "name": "Khang Thứ Hai"
        },
        {
            "id": "100074362784865",
            "count": 0,
            "name": "Ng Quynh Anh"
        },
        {
            "id": "61551872938998",
            "count": 0,
            "name": "Nguyễn Bảo"
        },
        {
            "id": "100024483139441",
            "count": 0,
            "name": "Thùy Dung"
        },
        {
            "id": "100025896471327",
            "count": 0,
            "name": "Bình Hụ"
        },
        {
            "id": "61565957050206",
            "count": 0,
            "name": "Táo Pé"
        },
        {
            "id": "100092359524241",
            "count": 0,
            "name": "Vũ Tùng Dương"
        },
        {
            "id": "61560190157674",
            "count": 0,
            "name": "Hoài Thanh"
        },
        {
            "id": "61566863877262",
            "count": 0,
            "name": "Hng Nhung"
        },
        {
            "id": "100027415620756",
            "count": 0,
            "name": "Yếnn Như"
        },
        {
            "id": "100090241222243",
            "count": 0,
            "name": "Cth YNhi"
        },
        {
            "id": "61555428134200",
            "count": 0,
            "name": "Nguyễn Thúy Vi"
        },
        {
            "id": "100073268928818",
            "count": 0,
            "name": "Nguyen The Anh"
        },
        {
            "id": "61566160665383",
            "count": 0,
            "name": "Ngọc Trang"
        },
        {
            "id": "100069604721193",
            "count": 0,
            "name": "Thịi Bốngg"
        },
        {
            "id": "100075794742402",
            "count": 0,
            "name": "Đinh Sơn"
        },
        {
            "id": "100050837902246",
            "count": 0,
            "name": "Huy Đặng"
        },
        {
            "id": "100040375445053",
            "count": 0,
            "name": "Cao Quoc Cuong"
        },
        {
            "id": "100026097667296",
            "count": 0,
            "name": "Mason Seo"
        },
        {
            "id": "61566445373235",
            "count": 0,
            "name": "Tran Thi Ha Linh"
        },
        {
            "id": "100094707255584",
            "count": 0,
            "name": "Phươngg Linhh"
        },
        {
            "id": "100080903714143",
            "count": 0,
            "name": "PgGia. Bảo"
        },
        {
            "id": "61567427222111",
            "count": 0,
            "name": "Thắng Nguyễn"
        },
        {
            "id": "100078395919861",
            "count": 0,
            "name": "Gia Huyy"
        },
        {
            "id": "100082277227608",
            "count": 0,
            "name": "Pham Thi Phuong Anhh"
        },
        {
            "id": "100035610024070",
            "count": 0,
            "name": "Hàn Đan"
        },
        {
            "id": "100058079323719",
            "count": 0,
            "name": "Duong The Duy"
        },
        {
            "id": "100056886454482",
            "count": 0,
            "name": "Minh Quân"
        },
        {
            "id": "100093060807758",
            "count": 0,
            "name": "Văn Quân"
        },
        {
            "id": "61554330694955",
            "count": 0,
            "name": "Trọng Hoàng"
        },
        {
            "id": "61565577715509",
            "count": 0,
            "name": "Phan Trung"
        },
        {
            "id": "61567127115535",
            "count": 0,
            "name": "Mẫn Nhi"
        },
        {
            "id": "678140944",
            "count": 0,
            "name": "Hoàng Minh"
        },
        {
            "id": "100087561481558",
            "count": 0,
            "name": "Lê Quốc Khánh"
        },
        {
            "id": "61567068818656",
            "count": 0,
            "name": "Meo Meo Meo"
        },
        {
            "id": "61566492050885",
            "count": 0,
            "name": "Hà Nhi"
        },
        {
            "id": "61553399193860",
            "count": 0,
            "name": "Hạnh Hạnh"
        },
        {
            "id": "100089384332510",
            "count": 0,
            "name": "Trưởng Idol Đây"
        },
        {
            "id": "100010624279149",
            "count": 0,
            "name": "Vũ Thanh Tùng"
        },
        {
            "id": "100028967929557",
            "count": 0,
            "name": "Đỗ Ngọc"
        },
        {
            "id": "100064996370774",
            "count": 0,
            "name": "Hoàng Thành"
        },
        {
            "id": "100088113046469",
            "count": 0,
            "name": "Duy Hiệp"
        },
        {
            "id": "100085095429652",
            "count": 0,
            "name": "Trần Dương"
        },
        {
            "id": "100091898627595",
            "count": 0,
            "name": "VT Khánh An"
        },
        {
            "id": "100074259314942",
            "count": 0,
            "name": "Minh Lộc"
        },
        {
            "id": "100081002916058",
            "count": 0,
            "name": "Tam Le"
        },
        {
            "id": "100032871030369",
            "count": 0,
            "name": "Lý Quốc Sơn"
        },
        {
            "id": "100065461351030",
            "count": 0,
            "name": "Trọng Hoàng"
        },
        {
            "id": "100077708022705",
            "count": 0,
            "name": "Love Gokana"
        },
        {
            "id": "61557057097272",
            "count": 0,
            "name": "Cáo Con"
        },
        {
            "id": "100082818491404",
            "count": 0,
            "name": "Quang Tran"
        },
        {
            "id": "61558236624447",
            "count": 0,
            "name": "Gai Xấu Gthuơng Nhớ"
        },
        {
            "id": "100091657369137",
            "count": 0,
            "name": "Mai Hươngg"
        },
        {
            "id": "100095436223784",
            "count": 0,
            "name": "Minh Huyền"
        },
        {
            "id": "100090962673891",
            "count": 0,
            "name": "Mai Huyền Trang"
        },
        {
            "id": "61555963889725",
            "count": 0,
            "name": "Bao Nam"
        },
        {
            "id": "100016108987339",
            "count": 0,
            "name": "Cậu Bé Da Ngăm"
        },
        {
            "id": "100056533127892",
            "count": 0,
            "name": "Hồng Như"
        },
        {
            "id": "100004179227515",
            "count": 0,
            "name": "Minh Nhật"
        },
        {
            "id": "100088787713416",
            "count": 0,
            "name": "Changg Ni Nguyễn"
        },
        {
            "id": "100030042038934",
            "count": 0,
            "name": "Bích Ngọc"
        },
        {
            "id": "100072271046612",
            "count": 0,
            "name": "Huyen Anh"
        },
        {
            "id": "61566843844895",
            "count": 0,
            "name": "Bi Max"
        },
        {
            "id": "61555615124364",
            "count": 0,
            "name": "Minhh Huệ"
        },
        {
            "id": "100071634047734",
            "count": 0,
            "name": "Trương Kiều Trang"
        },
        {
            "id": "100083131735765",
            "count": 0,
            "name": "Hoàng Kimm"
        },
        {
            "id": "61550912047694",
            "count": 0,
            "name": "Linh Anh"
        },
        {
            "id": "100090050627398",
            "count": 0,
            "name": "Hồ Huỳnh Hoa"
        },
        {
            "id": "61566826751267",
            "count": 0,
            "name": "Tùng Thanh"
        },
        {
            "id": "61564522536494",
            "count": 0,
            "name": "Người dùng facebook"
        },
        {
            "id": "100041749622195",
            "count": 0,
            "name": "Người dùng facebook"
        },
        {
            "id": "100060009677092",
            "count": 0,
            "name": "Người dùng facebook"
        },
        {
            "id": "100064293609532",
            "count": 0,
            "name": "Người dùng facebook"
        },
        {
            "id": "100087765941550",
            "count": 0,
            "name": "Người dùng facebook"
        },
        {
            "id": "100084916545467",
            "count": 0,
            "name": "Người dùng facebook"
        },
        {
            "id": "100091750270503",
            "count": 0,
            "name": "Quỳnh Châu"
        },
        {
            "id": "100071907528464",
            "count": 0,
            "name": "Người dùng facebook"
        },
        {
            "id": "100015797595568",
            "count": 0,
            "name": "Người dùng facebook"
        },
        {
            "id": "61564511066843",
            "count": 0,
            "name": "Người dùng facebook"
        },
        {
            "id": "100026690652924",
            "count": 0,
            "name": "Người dùng facebook"
        },
        {
            "id": "100075216708870",
            "count": 0,
            "name": "Người dùng facebook"
        },
        {
            "id": "100084445372141",
            "count": 0,
            "name": "Người dùng facebook"
        },
        {
            "id": "100022501133629",
            "count": 0,
            "name": "Người dùng facebook"
        },
        {
            "id": "100052348680271",
            "count": 0,
            "name": "Người dùng facebook"
        },
        {
            "id": "100081935858857",
            "count": 0,
            "name": "Nguyễn Vân Sơn"
        },
        {
            "id": "100029727313061",
            "count": 0,
            "name": "Người dùng facebook"
        },
        {
            "id": "100091647872312",
            "count": 0,
            "name": "Người dùng facebook"
        },
        {
            "id": "100087630167770",
            "count": 0,
            "name": "Người dùng facebook"
        },
        {
            "id": "100084515973802",
            "count": 0,
            "name": "Bảoo Ngọc"
        },
        {
            "id": "61559150762558",
            "count": 0,
            "name": "Người dùng facebook"
        },
        {
            "id": "100031720790029",
            "count": 0,
            "name": "Hoàng Hạnh"
        },
        {
            "id": "100013860674938",
            "count": 0,
            "name": "Người dùng facebook"
        },
        {
            "id": "100031433319575",
            "count": 0,
            "name": "Người dùng facebook"
        },
        {
            "id": "61563346365149",
            "count": 0,
            "name": "Xuân Quỳnh"
        },
        {
            "id": "100040148394283",
            "count": 0,
            "name": "Người dùng facebook"
        },
        {
            "id": "100028607117943",
            "count": 0,
            "name": "Trần Cảnh Tiên"
        },
        {
            "id": "100006916983448",
            "count": 0,
            "name": "Người dùng facebook"
        },
        {
            "id": "100052012392433",
            "count": 0,
            "name": "Người dùng facebook"
        },
        {
            "id": "100023354556481",
            "count": 0,
            "name": "Người dùng facebook"
        },
        {
            "id": "100025603627219",
            "count": 0,
            "name": "Sống Ẩn"
        },
        {
            "id": "100094688717713",
            "count": 0,
            "name": "𝑵𝒈𝒖𝒚𝒆𝒏 𝑻𝒂𝒏 𝑫𝒂𝒕"
        },
        {
            "id": "100016252328963",
            "count": 0,
            "name": "Người dùng facebook"
        },
        {
            "id": "100086161143185",
            "count": 0,
            "name": "Người dùng facebook"
        },
        {
            "id": "61559780565167",
            "count": 0,
            "name": "Ly Ly"
        }
    ],
    "day": [
        {
            "id": "100088265816400",
            "count": 0,
            "name": "Khánh Huyền"
        },
        {
            "id": "100080464595933",
            "count": 0,
            "name": "Ngocc Chamm"
        },
        {
            "id": "100048922727616",
            "count": 0,
            "name": "Yamamoto Nikon"
        },
        {
            "id": "61552176620762",
            "count": 0,
            "name": "Tường Vy"
        },
        {
            "id": "100091416973580",
            "count": 0,
            "name": "Quynhh Anhh Trieu"
        },
        {
            "id": "100066466111271",
            "count": 0,
            "name": "Hải Đường"
        },
        {
            "id": "100082257966481",
            "count": 0,
            "name": "Cẩm Tiên"
        },
        {
            "id": "61561111810047",
            "count": 0,
            "name": "Khôi Nguyên"
        },
        {
            "id": "61558260236627",
            "count": 0,
            "name": "Cẩm Nguyễn"
        },
        {
            "id": "61562930847095",
            "count": 0,
            "name": "Lương Đại"
        },
        {
            "id": "61559775085714",
            "count": 0,
            "name": "Bảo Long"
        },
        {
            "id": "100043092286023",
            "count": 0,
            "name": "Dương Hoàng Tuấn Kiệt"
        },
        {
            "id": "100035418376462",
            "count": 0,
            "name": "Yến Linh"
        },
        {
            "id": "61563074246997",
            "count": 0,
            "name": "Phương Nhi"
        },
        {
            "id": "100082069068762",
            "count": 0,
            "name": "Ngọc Diệp"
        },
        {
            "id": "100064574814302",
            "count": 0,
            "name": "Ngô Văn Dươngg"
        },
        {
            "id": "100095031395800",
            "count": 0,
            "name": "Trà My"
        },
        {
            "id": "61557562102563",
            "count": 0,
            "name": "Anh Ngoc"
        },
        {
            "id": "61556582795766",
            "count": 0,
            "name": "Đức Nghĩa"
        },
        {
            "id": "100054136987889",
            "count": 0,
            "name": "Lê Doãn Đức"
        },
        {
            "id": "61552535231850",
            "count": 0,
            "name": "Nguyễn Thúy"
        },
        {
            "id": "100079594854223",
            "count": 0,
            "name": "Đinh Thanh Hương"
        },
        {
            "id": "100010108360188",
            "count": 0,
            "name": "Phạm Văn Dũng"
        },
        {
            "id": "100088844348903",
            "count": 0,
            "name": "Le Thii Linh"
        },
        {
            "id": "100041712917711",
            "count": 0,
            "name": "Nam Vũ"
        },
        {
            "id": "61557228026909",
            "count": 0,
            "name": "Nguyễn Trà My"
        },
        {
            "id": "100058940613760",
            "count": 0,
            "name": "Mai Tiến Đạt"
        },
        {
            "id": "61565597397579",
            "count": 0,
            "name": "Vũ Thị Khánh Linh"
        },
        {
            "id": "100085434772910",
            "count": 0,
            "name": "Nguyễn Lê Bảo Ngọc"
        },
        {
            "id": "100052023587943",
            "count": 0,
            "name": "Minh Khôi Trần Vũ"
        },
        {
            "id": "100067365730603",
            "count": 0,
            "name": "Lục Thiểm Phong"
        },
        {
            "id": "61561257936016",
            "count": 0,
            "name": "Nc Vinh"
        },
        {
            "id": "100060552881879",
            "count": 0,
            "name": "Nguyễn Lê Thành Đạt"
        },
        {
            "id": "100037575880378",
            "count": 0,
            "name": "Thanh Thân"
        },
        {
            "id": "100089668001617",
            "count": 0,
            "name": "Nguyễn Trần Tuyết Nhi"
        },
        {
            "id": "61564154982037",
            "count": 0,
            "name": "Dung Nguyen"
        },
        {
            "id": "61566951461859",
            "count": 0,
            "name": "Phước Kiên"
        },
        {
            "id": "100015560317430",
            "count": 0,
            "name": "Huy Nguyễn"
        },
        {
            "id": "100078353949343",
            "count": 0,
            "name": "Bé Heo Mới Lớn"
        },
        {
            "id": "100050511732431",
            "count": 0,
            "name": "Người dùng Facebook"
        },
        {
            "id": "100041477422616",
            "count": 0,
            "name": "Đinh Quy"
        },
        {
            "id": "100057425769722",
            "count": 0,
            "name": "Nguyễn Hữu Lĩnh"
        },
        {
            "id": "100091587710523",
            "count": 0,
            "name": "Trung Tran"
        },
        {
            "id": "100089704261277",
            "count": 0,
            "name": "Thảo Trân"
        },
        {
            "id": "61565594810730",
            "count": 0,
            "name": "Nguyễn Ngọc Khánh Duy"
        },
        {
            "id": "61565694687934",
            "count": 0,
            "name": "Phuong Thanh"
        },
        {
            "id": "100093304200035",
            "count": 0,
            "name": "Khang Thứ Hai"
        },
        {
            "id": "100074362784865",
            "count": 0,
            "name": "Ng Quynh Anh"
        },
        {
            "id": "61551872938998",
            "count": 0,
            "name": "Nguyễn Bảo"
        },
        {
            "id": "100024483139441",
            "count": 0,
            "name": "Thùy Dung"
        },
        {
            "id": "100025896471327",
            "count": 0,
            "name": "Bình Hụ"
        },
        {
            "id": "61565957050206",
            "count": 0,
            "name": "Táo Pé"
        },
        {
            "id": "100092359524241",
            "count": 0,
            "name": "Vũ Tùng Dương"
        },
        {
            "id": "61560190157674",
            "count": 0,
            "name": "Hoài Thanh"
        },
        {
            "id": "61566863877262",
            "count": 0,
            "name": "Hng Nhung"
        },
        {
            "id": "100027415620756",
            "count": 0,
            "name": "Yếnn Như"
        },
        {
            "id": "100090241222243",
            "count": 0,
            "name": "Cth YNhi"
        },
        {
            "id": "61555428134200",
            "count": 0,
            "name": "Nguyễn Thúy Vi"
        },
        {
            "id": "100073268928818",
            "count": 0,
            "name": "Nguyen The Anh"
        },
        {
            "id": "61566160665383",
            "count": 0,
            "name": "Ngọc Trang"
        },
        {
            "id": "100069604721193",
            "count": 0,
            "name": "Thịi Bốngg"
        },
        {
            "id": "100075794742402",
            "count": 0,
            "name": "Đinh Sơn"
        },
        {
            "id": "100050837902246",
            "count": 0,
            "name": "Huy Đặng"
        },
        {
            "id": "100040375445053",
            "count": 0,
            "name": "Cao Quoc Cuong"
        },
        {
            "id": "100026097667296",
            "count": 0,
            "name": "Mason Seo"
        },
        {
            "id": "61566445373235",
            "count": 0,
            "name": "Tran Thi Ha Linh"
        },
        {
            "id": "100094707255584",
            "count": 0,
            "name": "Phươngg Linhh"
        },
        {
            "id": "100080903714143",
            "count": 0,
            "name": "PgGia. Bảo"
        },
        {
            "id": "61567427222111",
            "count": 0,
            "name": "Thắng Nguyễn"
        },
        {
            "id": "100078395919861",
            "count": 0,
            "name": "Gia Huyy"
        },
        {
            "id": "100082277227608",
            "count": 0,
            "name": "Pham Thi Phuong Anhh"
        },
        {
            "id": "100035610024070",
            "count": 0,
            "name": "Hàn Đan"
        },
        {
            "id": "100058079323719",
            "count": 0,
            "name": "Duong The Duy"
        },
        {
            "id": "100056886454482",
            "count": 0,
            "name": "Minh Quân"
        },
        {
            "id": "100093060807758",
            "count": 0,
            "name": "Văn Quân"
        },
        {
            "id": "61554330694955",
            "count": 0,
            "name": "Trọng Hoàng"
        },
        {
            "id": "61565577715509",
            "count": 0,
            "name": "Phan Trung"
        },
        {
            "id": "61567127115535",
            "count": 0,
            "name": "Mẫn Nhi"
        },
        {
            "id": "678140944",
            "count": 0,
            "name": "Hoàng Minh"
        },
        {
            "id": "100087561481558",
            "count": 0,
            "name": "Lê Quốc Khánh"
        },
        {
            "id": "61567068818656",
            "count": 0,
            "name": "Meo Meo Meo"
        },
        {
            "id": "61566492050885",
            "count": 0,
            "name": "Hà Nhi"
        },
        {
            "id": "61553399193860",
            "count": 0,
            "name": "Hạnh Hạnh"
        },
        {
            "id": "100089384332510",
            "count": 0,
            "name": "Trưởng Idol Đây"
        },
        {
            "id": "100010624279149",
            "count": 0,
            "name": "Vũ Thanh Tùng"
        },
        {
            "id": "100028967929557",
            "count": 0,
            "name": "Đỗ Ngọc"
        },
        {
            "id": "100064996370774",
            "count": 0,
            "name": "Hoàng Thành"
        },
        {
            "id": "100088113046469",
            "count": 0,
            "name": "Duy Hiệp"
        },
        {
            "id": "100085095429652",
            "count": 0,
            "name": "Trần Dương"
        },
        {
            "id": "100091898627595",
            "count": 0,
            "name": "VT Khánh An"
        },
        {
            "id": "100074259314942",
            "count": 0,
            "name": "Minh Lộc"
        },
        {
            "id": "100081002916058",
            "count": 0,
            "name": "Tam Le"
        },
        {
            "id": "100032871030369",
            "count": 0,
            "name": "Lý Quốc Sơn"
        },
        {
            "id": "100065461351030",
            "count": 0,
            "name": "Trọng Hoàng"
        },
        {
            "id": "100077708022705",
            "count": 0,
            "name": "Love Gokana"
        },
        {
            "id": "61557057097272",
            "count": 0,
            "name": "Cáo Con"
        },
        {
            "id": "100082818491404",
            "count": 0,
            "name": "Quang Tran"
        },
        {
            "id": "61558236624447",
            "count": 0,
            "name": "Gai Xấu Gthuơng Nhớ"
        },
        {
            "id": "100091657369137",
            "count": 0,
            "name": "Mai Hươngg"
        },
        {
            "id": "100095436223784",
            "count": 0,
            "name": "Minh Huyền"
        },
        {
            "id": "100090962673891",
            "count": 0,
            "name": "Mai Huyền Trang"
        },
        {
            "id": "61555963889725",
            "count": 0,
            "name": "Bao Nam"
        },
        {
            "id": "100016108987339",
            "count": 0,
            "name": "Cậu Bé Da Ngăm"
        },
        {
            "id": "100056533127892",
            "count": 0,
            "name": "Hồng Như"
        },
        {
            "id": "100004179227515",
            "count": 0,
            "name": "Minh Nhật"
        },
        {
            "id": "100088787713416",
            "count": 0,
            "name": "Changg Ni Nguyễn"
        },
        {
            "id": "100030042038934",
            "count": 0,
            "name": "Bích Ngọc"
        },
        {
            "id": "100072271046612",
            "count": 0,
            "name": "Huyen Anh"
        },
        {
            "id": "61566843844895",
            "count": 0,
            "name": "Bi Max"
        },
        {
            "id": "61555615124364",
            "count": 0,
            "name": "Minhh Huệ"
        },
        {
            "id": "100071634047734",
            "count": 0,
            "name": "Trương Kiều Trang"
        },
        {
            "id": "100083131735765",
            "count": 0,
            "name": "Hoàng Kimm"
        },
        {
            "id": "61550912047694",
            "count": 0,
            "name": "Linh Anh"
        },
        {
            "id": "100090050627398",
            "count": 0,
            "name": "Hồ Huỳnh Hoa"
        },
        {
            "id": "61566826751267",
            "count": 0,
            "name": "Tùng Thanh"
        },
        {
            "id": "61564522536494",
            "count": 0,
            "name": "Người dùng facebook"
        },
        {
            "id": "100041749622195",
            "count": 0,
            "name": "Người dùng facebook"
        },
        {
            "id": "100060009677092",
            "count": 0,
            "name": "Người dùng facebook"
        },
        {
            "id": "100064293609532",
            "count": 0,
            "name": "Người dùng facebook"
        },
        {
            "id": "100087765941550",
            "count": 0,
            "name": "Người dùng facebook"
        },
        {
            "id": "100084916545467",
            "count": 0,
            "name": "Người dùng facebook"
        },
        {
            "id": "100091750270503",
            "count": 0,
            "name": "Quỳnh Châu"
        },
        {
            "id": "100071907528464",
            "count": 0,
            "name": "Người dùng facebook"
        },
        {
            "id": "100015797595568",
            "count": 0,
            "name": "Người dùng facebook"
        },
        {
            "id": "61564511066843",
            "count": 0,
            "name": "Người dùng facebook"
        },
        {
            "id": "100026690652924",
            "count": 0,
            "name": "Người dùng facebook"
        },
        {
            "id": "100075216708870",
            "count": 0,
            "name": "Người dùng facebook"
        },
        {
            "id": "100084445372141",
            "count": 0,
            "name": "Người dùng facebook"
        },
        {
            "id": "100022501133629",
            "count": 0,
            "name": "Người dùng facebook"
        },
        {
            "id": "100052348680271",
            "count": 0,
            "name": "Người dùng facebook"
        },
        {
            "id": "100081935858857",
            "count": 0,
            "name": "Nguyễn Vân Sơn"
        },
        {
            "id": "100029727313061",
            "count": 0,
            "name": "Người dùng facebook"
        },
        {
            "id": "100091647872312",
            "count": 0,
            "name": "Người dùng facebook"
        },
        {
            "id": "100087630167770",
            "count": 0,
            "name": "Người dùng facebook"
        },
        {
            "id": "100084515973802",
            "count": 0,
            "name": "Bảoo Ngọc"
        },
        {
            "id": "61559150762558",
            "count": 0,
            "name": "Người dùng facebook"
        },
        {
            "id": "100031720790029",
            "count": 0,
            "name": "Hoàng Hạnh"
        },
        {
            "id": "100013860674938",
            "count": 0,
            "name": "Người dùng facebook"
        },
        {
            "id": "100031433319575",
            "count": 0,
            "name": "Người dùng facebook"
        },
        {
            "id": "61563346365149",
            "count": 0,
            "name": "Xuân Quỳnh"
        },
        {
            "id": "100040148394283",
            "count": 0,
            "name": "Người dùng facebook"
        },
        {
            "id": "100028607117943",
            "count": 0,
            "name": "Trần Cảnh Tiên"
        },
        {
            "id": "100006916983448",
            "count": 0,
            "name": "Người dùng facebook"
        },
        {
            "id": "100052012392433",
            "count": 0,
            "name": "Người dùng facebook"
        },
        {
            "id": "100023354556481",
            "count": 0,
            "name": "Người dùng facebook"
        },
        {
            "id": "100025603627219",
            "count": 0,
            "name": "Sống Ẩn"
        },
        {
            "id": "100094688717713",
            "count": 0,
            "name": "𝑵𝒈𝒖𝒚𝒆𝒏 𝑻𝒂𝒏 𝑫𝒂𝒕"
        },
        {
            "id": "100016252328963",
            "count": 0,
            "name": "Người dùng facebook"
        },
        {
            "id": "100086161143185",
            "count": 0,
            "name": "Người dùng facebook"
        },
        {
            "id": "61559780565167",
            "count": 0,
            "name": "Ly Ly"
        }
    ],
    "time": 6,
    "last": {
        "time": 0,
        "day": [
            {
                "id": "100088265816400",
                "count": 0
            },
            {
                "id": "100080464595933",
                "count": 0
            },
            {
                "id": "100048922727616",
                "count": 0
            },
            {
                "id": "61552176620762",
                "count": 0
            },
            {
                "id": "100091416973580",
                "count": 0
            },
            {
                "id": "100066466111271",
                "count": 0
            },
            {
                "id": "100082257966481",
                "count": 0
            },
            {
                "id": "61561111810047",
                "count": 0
            },
            {
                "id": "61558260236627",
                "count": 0
            },
            {
                "id": "61562930847095",
                "count": 0
            },
            {
                "id": "61559775085714",
                "count": 0
            },
            {
                "id": "100043092286023",
                "count": 0
            },
            {
                "id": "100035418376462",
                "count": 0
            },
            {
                "id": "61563074246997",
                "count": 0
            },
            {
                "id": "100082069068762",
                "count": 0
            },
            {
                "id": "100064574814302",
                "count": 0
            },
            {
                "id": "100095031395800",
                "count": 0
            },
            {
                "id": "100073974939184",
                "count": 0
            },
            {
                "id": "61557562102563",
                "count": 0
            },
            {
                "id": "61556582795766",
                "count": 0
            },
            {
                "id": "100054136987889",
                "count": 0
            },
            {
                "id": "61552535231850",
                "count": 0
            },
            {
                "id": "100079594854223",
                "count": 0
            },
            {
                "id": "100010108360188",
                "count": 0
            },
            {
                "id": "100088844348903",
                "count": 0
            },
            {
                "id": "100041712917711",
                "count": 0
            },
            {
                "id": "61557228026909",
                "count": 0
            },
            {
                "id": "100058940613760",
                "count": 0
            },
            {
                "id": "61565597397579",
                "count": 0
            },
            {
                "id": "100081935858857",
                "count": 0
            },
            {
                "id": "100085434772910",
                "count": 0
            },
            {
                "id": "100052023587943",
                "count": 0
            },
            {
                "id": "100067365730603",
                "count": 0
            },
            {
                "id": "61561257936016",
                "count": 0
            },
            {
                "id": "100060552881879",
                "count": 0
            },
            {
                "id": "100037575880378",
                "count": 0
            },
            {
                "id": "100089668001617",
                "count": 0
            },
            {
                "id": "61564154982037",
                "count": 0
            },
            {
                "id": "61566951461859",
                "count": 0
            },
            {
                "id": "100015560317430",
                "count": 0
            },
            {
                "id": "100078353949343",
                "count": 0
            },
            {
                "id": "100050511732431",
                "count": 0
            },
            {
                "id": "100041477422616",
                "count": 0
            },
            {
                "id": "100057425769722",
                "count": 0
            },
            {
                "id": "100091587710523",
                "count": 0
            },
            {
                "id": "100089704261277",
                "count": 0
            },
            {
                "id": "61565594810730",
                "count": 0
            },
            {
                "id": "61565694687934",
                "count": 0
            },
            {
                "id": "100093304200035",
                "count": 0
            },
            {
                "id": "100040000340764",
                "count": 0
            },
            {
                "id": "100074362784865",
                "count": 0
            },
            {
                "id": "61551872938998",
                "count": 0
            },
            {
                "id": "100024483139441",
                "count": 0
            },
            {
                "id": "100025896471327",
                "count": 0
            },
            {
                "id": "61565957050206",
                "count": 0
            },
            {
                "id": "100092359524241",
                "count": 0
            },
            {
                "id": "61560190157674",
                "count": 0
            },
            {
                "id": "61566863877262",
                "count": 0
            },
            {
                "id": "100027415620756",
                "count": 0
            },
            {
                "id": "100090241222243",
                "count": 0
            },
            {
                "id": "61555428134200",
                "count": 0
            },
            {
                "id": "100073268928818",
                "count": 0
            },
            {
                "id": "61566160665383",
                "count": 0
            },
            {
                "id": "100069604721193",
                "count": 0
            },
            {
                "id": "100075794742402",
                "count": 0
            },
            {
                "id": "100050837902246",
                "count": 0
            },
            {
                "id": "100040375445053",
                "count": 0
            },
            {
                "id": "100026097667296",
                "count": 0
            },
            {
                "id": "61566445373235",
                "count": 0
            },
            {
                "id": "100094707255584",
                "count": 0
            },
            {
                "id": "100080903714143",
                "count": 0
            },
            {
                "id": "100066347172753",
                "count": 0
            },
            {
                "id": "61567427222111",
                "count": 0
            },
            {
                "id": "100078395919861",
                "count": 0
            },
            {
                "id": "100082277227608",
                "count": 0
            },
            {
                "id": "100035610024070",
                "count": 0
            },
            {
                "id": "100058079323719",
                "count": 0
            },
            {
                "id": "100056886454482",
                "count": 0
            },
            {
                "id": "100093060807758",
                "count": 0
            },
            {
                "id": "61554330694955",
                "count": 0
            },
            {
                "id": "100081638594052",
                "count": 0
            },
            {
                "id": "61565577715509",
                "count": 0
            },
            {
                "id": "61567127115535",
                "count": 0
            },
            {
                "id": "678140944",
                "count": 0
            },
            {
                "id": "100087561481558",
                "count": 0
            },
            {
                "id": "100045569497803",
                "count": 0
            },
            {
                "id": "61567068818656",
                "count": 0
            },
            {
                "id": "61566492050885",
                "count": 0
            },
            {
                "id": "61553399193860",
                "count": 0
            },
            {
                "id": "100089384332510",
                "count": 0
            },
            {
                "id": "100087270855553",
                "count": 0
            },
            {
                "id": "100035367210381",
                "count": 0
            },
            {
                "id": "100010624279149",
                "count": 0
            },
            {
                "id": "100028967929557",
                "count": 0
            },
            {
                "id": "100089071548508",
                "count": 0
            },
            {
                "id": "100064996370774",
                "count": 0
            },
            {
                "id": "100088113046469",
                "count": 0
            },
            {
                "id": "100065651594150",
                "count": 0
            },
            {
                "id": "100085095429652",
                "count": 0
            },
            {
                "id": "61560286414056",
                "count": 0
            },
            {
                "id": "100005698475660",
                "count": 0
            },
            {
                "id": "100091898627595",
                "count": 0
            },
            {
                "id": "100074259314942",
                "count": 0
            },
            {
                "id": "100081002916058",
                "count": 0
            },
            {
                "id": "100032871030369",
                "count": 0
            },
            {
                "id": "100065461351030",
                "count": 0
            },
            {
                "id": "100077708022705",
                "count": 0
            },
            {
                "id": "61555926521643",
                "count": 0
            },
            {
                "id": "61557057097272",
                "count": 0
            },
            {
                "id": "100082818491404",
                "count": 0
            },
            {
                "id": "100064762494368",
                "count": 0
            },
            {
                "id": "61558236624447",
                "count": 0
            },
            {
                "id": "100091657369137",
                "count": 0
            },
            {
                "id": "100095436223784",
                "count": 0
            },
            {
                "id": "61552354802349",
                "count": 0
            },
            {
                "id": "100090962673891",
                "count": 0
            },
            {
                "id": "61555963889725",
                "count": 0
            },
            {
                "id": "100087216807848",
                "count": 0
            },
            {
                "id": "100001840235010",
                "count": 0
            },
            {
                "id": "100016108987339",
                "count": 0
            },
            {
                "id": "100056533127892",
                "count": 0
            },
            {
                "id": "100004179227515",
                "count": 0
            },
            {
                "id": "100088787713416",
                "count": 0
            },
            {
                "id": "100030042038934",
                "count": 0
            },
            {
                "id": "100065120366868",
                "count": 0
            },
            {
                "id": "100084745765756",
                "count": 0
            },
            {
                "id": "100072271046612",
                "count": 0
            },
            {
                "id": "61566843844895",
                "count": 0
            },
            {
                "id": "61555615124364",
                "count": 0
            },
            {
                "id": "100071634047734",
                "count": 0
            },
            {
                "id": "100083131735765",
                "count": 0
            },
            {
                "id": "100076207038974",
                "count": 0
            },
            {
                "id": "61559079650241",
                "count": 0
            },
            {
                "id": "61550912047694",
                "count": 0
            },
            {
                "id": "100090050627398",
                "count": 0
            },
            {
                "id": "61566826751267",
                "count": 0
            },
            {
                "id": "61564522536494",
                "count": 0
            },
            {
                "id": "100041749622195",
                "count": 0
            },
            {
                "id": "100060009677092",
                "count": 0
            },
            {
                "id": "100064293609532",
                "count": 0
            },
            {
                "id": "100087765941550",
                "count": 0
            },
            {
                "id": "100084916545467",
                "count": 0
            },
            {
                "id": "100091750270503",
                "count": 0
            },
            {
                "id": "100071907528464",
                "count": 0
            },
            {
                "id": "100015797595568",
                "count": 0
            },
            {
                "id": "61564511066843",
                "count": 0
            },
            {
                "id": "100026690652924",
                "count": 0
            },
            {
                "id": "100075216708870",
                "count": 0
            },
            {
                "id": "100084445372141",
                "count": 0
            },
            {
                "id": "100022501133629",
                "count": 0
            },
            {
                "id": "100052348680271",
                "count": 0
            },
            {
                "id": "100029727313061",
                "count": 0
            },
            {
                "id": "100091647872312",
                "count": 0
            },
            {
                "id": "100087630167770",
                "count": 0
            },
            {
                "id": "100084515973802",
                "count": 0
            },
            {
                "id": "61559150762558",
                "count": 0
            },
            {
                "id": "100031720790029",
                "count": 0
            },
            {
                "id": "100013860674938",
                "count": 0
            },
            {
                "id": "100031433319575",
                "count": 0
            },
            {
                "id": "61563346365149",
                "count": 0
            },
            {
                "id": "100040148394283",
                "count": 0
            },
            {
                "id": "100028607117943",
                "count": 0
            },
            {
                "id": "100006916983448",
                "count": 0
            },
            {
                "id": "100052012392433",
                "count": 0
            },
            {
                "id": "100023354556481",
                "count": 0
            },
            {
                "id": "100025603627219",
                "count": 0
            },
            {
                "id": "100094688717713",
                "count": 0
            },
            {
                "id": "100016252328963",
                "count": 0
            },
            {
                "id": "100086161143185",
                "count": 0
            },
            {
                "id": "61559780565167",
                "count": 0
            }
        ],
        "week": [
            {
                "id": "100088265816400",
                "count": 0
            },
            {
                "id": "100080464595933",
                "count": 0
            },
            {
                "id": "100048922727616",
                "count": 0
            },
            {
                "id": "61552176620762",
                "count": 0
            },
            {
                "id": "100091416973580",
                "count": 0
            },
            {
                "id": "100066466111271",
                "count": 0
            },
            {
                "id": "100082257966481",
                "count": 0
            },
            {
                "id": "61561111810047",
                "count": 0
            },
            {
                "id": "61558260236627",
                "count": 0
            },
            {
                "id": "61562930847095",
                "count": 0
            },
            {
                "id": "61559775085714",
                "count": 0
            },
            {
                "id": "100043092286023",
                "count": 0
            },
            {
                "id": "100035418376462",
                "count": 0
            },
            {
                "id": "61563074246997",
                "count": 0
            },
            {
                "id": "100082069068762",
                "count": 0
            },
            {
                "id": "100064574814302",
                "count": 0
            },
            {
                "id": "100095031395800",
                "count": 0
            },
            {
                "id": "100073974939184",
                "count": 0
            },
            {
                "id": "61557562102563",
                "count": 0
            },
            {
                "id": "61556582795766",
                "count": 0
            },
            {
                "id": "100054136987889",
                "count": 0
            },
            {
                "id": "61552535231850",
                "count": 0
            },
            {
                "id": "100079594854223",
                "count": 0
            },
            {
                "id": "100010108360188",
                "count": 0
            },
            {
                "id": "100088844348903",
                "count": 0
            },
            {
                "id": "100041712917711",
                "count": 0
            },
            {
                "id": "61557228026909",
                "count": 0
            },
            {
                "id": "100058940613760",
                "count": 0
            },
            {
                "id": "61565597397579",
                "count": 0
            },
            {
                "id": "100081935858857",
                "count": 0
            },
            {
                "id": "100085434772910",
                "count": 0
            },
            {
                "id": "100052023587943",
                "count": 0
            },
            {
                "id": "100067365730603",
                "count": 0
            },
            {
                "id": "61561257936016",
                "count": 0
            },
            {
                "id": "100060552881879",
                "count": 0
            },
            {
                "id": "100037575880378",
                "count": 0
            },
            {
                "id": "100089668001617",
                "count": 0
            },
            {
                "id": "61564154982037",
                "count": 0
            },
            {
                "id": "61566951461859",
                "count": 0
            },
            {
                "id": "100015560317430",
                "count": 0
            },
            {
                "id": "100078353949343",
                "count": 0
            },
            {
                "id": "100050511732431",
                "count": 0
            },
            {
                "id": "100041477422616",
                "count": 0
            },
            {
                "id": "100057425769722",
                "count": 0
            },
            {
                "id": "100091587710523",
                "count": 0
            },
            {
                "id": "100089704261277",
                "count": 0
            },
            {
                "id": "61565594810730",
                "count": 0
            },
            {
                "id": "61565694687934",
                "count": 0
            },
            {
                "id": "100093304200035",
                "count": 0
            },
            {
                "id": "100040000340764",
                "count": 0
            },
            {
                "id": "100074362784865",
                "count": 0
            },
            {
                "id": "61551872938998",
                "count": 0
            },
            {
                "id": "100024483139441",
                "count": 0
            },
            {
                "id": "100025896471327",
                "count": 0
            },
            {
                "id": "61565957050206",
                "count": 0
            },
            {
                "id": "100092359524241",
                "count": 0
            },
            {
                "id": "61560190157674",
                "count": 0
            },
            {
                "id": "61566863877262",
                "count": 0
            },
            {
                "id": "100027415620756",
                "count": 0
            },
            {
                "id": "100090241222243",
                "count": 0
            },
            {
                "id": "61555428134200",
                "count": 0
            },
            {
                "id": "100073268928818",
                "count": 0
            },
            {
                "id": "61566160665383",
                "count": 0
            },
            {
                "id": "100069604721193",
                "count": 0
            },
            {
                "id": "100075794742402",
                "count": 0
            },
            {
                "id": "100050837902246",
                "count": 0
            },
            {
                "id": "100040375445053",
                "count": 0
            },
            {
                "id": "100026097667296",
                "count": 0
            },
            {
                "id": "61566445373235",
                "count": 0
            },
            {
                "id": "100094707255584",
                "count": 0
            },
            {
                "id": "100080903714143",
                "count": 0
            },
            {
                "id": "100066347172753",
                "count": 0
            },
            {
                "id": "61567427222111",
                "count": 0
            },
            {
                "id": "100078395919861",
                "count": 0
            },
            {
                "id": "100082277227608",
                "count": 0
            },
            {
                "id": "100035610024070",
                "count": 0
            },
            {
                "id": "100058079323719",
                "count": 0
            },
            {
                "id": "100056886454482",
                "count": 0
            },
            {
                "id": "100093060807758",
                "count": 0
            },
            {
                "id": "61554330694955",
                "count": 0
            },
            {
                "id": "100081638594052",
                "count": 0
            },
            {
                "id": "61565577715509",
                "count": 0
            },
            {
                "id": "61567127115535",
                "count": 0
            },
            {
                "id": "678140944",
                "count": 0
            },
            {
                "id": "100087561481558",
                "count": 0
            },
            {
                "id": "100045569497803",
                "count": 0
            },
            {
                "id": "61567068818656",
                "count": 0
            },
            {
                "id": "61566492050885",
                "count": 0
            },
            {
                "id": "61553399193860",
                "count": 0
            },
            {
                "id": "100089384332510",
                "count": 0
            },
            {
                "id": "100087270855553",
                "count": 0
            },
            {
                "id": "100035367210381",
                "count": 0
            },
            {
                "id": "100010624279149",
                "count": 0
            },
            {
                "id": "100028967929557",
                "count": 0
            },
            {
                "id": "100089071548508",
                "count": 0
            },
            {
                "id": "100064996370774",
                "count": 0
            },
            {
                "id": "100088113046469",
                "count": 0
            },
            {
                "id": "100065651594150",
                "count": 0
            },
            {
                "id": "100085095429652",
                "count": 0
            },
            {
                "id": "61560286414056",
                "count": 0
            },
            {
                "id": "100005698475660",
                "count": 0
            },
            {
                "id": "100091898627595",
                "count": 0
            },
            {
                "id": "100074259314942",
                "count": 0
            },
            {
                "id": "100081002916058",
                "count": 0
            },
            {
                "id": "100032871030369",
                "count": 0
            },
            {
                "id": "100065461351030",
                "count": 0
            },
            {
                "id": "100077708022705",
                "count": 0
            },
            {
                "id": "61555926521643",
                "count": 0
            },
            {
                "id": "61557057097272",
                "count": 0
            },
            {
                "id": "100082818491404",
                "count": 0
            },
            {
                "id": "100064762494368",
                "count": 0
            },
            {
                "id": "61558236624447",
                "count": 0
            },
            {
                "id": "100091657369137",
                "count": 0
            },
            {
                "id": "100095436223784",
                "count": 0
            },
            {
                "id": "61552354802349",
                "count": 0
            },
            {
                "id": "100090962673891",
                "count": 0
            },
            {
                "id": "61555963889725",
                "count": 0
            },
            {
                "id": "100087216807848",
                "count": 0
            },
            {
                "id": "100001840235010",
                "count": 0
            },
            {
                "id": "100016108987339",
                "count": 0
            },
            {
                "id": "100056533127892",
                "count": 0
            },
            {
                "id": "100004179227515",
                "count": 0
            },
            {
                "id": "100088787713416",
                "count": 0
            },
            {
                "id": "100030042038934",
                "count": 0
            },
            {
                "id": "100065120366868",
                "count": 0
            },
            {
                "id": "100084745765756",
                "count": 0
            },
            {
                "id": "100072271046612",
                "count": 0
            },
            {
                "id": "61566843844895",
                "count": 0
            },
            {
                "id": "61555615124364",
                "count": 0
            },
            {
                "id": "100071634047734",
                "count": 0
            },
            {
                "id": "100083131735765",
                "count": 0
            },
            {
                "id": "100076207038974",
                "count": 0
            },
            {
                "id": "61559079650241",
                "count": 0
            },
            {
                "id": "61550912047694",
                "count": 0
            },
            {
                "id": "100090050627398",
                "count": 0
            },
            {
                "id": "61566826751267",
                "count": 0
            },
            {
                "id": "61564522536494",
                "count": 0
            },
            {
                "id": "100041749622195",
                "count": 0
            },
            {
                "id": "100060009677092",
                "count": 0
            },
            {
                "id": "100064293609532",
                "count": 0
            },
            {
                "id": "100087765941550",
                "count": 0
            },
            {
                "id": "100084916545467",
                "count": 0
            },
            {
                "id": "100091750270503",
                "count": 0
            },
            {
                "id": "100071907528464",
                "count": 0
            },
            {
                "id": "100015797595568",
                "count": 0
            },
            {
                "id": "61564511066843",
                "count": 0
            },
            {
                "id": "100026690652924",
                "count": 0
            },
            {
                "id": "100075216708870",
                "count": 0
            },
            {
                "id": "100084445372141",
                "count": 0
            },
            {
                "id": "100022501133629",
                "count": 0
            },
            {
                "id": "100052348680271",
                "count": 0
            },
            {
                "id": "100029727313061",
                "count": 0
            },
            {
                "id": "100091647872312",
                "count": 0
            },
            {
                "id": "100087630167770",
                "count": 0
            },
            {
                "id": "100084515973802",
                "count": 0
            },
            {
                "id": "61559150762558",
                "count": 0
            },
            {
                "id": "100031720790029",
                "count": 0
            },
            {
                "id": "100013860674938",
                "count": 0
            },
            {
                "id": "100031433319575",
                "count": 0
            },
            {
                "id": "61563346365149",
                "count": 0
            },
            {
                "id": "100040148394283",
                "count": 0
            },
            {
                "id": "100028607117943",
                "count": 0
            },
            {
                "id": "100006916983448",
                "count": 0
            },
            {
                "id": "100052012392433",
                "count": 0
            },
            {
                "id": "100023354556481",
                "count": 0
            },
            {
                "id": "100025603627219",
                "count": 0
            },
            {
                "id": "100094688717713",
                "count": 0
            },
            {
                "id": "100016252328963",
                "count": 0
            },
            {
                "id": "100086161143185",
                "count": 0
            },
            {
                "id": "61559780565167",
                "count": 0
            }
        ]
    }
}