{
    "total": [
        {
            "id": "100009375397776",
            "count": 12
        },
        {
            "id": "100084141240770",
            "count": 0
        },
        {
            "id": "61551376611875",
            "count": 0
        },
        {
            "id": "100091558118842",
            "count": 0
        },
        {
            "id": "100093529070969",
            "count": 0
        },
        {
            "id": "61561564963689",
            "count": 0
        },
        {
            "id": "61557873478408",
            "count": 0
        },
        {
            "id": "100089357435357",
            "count": 0
        },
        {
            "id": "100070840539904",
            "count": 0
        },
        {
            "id": "61556751931141",
            "count": 0
        },
        {
            "id": "100093065062210",
            "count": 0
        },
        {
            "id": "61564643799773",
            "count": 0
        },
        {
            "id": "61550562780038",
            "count": 0
        },
        {
            "id": "100087543770514",
            "count": 0
        },
        {
            "id": "61551818767503",
            "count": 0
        },
        {
            "id": "100093954204003",
            "count": 0
        },
        {
            "id": "61550829056298",
            "count": 6
        },
        {
            "id": "100053704236888",
            "count": 0
        },
        {
            "id": "100070015411116",
            "count": 32
        },
        {
            "id": "100071602124778",
            "count": 4
        },
        {
            "id": "61553870854913",
            "count": 0
        },
        {
            "id": "61554708251277",
            "count": 0
        },
        {
            "id": "100057646001203",
            "count": 6
        },
        {
            "id": "100085036773699",
            "count": 9
        },
        {
            "id": "61560276023600",
            "count": 0
        },
        {
            "id": "100087128565622",
            "count": 0
        },
        {
            "id": "100091814060437",
            "count": 0
        },
        {
            "id": "100084330064485",
            "count": 0
        },
        {
            "id": "61558117404405",
            "count": 0
        },
        {
            "id": "100051193544470",
            "count": 38
        },
        {
            "id": "100087117984044",
            "count": 0
        },
        {
            "id": "100073646550220",
            "count": 0
        },
        {
            "id": "100054205152899",
            "count": 0
        },
        {
            "id": "100057035040575",
            "count": 0
        },
        {
            "id": "61567462676696",
            "count": 0
        },
        {
            "id": "100068256963476",
            "count": 0
        },
        {
            "id": "100089346207185",
            "count": 0
        },
        {
            "id": "100076627609870",
            "count": 0
        },
        {
            "id": "100035387603689",
            "count": 0
        },
        {
            "id": "100077018405888",
            "count": 0
        },
        {
            "id": "100088131983405",
            "count": 48
        },
        {
            "id": "61552840964007",
            "count": 4
        },
        {
            "id": "100034494681346",
            "count": 0
        },
        {
            "id": "100091614011979",
            "count": 0
        }
    ],
    "week": [
        {
            "id": "100009375397776",
            "count": 0,
            "name": "Vũ Tuấn Minh"
        },
        {
            "id": "100084141240770",
            "count": 0,
            "name": "Nhi Vũ"
        },
        {
            "id": "61551376611875",
            "count": 0,
            "name": "Nguyễn Văn Tấn Dũng"
        },
        {
            "id": "100091558118842",
            "count": 0,
            "name": "Ngg Văn Hiếu"
        },
        {
            "id": "100093529070969",
            "count": 0,
            "name": "Nguyễn Hoàng Thảo Nguyên"
        },
        {
            "id": "61561564963689",
            "count": 0,
            "name": "Cương Xuân"
        },
        {
            "id": "61557873478408",
            "count": 0,
            "name": "Nguyễn Naomi"
        },
        {
            "id": "100089357435357",
            "count": 0,
            "name": "NgHoangg NhUyenn"
        },
        {
            "id": "100070840539904",
            "count": 0,
            "name": "️️️️️️️️️️️️️️️️️️️️️️️️️️️️️️️️️️️️️️️️️️️️️️️️️️️️️️️️️️️️️️️️️️️️️️️️️️️️️️️️️️️️️️️️️️️️️️️️️️️️️️️️️️️️️️️️️️️️️️️️️️️️️️️️️️️️️️️️️️️️️️️️️️️️️️️️️️️️️️️️️️️️️️️️️️"
        },
        {
            "id": "61556751931141",
            "count": 0,
            "name": "Ah Dương"
        },
        {
            "id": "100093065062210",
            "count": 0,
            "name": "Đại Phát"
        },
        {
            "id": "61564643799773",
            "count": 0,
            "name": "Triệu Huyền"
        },
        {
            "id": "61550562780038",
            "count": 0,
            "name": "San Hoàng"
        },
        {
            "id": "100087543770514",
            "count": 0,
            "name": "Hứa Tram Anh"
        },
        {
            "id": "61551818767503",
            "count": 0,
            "name": "Đỗ An Khánh"
        },
        {
            "id": "100093954204003",
            "count": 0,
            "name": "Giang Nguyễn"
        },
        {
            "id": "61550829056298",
            "count": 0,
            "name": "Hồngg Nhungg"
        },
        {
            "id": "100053704236888",
            "count": 0,
            "name": "Bé Pump"
        },
        {
            "id": "100070015411116",
            "count": 0,
            "name": "Thanh Thý"
        },
        {
            "id": "100071602124778",
            "count": 0,
            "name": "Phạm Đỗ Yến Nhi"
        },
        {
            "id": "61553870854913",
            "count": 0,
            "name": "Ngoc Hann"
        },
        {
            "id": "61554708251277",
            "count": 0,
            "name": "Nguyễn Quang Nhựt"
        },
        {
            "id": "100057646001203",
            "count": 0,
            "name": "Araw Nguywn"
        },
        {
            "id": "100085036773699",
            "count": 0,
            "name": "Ng Q Thien"
        },
        {
            "id": "61560276023600",
            "count": 0,
            "name": "Đăng Khoa"
        },
        {
            "id": "100087128565622",
            "count": 0,
            "name": "Tiềncóthểmất Còn Emthìkhông"
        },
        {
            "id": "100091814060437",
            "count": 0,
            "name": "My Sói"
        },
        {
            "id": "100084330064485",
            "count": 0,
            "name": "Yelan Subedar"
        },
        {
            "id": "61558117404405",
            "count": 0,
            "name": "Vu Dinh"
        },
        {
            "id": "100051193544470",
            "count": 0,
            "name": "Bảo Trân"
        },
        {
            "id": "100087117984044",
            "count": 0,
            "name": "Munn Em"
        },
        {
            "id": "100073646550220",
            "count": 0,
            "name": "Trần Tính"
        },
        {
            "id": "100054205152899",
            "count": 0,
            "name": "Lê Huỳnh Ngọc Hân"
        },
        {
            "id": "100057035040575",
            "count": 0,
            "name": "Huỳnh Khoa"
        },
        {
            "id": "61567462676696",
            "count": 0,
            "name": "Lê Nguyễn Thục Đoan"
        },
        {
            "id": "100068256963476",
            "count": 0,
            "name": "Nguyễn Duy Mạnh"
        },
        {
            "id": "100089346207185",
            "count": 0,
            "name": "Đặng Chy"
        },
        {
            "id": "100076627609870",
            "count": 0,
            "name": "Mie Nguyen"
        },
        {
            "id": "100035387603689",
            "count": 0,
            "name": "Vũ Phương Thuỳ"
        },
        {
            "id": "100077018405888",
            "count": 0,
            "name": "Người dùng Facebook"
        },
        {
            "id": "100088131983405",
            "count": 0,
            "name": "Trúc Linh"
        },
        {
            "id": "61552840964007",
            "count": 0,
            "name": "Giaa Bảo"
        },
        {
            "id": "100034494681346",
            "count": 0,
            "name": "Đinh Kim"
        },
        {
            "id": "100091614011979",
            "count": 0,
            "name": "Tườngg Vy"
        }
    ],
    "day": [
        {
            "id": "100009375397776",
            "count": 0,
            "name": "Vũ Tuấn Minh"
        },
        {
            "id": "100084141240770",
            "count": 0,
            "name": "Nhi Vũ"
        },
        {
            "id": "61551376611875",
            "count": 0,
            "name": "Nguyễn Văn Tấn Dũng"
        },
        {
            "id": "100091558118842",
            "count": 0,
            "name": "Ngg Văn Hiếu"
        },
        {
            "id": "100093529070969",
            "count": 0,
            "name": "Nguyễn Hoàng Thảo Nguyên"
        },
        {
            "id": "61561564963689",
            "count": 0,
            "name": "Cương Xuân"
        },
        {
            "id": "61557873478408",
            "count": 0,
            "name": "Nguyễn Naomi"
        },
        {
            "id": "100089357435357",
            "count": 0,
            "name": "NgHoangg NhUyenn"
        },
        {
            "id": "100070840539904",
            "count": 0,
            "name": "️️️️️️️️️️️️️️️️️️️️️️️️️️️️️️️️️️️️️️️️️️️️️️️️️️️️️️️️️️️️️️️️️️️️️️️️️️️️️️️️️️️️️️️️️️️️️️️️️️️️️️️️️️️️️️️️️️️️️️️️️️️️️️️️️️️️️️️️️️️️️️️️️️️️️️️️️️️️️️️️️️️️️️️️️️"
        },
        {
            "id": "61556751931141",
            "count": 0,
            "name": "Ah Dương"
        },
        {
            "id": "100093065062210",
            "count": 0,
            "name": "Đại Phát"
        },
        {
            "id": "61564643799773",
            "count": 0,
            "name": "Triệu Huyền"
        },
        {
            "id": "61550562780038",
            "count": 0,
            "name": "San Hoàng"
        },
        {
            "id": "100087543770514",
            "count": 0,
            "name": "Hứa Tram Anh"
        },
        {
            "id": "61551818767503",
            "count": 0,
            "name": "Đỗ An Khánh"
        },
        {
            "id": "100093954204003",
            "count": 0,
            "name": "Giang Nguyễn"
        },
        {
            "id": "61550829056298",
            "count": 0,
            "name": "Hồngg Nhungg"
        },
        {
            "id": "100053704236888",
            "count": 0,
            "name": "Bé Pump"
        },
        {
            "id": "100070015411116",
            "count": 0,
            "name": "Thanh Thý"
        },
        {
            "id": "100071602124778",
            "count": 0,
            "name": "Phạm Đỗ Yến Nhi"
        },
        {
            "id": "61553870854913",
            "count": 0,
            "name": "Ngoc Hann"
        },
        {
            "id": "61554708251277",
            "count": 0,
            "name": "Nguyễn Quang Nhựt"
        },
        {
            "id": "100057646001203",
            "count": 0,
            "name": "Araw Nguywn"
        },
        {
            "id": "100085036773699",
            "count": 0,
            "name": "Ng Q Thien"
        },
        {
            "id": "61560276023600",
            "count": 0,
            "name": "Đăng Khoa"
        },
        {
            "id": "100087128565622",
            "count": 0,
            "name": "Tiềncóthểmất Còn Emthìkhông"
        },
        {
            "id": "100091814060437",
            "count": 0,
            "name": "My Sói"
        },
        {
            "id": "100084330064485",
            "count": 0,
            "name": "Yelan Subedar"
        },
        {
            "id": "61558117404405",
            "count": 0,
            "name": "Vu Dinh"
        },
        {
            "id": "100051193544470",
            "count": 0,
            "name": "Bảo Trân"
        },
        {
            "id": "100087117984044",
            "count": 0,
            "name": "Munn Em"
        },
        {
            "id": "100073646550220",
            "count": 0,
            "name": "Trần Tính"
        },
        {
            "id": "100054205152899",
            "count": 0,
            "name": "Lê Huỳnh Ngọc Hân"
        },
        {
            "id": "100057035040575",
            "count": 0,
            "name": "Huỳnh Khoa"
        },
        {
            "id": "61567462676696",
            "count": 0,
            "name": "Lê Nguyễn Thục Đoan"
        },
        {
            "id": "100068256963476",
            "count": 0,
            "name": "Nguyễn Duy Mạnh"
        },
        {
            "id": "100089346207185",
            "count": 0,
            "name": "Đặng Chy"
        },
        {
            "id": "100076627609870",
            "count": 0,
            "name": "Mie Nguyen"
        },
        {
            "id": "100035387603689",
            "count": 0,
            "name": "Vũ Phương Thuỳ"
        },
        {
            "id": "100077018405888",
            "count": 0,
            "name": "Cậu Ba"
        },
        {
            "id": "100088131983405",
            "count": 0,
            "name": "Trúc Linh"
        },
        {
            "id": "61552840964007",
            "count": 0,
            "name": "Giaa Bảo"
        },
        {
            "id": "100034494681346",
            "count": 0,
            "name": "Đinh Kim"
        },
        {
            "id": "100091614011979",
            "count": 0,
            "name": "Tườngg Vy"
        }
    ],
    "time": 6,
    "last": {
        "time": 5,
        "day": [
            {
                "id": "100009375397776",
                "count": 0
            },
            {
                "id": "100084141240770",
                "count": 0
            },
            {
                "id": "61551376611875",
                "count": 0
            },
            {
                "id": "100091558118842",
                "count": 0
            },
            {
                "id": "100093529070969",
                "count": 0
            },
            {
                "id": "61561564963689",
                "count": 0
            },
            {
                "id": "61557873478408",
                "count": 0
            },
            {
                "id": "100089357435357",
                "count": 0
            },
            {
                "id": "100070840539904",
                "count": 0
            },
            {
                "id": "61556751931141",
                "count": 0
            },
            {
                "id": "100093065062210",
                "count": 0
            },
            {
                "id": "61564643799773",
                "count": 0
            },
            {
                "id": "61550562780038",
                "count": 0
            },
            {
                "id": "100087543770514",
                "count": 0
            },
            {
                "id": "61551818767503",
                "count": 0
            },
            {
                "id": "100093954204003",
                "count": 0
            },
            {
                "id": "61550829056298",
                "count": 0
            },
            {
                "id": "100053704236888",
                "count": 0
            },
            {
                "id": "100070015411116",
                "count": 0
            },
            {
                "id": "100071602124778",
                "count": 0
            },
            {
                "id": "61553870854913",
                "count": 0
            },
            {
                "id": "61554708251277",
                "count": 0
            },
            {
                "id": "100057646001203",
                "count": 0
            },
            {
                "id": "100085036773699",
                "count": 0
            },
            {
                "id": "61560276023600",
                "count": 0
            },
            {
                "id": "100087128565622",
                "count": 0
            },
            {
                "id": "100091814060437",
                "count": 0
            },
            {
                "id": "100084330064485",
                "count": 0
            },
            {
                "id": "61558117404405",
                "count": 0
            },
            {
                "id": "100051193544470",
                "count": 0
            },
            {
                "id": "100087117984044",
                "count": 0
            },
            {
                "id": "100073646550220",
                "count": 0
            },
            {
                "id": "100054205152899",
                "count": 0
            },
            {
                "id": "100057035040575",
                "count": 0
            },
            {
                "id": "61567462676696",
                "count": 0
            },
            {
                "id": "100068256963476",
                "count": 0
            },
            {
                "id": "100089346207185",
                "count": 0
            },
            {
                "id": "100076627609870",
                "count": 0
            },
            {
                "id": "100035387603689",
                "count": 0
            },
            {
                "id": "100077018405888",
                "count": 0
            },
            {
                "id": "100088131983405",
                "count": 0
            },
            {
                "id": "61552840964007",
                "count": 0
            },
            {
                "id": "100034494681346",
                "count": 0
            },
            {
                "id": "100091614011979",
                "count": 0
            }
        ],
        "week": [
            {
                "id": "100009375397776",
                "count": 0
            },
            {
                "id": "100084141240770",
                "count": 0
            },
            {
                "id": "61551376611875",
                "count": 0
            },
            {
                "id": "100091558118842",
                "count": 0
            },
            {
                "id": "100093529070969",
                "count": 0
            },
            {
                "id": "61561564963689",
                "count": 0
            },
            {
                "id": "61557873478408",
                "count": 0
            },
            {
                "id": "100089357435357",
                "count": 0
            },
            {
                "id": "100070840539904",
                "count": 0
            },
            {
                "id": "61556751931141",
                "count": 0
            },
            {
                "id": "100093065062210",
                "count": 0
            },
            {
                "id": "61564643799773",
                "count": 0
            },
            {
                "id": "61550562780038",
                "count": 0
            },
            {
                "id": "100087543770514",
                "count": 0
            },
            {
                "id": "61551818767503",
                "count": 0
            },
            {
                "id": "100093954204003",
                "count": 0
            },
            {
                "id": "61550829056298",
                "count": 0
            },
            {
                "id": "100053704236888",
                "count": 0
            },
            {
                "id": "100070015411116",
                "count": 0
            },
            {
                "id": "100071602124778",
                "count": 0
            },
            {
                "id": "61553870854913",
                "count": 0
            },
            {
                "id": "61554708251277",
                "count": 0
            },
            {
                "id": "100057646001203",
                "count": 0
            },
            {
                "id": "100085036773699",
                "count": 0
            },
            {
                "id": "61560276023600",
                "count": 0
            },
            {
                "id": "100087128565622",
                "count": 0
            },
            {
                "id": "100091814060437",
                "count": 0
            },
            {
                "id": "100084330064485",
                "count": 0
            },
            {
                "id": "61558117404405",
                "count": 0
            },
            {
                "id": "100051193544470",
                "count": 0
            },
            {
                "id": "100087117984044",
                "count": 0
            },
            {
                "id": "100073646550220",
                "count": 0
            },
            {
                "id": "100054205152899",
                "count": 0
            },
            {
                "id": "100057035040575",
                "count": 0
            },
            {
                "id": "61567462676696",
                "count": 0
            },
            {
                "id": "100068256963476",
                "count": 0
            },
            {
                "id": "100089346207185",
                "count": 0
            },
            {
                "id": "100076627609870",
                "count": 0
            },
            {
                "id": "100035387603689",
                "count": 0
            },
            {
                "id": "100077018405888",
                "count": 0
            },
            {
                "id": "100088131983405",
                "count": 0
            },
            {
                "id": "61552840964007",
                "count": 0
            },
            {
                "id": "100034494681346",
                "count": 0
            },
            {
                "id": "100091614011979",
                "count": 0
            }
        ]
    }
}