{
    "total": [
        {
            "id": "100065871150443",
            "count": 5
        },
        {
            "id": "100066606831122",
            "count": 2
        },
        {
            "id": "61552804550849",
            "count": 4
        },
        {
            "id": "100075048961707",
            "count": 1
        },
        {
            "id": "100037334774262",
            "count": 0
        },
        {
            "id": "100082412118049",
            "count": 0
        },
        {
            "id": "100013083558830",
            "count": 0
        },
        {
            "id": "100091429430126",
            "count": 2
        },
        {
            "id": "100025381702368",
            "count": 0
        },
        {
            "id": "100083119112779",
            "count": 0
        },
        {
            "id": "61552034326611",
            "count": 2
        },
        {
            "id": "61555987755494",
            "count": 0
        },
        {
            "id": "100056440561817",
            "count": 11
        },
        {
            "id": "100072750111275",
            "count": 2
        },
        {
            "id": "100094477432403",
            "count": 0
        },
        {
            "id": "100074118851529",
            "count": 3
        },
        {
            "id": "61559079650241",
            "count": 47
        },
        {
            "id": "61566826751267",
            "count": 0
        },
        {
            "id": "61561530282324",
            "count": 32
        },
        {
            "id": "100027124265848",
            "count": 1
        },
        {
            "id": "100001113278043",
            "count": 14
        },
        {
            "id": "61555812755877",
            "count": 0
        },
        {
            "id": "100077682663496",
            "count": 0
        },
        {
            "id": "100046955843858",
            "count": 0
        }
    ],
    "week": [
        {
            "id": "100065871150443",
            "count": 0,
            "name": "ßé Duyên"
        },
        {
            "id": "100066606831122",
            "count": 0,
            "name": "Ân Ng"
        },
        {
            "id": "61552804550849",
            "count": 0,
            "name": "Thiên Hoang"
        },
        {
            "id": "100075048961707",
            "count": 0,
            "name": "Luân Phan"
        },
        {
            "id": "100037334774262",
            "count": 0,
            "name": "Ngọc Hiếu"
        },
        {
            "id": "100082412118049",
            "count": 0,
            "name": "Lê Mỹ Huyền"
        },
        {
            "id": "100013083558830",
            "count": 0,
            "name": "Hiếu Nguyễn"
        },
        {
            "id": "100091429430126",
            "count": 0,
            "name": "Nguyễn Quốc Vũ"
        },
        {
            "id": "100025381702368",
            "count": 0,
            "name": "Đặng Phú Quí"
        },
        {
            "id": "100083119112779",
            "count": 0,
            "name": "Hương Giang"
        },
        {
            "id": "61552034326611",
            "count": 0,
            "name": "Đặng Thị Mỹ Huyền"
        },
        {
            "id": "61555987755494",
            "count": 0,
            "name": "Peppy Ne"
        },
        {
            "id": "100056440561817",
            "count": 0,
            "name": "Trường Phạm"
        },
        {
            "id": "100072750111275",
            "count": 0,
            "name": "Thị Hến"
        },
        {
            "id": "100094477432403",
            "count": 0,
            "name": "Võ Đăng"
        },
        {
            "id": "100074118851529",
            "count": 0,
            "name": "Bao Bei"
        },
        {
            "id": "61559079650241",
            "count": 0,
            "name": "Nguyễn Thanh Tùng"
        },
        {
            "id": "61566826751267",
            "count": 0,
            "name": "Tùng Thanh"
        },
        {
            "id": "61561530282324",
            "count": 0,
            "name": "Roronoa Xoro"
        },
        {
            "id": "100027124265848",
            "count": 0,
            "name": "Ngô Minh Châu"
        },
        {
            "id": "100001113278043",
            "count": 0,
            "name": "Phương Huyền"
        },
        {
            "id": "61555812755877",
            "count": 0,
            "name": "Kaito Võ"
        },
        {
            "id": "100077682663496",
            "count": 0,
            "name": "Nguyễn Hoàng Phong"
        },
        {
            "id": "100046955843858",
            "count": 0,
            "name": "Nguyễn Thị Hồng Gấm"
        }
    ],
    "day": [
        {
            "id": "100065871150443",
            "count": 0,
            "name": "ßé Duyên"
        },
        {
            "id": "100066606831122",
            "count": 0,
            "name": "Ân Ng"
        },
        {
            "id": "61552804550849",
            "count": 0,
            "name": "Thiên Hoang"
        },
        {
            "id": "100075048961707",
            "count": 0,
            "name": "Luân Phan"
        },
        {
            "id": "100037334774262",
            "count": 0,
            "name": "Ngọc Hiếu"
        },
        {
            "id": "100082412118049",
            "count": 0,
            "name": "Lê Mỹ Huyền"
        },
        {
            "id": "100013083558830",
            "count": 0,
            "name": "Hiếu Nguyễn"
        },
        {
            "id": "100091429430126",
            "count": 0,
            "name": "Nguyễn Quốc Vũ"
        },
        {
            "id": "100025381702368",
            "count": 0,
            "name": "Đặng Phú Quí"
        },
        {
            "id": "100083119112779",
            "count": 0,
            "name": "Hương Giang"
        },
        {
            "id": "61552034326611",
            "count": 0,
            "name": "Đặng Thị Mỹ Huyền"
        },
        {
            "id": "61555987755494",
            "count": 0,
            "name": "Peppy Ne"
        },
        {
            "id": "100056440561817",
            "count": 0,
            "name": "Trường Phạm"
        },
        {
            "id": "100072750111275",
            "count": 0,
            "name": "Thị Hến"
        },
        {
            "id": "100094477432403",
            "count": 0,
            "name": "Võ Đăng"
        },
        {
            "id": "100074118851529",
            "count": 0,
            "name": "Bao Bei"
        },
        {
            "id": "61559079650241",
            "count": 0,
            "name": "Nguyễn Thanh Tùng"
        },
        {
            "id": "61566826751267",
            "count": 0,
            "name": "Tùng Thanh"
        },
        {
            "id": "61561530282324",
            "count": 0,
            "name": "Roronoa Xoro"
        },
        {
            "id": "100027124265848",
            "count": 0,
            "name": "Ngô Minh Châu"
        },
        {
            "id": "100001113278043",
            "count": 0,
            "name": "Phương Huyền"
        },
        {
            "id": "61555812755877",
            "count": 0,
            "name": "Kaito Võ"
        },
        {
            "id": "100077682663496",
            "count": 0,
            "name": "Nguyễn Hoàng Phong"
        },
        {
            "id": "100046955843858",
            "count": 0,
            "name": "Nguyễn Thị Hồng Gấm"
        }
    ],
    "time": 6,
    "last": {
        "time": 2,
        "day": [
            {
                "id": "100065871150443",
                "count": 0
            },
            {
                "id": "100029124422189",
                "count": 0
            },
            {
                "id": "100053655322418",
                "count": 0
            },
            {
                "id": "100066606831122",
                "count": 0
            },
            {
                "id": "61552804550849",
                "count": 0
            },
            {
                "id": "100075048961707",
                "count": 0
            },
            {
                "id": "100037334774262",
                "count": 0
            },
            {
                "id": "100082412118049",
                "count": 0
            },
            {
                "id": "100028813130468",
                "count": 0
            },
            {
                "id": "100013083558830",
                "count": 0
            },
            {
                "id": "100091429430126",
                "count": 0
            },
            {
                "id": "100025381702368",
                "count": 0
            },
            {
                "id": "100083119112779",
                "count": 0
            },
            {
                "id": "1411364609",
                "count": 0
            },
            {
                "id": "61552034326611",
                "count": 0
            },
            {
                "id": "61555987755494",
                "count": 0
            },
            {
                "id": "100056440561817",
                "count": 0
            },
            {
                "id": "100072750111275",
                "count": 0
            },
            {
                "id": "61566171441498",
                "count": 0
            },
            {
                "id": "100016860558253",
                "count": 0
            },
            {
                "id": "100008342055791",
                "count": 0
            },
            {
                "id": "100094477432403",
                "count": 0
            },
            {
                "id": "100074118851529",
                "count": 0
            },
            {
                "id": "61559079650241",
                "count": 0
            },
            {
                "id": "61566826751267",
                "count": 0
            },
            {
                "id": "61561530282324",
                "count": 0
            },
            {
                "id": "100027124265848",
                "count": 0
            },
            {
                "id": "100001113278043",
                "count": 0
            },
            {
                "id": "61555812755877",
                "count": 0
            },
            {
                "id": "100077682663496",
                "count": 0
            },
            {
                "id": "100046955843858",
                "count": 0
            },
            {
                "id": "100017008981481",
                "count": 0
            },
            {
                "id": "61566358785059",
                "count": 0
            },
            {
                "id": "61567289996019",
                "count": 0
            }
        ],
        "week": [
            {
                "id": "100065871150443",
                "count": 0
            },
            {
                "id": "100029124422189",
                "count": 0
            },
            {
                "id": "100053655322418",
                "count": 0
            },
            {
                "id": "100066606831122",
                "count": 0
            },
            {
                "id": "61552804550849",
                "count": 0
            },
            {
                "id": "100075048961707",
                "count": 0
            },
            {
                "id": "100037334774262",
                "count": 0
            },
            {
                "id": "100082412118049",
                "count": 0
            },
            {
                "id": "100028813130468",
                "count": 0
            },
            {
                "id": "100013083558830",
                "count": 0
            },
            {
                "id": "100091429430126",
                "count": 0
            },
            {
                "id": "100025381702368",
                "count": 0
            },
            {
                "id": "100083119112779",
                "count": 0
            },
            {
                "id": "1411364609",
                "count": 0
            },
            {
                "id": "61552034326611",
                "count": 0
            },
            {
                "id": "61555987755494",
                "count": 0
            },
            {
                "id": "100056440561817",
                "count": 0
            },
            {
                "id": "100072750111275",
                "count": 0
            },
            {
                "id": "61566171441498",
                "count": 0
            },
            {
                "id": "100016860558253",
                "count": 0
            },
            {
                "id": "100008342055791",
                "count": 0
            },
            {
                "id": "100094477432403",
                "count": 0
            },
            {
                "id": "100074118851529",
                "count": 0
            },
            {
                "id": "61559079650241",
                "count": 0
            },
            {
                "id": "61566826751267",
                "count": 0
            },
            {
                "id": "61561530282324",
                "count": 0
            },
            {
                "id": "100027124265848",
                "count": 0
            },
            {
                "id": "100001113278043",
                "count": 0
            },
            {
                "id": "61555812755877",
                "count": 0
            },
            {
                "id": "100077682663496",
                "count": 0
            },
            {
                "id": "100046955843858",
                "count": 0
            },
            {
                "id": "100017008981481",
                "count": 0
            },
            {
                "id": "61566358785059",
                "count": 0
            },
            {
                "id": "61567289996019",
                "count": 0
            }
        ]
    }
}