{
    "total": [
        {
            "id": "100009357355874",
            "count": 0
        },
        {
            "id": "100021471600922",
            "count": 0
        },
        {
            "id": "100052976363539",
            "count": 0
        },
        {
            "id": "100012954368182",
            "count": 0
        },
        {
            "id": "100089555782955",
            "count": 0
        },
        {
            "id": "61552124917330",
            "count": 0
        },
        {
            "id": "100010520983750",
            "count": 0
        },
        {
            "id": "100069413631386",
            "count": 0
        },
        {
            "id": "100058925895459",
            "count": 0
        },
        {
            "id": "100093396977206",
            "count": 0
        },
        {
            "id": "100088901474496",
            "count": 0
        },
        {
            "id": "100078538013587",
            "count": 0
        },
        {
            "id": "61565052485471",
            "count": 0
        },
        {
            "id": "61565250419018",
            "count": 0
        },
        {
            "id": "100017177169541",
            "count": 0
        },
        {
            "id": "61566928205016",
            "count": 0
        },
        {
            "id": "100010792030772",
            "count": 0
        },
        {
            "id": "100001437576609",
            "count": 0
        },
        {
            "id": "100055031580637",
            "count": 0
        },
        {
            "id": "100057846270890",
            "count": 0
        },
        {
            "id": "100094611644742",
            "count": 0
        },
        {
            "id": "100022496435385",
            "count": 0
        },
        {
            "id": "100087939275337",
            "count": 0
        },
        {
            "id": "100070486784142",
            "count": 0
        },
        {
            "id": "100025334919115",
            "count": 0
        },
        {
            "id": "100024218735366",
            "count": 0
        },
        {
            "id": "100028728904705",
            "count": 0
        },
        {
            "id": "100089320071104",
            "count": 0
        },
        {
            "id": "100073286870600",
            "count": 0
        },
        {
            "id": "100013231262589",
            "count": 0
        },
        {
            "id": "100079491904323",
            "count": 0
        },
        {
            "id": "100069401892640",
            "count": 0
        },
        {
            "id": "100085891523026",
            "count": 0
        },
        {
            "id": "100033285351564",
            "count": 0
        },
        {
            "id": "100054395178515",
            "count": 0
        },
        {
            "id": "100015696420754",
            "count": 0
        },
        {
            "id": "100047873771681",
            "count": 0
        },
        {
            "id": "61552163852241",
            "count": 0
        },
        {
            "id": "100035585744901",
            "count": 0
        },
        {
            "id": "100081302041378",
            "count": 0
        },
        {
            "id": "100029223124450",
            "count": 0
        },
        {
            "id": "100056839750158",
            "count": 0
        },
        {
            "id": "100021516399965",
            "count": 0
        },
        {
            "id": "100091936570589",
            "count": 0
        },
        {
            "id": "100093523211923",
            "count": 0
        },
        {
            "id": "100047126283442",
            "count": 0
        },
        {
            "id": "100076406921866",
            "count": 0
        },
        {
            "id": "100088810105472",
            "count": 0
        },
        {
            "id": "100089126538021",
            "count": 0
        },
        {
            "id": "100030787628934",
            "count": 0
        },
        {
            "id": "61562403324414",
            "count": 0
        },
        {
            "id": "100044347232148",
            "count": 0
        },
        {
            "id": "100006546402435",
            "count": 0
        },
        {
            "id": "61566787839572",
            "count": 0
        },
        {
            "id": "100068445054039",
            "count": 0
        },
        {
            "id": "100083036484663",
            "count": 0
        },
        {
            "id": "61567265897789",
            "count": 0
        },
        {
            "id": "61567460669774",
            "count": 0
        },
        {
            "id": "100078811879325",
            "count": 0
        },
        {
            "id": "100070536168908",
            "count": 0
        },
        {
            "id": "100089702902814",
            "count": 0
        },
        {
            "id": "100013537127103",
            "count": 0
        },
        {
            "id": "100094135462051",
            "count": 0
        },
        {
            "id": "100041206390818",
            "count": 0
        },
        {
            "id": "61553557300750",
            "count": 0
        },
        {
            "id": "100073255503245",
            "count": 0
        },
        {
            "id": "100070169419098",
            "count": 0
        },
        {
            "id": "100007114487919",
            "count": 0
        },
        {
            "id": "100064383046112",
            "count": 0
        },
        {
            "id": "100032791279161",
            "count": 0
        },
        {
            "id": "100078341211934",
            "count": 0
        },
        {
            "id": "100013879987233",
            "count": 0
        },
        {
            "id": "100065984401424",
            "count": 0
        },
        {
            "id": "100089592912801",
            "count": 0
        },
        {
            "id": "100025934748622",
            "count": 0
        },
        {
            "id": "100036588617805",
            "count": 0
        },
        {
            "id": "61550757353076",
            "count": 0
        },
        {
            "id": "100038920175341",
            "count": 0
        },
        {
            "id": "61556329108687",
            "count": 0
        },
        {
            "id": "100011312280120",
            "count": 0
        },
        {
            "id": "100088862014391",
            "count": 0
        },
        {
            "id": "100069093761621",
            "count": 0
        },
        {
            "id": "100015647791389",
            "count": 0
        },
        {
            "id": "61567160277853",
            "count": 2
        },
        {
            "id": "61563285663183",
            "count": 0
        },
        {
            "id": "100011308564934",
            "count": 0
        },
        {
            "id": "100087898317889",
            "count": 0
        },
        {
            "id": "100041356308000",
            "count": 0
        },
        {
            "id": "100075261199798",
            "count": 0
        },
        {
            "id": "100094159087305",
            "count": 0
        },
        {
            "id": "100029540781530",
            "count": 0
        },
        {
            "id": "61559079650241",
            "count": 0
        },
        {
            "id": "100054653964860",
            "count": 0
        },
        {
            "id": "100085031316529",
            "count": 0
        },
        {
            "id": "61561530282324",
            "count": 0
        }
    ],
    "week": [
        {
            "id": "100009357355874",
            "count": 0,
            "name": "Thành Đông"
        },
        {
            "id": "100021471600922",
            "count": 0,
            "name": "Bé Hi"
        },
        {
            "id": "100052976363539",
            "count": 0,
            "name": "Hoang Quy"
        },
        {
            "id": "100012954368182",
            "count": 0,
            "name": "Nguyễn Minh Trí"
        },
        {
            "id": "100089555782955",
            "count": 0,
            "name": "Chí Nhân"
        },
        {
            "id": "61552124917330",
            "count": 0,
            "name": "nguyễn lân"
        },
        {
            "id": "100010520983750",
            "count": 0,
            "name": "Ninh Nguyễn"
        },
        {
            "id": "100069413631386",
            "count": 0,
            "name": "Nguyễn Hưng"
        },
        {
            "id": "100058925895459",
            "count": 0,
            "name": "Tran Ngoc Huy"
        },
        {
            "id": "100093396977206",
            "count": 0,
            "name": "Huynh Đức"
        },
        {
            "id": "100088901474496",
            "count": 0,
            "name": "Đỗ Thị Ngọc Hoa"
        },
        {
            "id": "100078538013587",
            "count": 0,
            "name": "Long Long"
        },
        {
            "id": "61565052485471",
            "count": 0,
            "name": "Ng Văn Tài"
        },
        {
            "id": "61565250419018",
            "count": 0,
            "name": "Thảo Vi"
        },
        {
            "id": "100017177169541",
            "count": 0,
            "name": "Đỗ Hoàng Khánh"
        },
        {
            "id": "61566928205016",
            "count": 0,
            "name": "My My"
        },
        {
            "id": "100010792030772",
            "count": 0,
            "name": "Châu Châu"
        },
        {
            "id": "100001437576609",
            "count": 0,
            "name": "Nghiêu Trần"
        },
        {
            "id": "100055031580637",
            "count": 0,
            "name": "Bùi Đức Thắng"
        },
        {
            "id": "100057846270890",
            "count": 0,
            "name": "Nguyễn Phú Quốc"
        },
        {
            "id": "100094611644742",
            "count": 0,
            "name": "Hoàng Anh Nguyen"
        },
        {
            "id": "100022496435385",
            "count": 0,
            "name": "Ng Thi Anh Thư"
        },
        {
            "id": "100087939275337",
            "count": 0,
            "name": "Phương Chi"
        },
        {
            "id": "100070486784142",
            "count": 0,
            "name": "Vũ Hoàng Anh Trung"
        },
        {
            "id": "100025334919115",
            "count": 0,
            "name": "Ngô Quốc Chuẩn"
        },
        {
            "id": "100024218735366",
            "count": 0,
            "name": "Nguyễn Thị Thanh Hoa"
        },
        {
            "id": "100028728904705",
            "count": 0,
            "name": "Thanh Ngân"
        },
        {
            "id": "100089320071104",
            "count": 0,
            "name": "Hoài Bảo"
        },
        {
            "id": "100073286870600",
            "count": 0,
            "name": "Ngân Nguyễn"
        },
        {
            "id": "100013231262589",
            "count": 0,
            "name": "Nhật Luân"
        },
        {
            "id": "100079491904323",
            "count": 0,
            "name": "Anh Hoang"
        },
        {
            "id": "100069401892640",
            "count": 0,
            "name": "Phạm Hưng"
        },
        {
            "id": "100085891523026",
            "count": 0,
            "name": "Cường Con"
        },
        {
            "id": "100033285351564",
            "count": 0,
            "name": "Ngọc Ánh"
        },
        {
            "id": "100054395178515",
            "count": 0,
            "name": "Bảo Thy"
        },
        {
            "id": "100015696420754",
            "count": 0,
            "name": "Trương Lam Nhi"
        },
        {
            "id": "100047873771681",
            "count": 0,
            "name": "Trí Dani"
        },
        {
            "id": "61552163852241",
            "count": 0,
            "name": "Lê Văn Long"
        },
        {
            "id": "100035585744901",
            "count": 0,
            "name": "Hùng Lê"
        },
        {
            "id": "100081302041378",
            "count": 0,
            "name": "Quynn Moon"
        },
        {
            "id": "100029223124450",
            "count": 0,
            "name": "Huệ Trân"
        },
        {
            "id": "100056839750158",
            "count": 0,
            "name": "Dương Hồng"
        },
        {
            "id": "100021516399965",
            "count": 0,
            "name": "Mai Ly"
        },
        {
            "id": "100091936570589",
            "count": 0,
            "name": "Văn Hoàng"
        },
        {
            "id": "100093523211923",
            "count": 0,
            "name": "Từ Tấn Minh"
        },
        {
            "id": "100047126283442",
            "count": 0,
            "name": "Ha Minh Vu"
        },
        {
            "id": "100076406921866",
            "count": 0,
            "name": "Yên Chi"
        },
        {
            "id": "100088810105472",
            "count": 0,
            "name": "Tuyết Lan"
        },
        {
            "id": "100089126538021",
            "count": 0,
            "name": "Trúc Linh"
        },
        {
            "id": "100030787628934",
            "count": 0,
            "name": "Duy Quyết"
        },
        {
            "id": "61562403324414",
            "count": 0,
            "name": "Trọng Hiếu"
        },
        {
            "id": "100044347232148",
            "count": 0,
            "name": "Võ Thị Huyền My"
        },
        {
            "id": "100006546402435",
            "count": 0,
            "name": "Văn Hải"
        },
        {
            "id": "61566787839572",
            "count": 0,
            "name": "Wyy Nguyn"
        },
        {
            "id": "100068445054039",
            "count": 0,
            "name": "Văn Hậu"
        },
        {
            "id": "100083036484663",
            "count": 0,
            "name": "Thiều Quang Minh"
        },
        {
            "id": "61567265897789",
            "count": 0,
            "name": "Nguyễn Văn Thắng"
        },
        {
            "id": "61567460669774",
            "count": 0,
            "name": "Phan Ngọc Thùy"
        },
        {
            "id": "100078811879325",
            "count": 0,
            "name": "Hồng Ank"
        },
        {
            "id": "100070536168908",
            "count": 0,
            "name": "Võ Lâm Phú"
        },
        {
            "id": "100089702902814",
            "count": 0,
            "name": "Juhano Jin"
        },
        {
            "id": "100013537127103",
            "count": 0,
            "name": "Candy Tran"
        },
        {
            "id": "100094135462051",
            "count": 0,
            "name": "Hoàng Xuân Trường"
        },
        {
            "id": "100041206390818",
            "count": 0,
            "name": "Văn Hoàng"
        },
        {
            "id": "61553557300750",
            "count": 0,
            "name": "Thịnh Phạm"
        },
        {
            "id": "100073255503245",
            "count": 0,
            "name": "Trung Đức"
        },
        {
            "id": "100070169419098",
            "count": 0,
            "name": "Quynhh Anhh"
        },
        {
            "id": "100007114487919",
            "count": 0,
            "name": "NGUYỄN TRƯỜNG"
        },
        {
            "id": "100064383046112",
            "count": 0,
            "name": "Hoàng An"
        },
        {
            "id": "100032791279161",
            "count": 0,
            "name": "Khánh Linhh"
        },
        {
            "id": "100078341211934",
            "count": 0,
            "name": "Văn An"
        },
        {
            "id": "100013879987233",
            "count": 0,
            "name": "Nguyễn Đình Nghĩa"
        },
        {
            "id": "100065984401424",
            "count": 0,
            "name": "Ngủ Tới Bao Giờ"
        },
        {
            "id": "100089592912801",
            "count": 0,
            "name": "Thanh Thảo"
        },
        {
            "id": "100025934748622",
            "count": 0,
            "name": "Nguyễn Thái"
        },
        {
            "id": "100036588617805",
            "count": 0,
            "name": "Khánh Lê"
        },
        {
            "id": "61550757353076",
            "count": 0,
            "name": "Huỳnh Hiên"
        },
        {
            "id": "100038920175341",
            "count": 0,
            "name": "Vu Vuong"
        },
        {
            "id": "61556329108687",
            "count": 0,
            "name": "Như Văn"
        },
        {
            "id": "100011312280120",
            "count": 0,
            "name": "Thanh Sang"
        },
        {
            "id": "100088862014391",
            "count": 0,
            "name": "Bé Bo"
        },
        {
            "id": "100069093761621",
            "count": 0,
            "name": "Phương's Anh'ss"
        },
        {
            "id": "100015647791389",
            "count": 0,
            "name": "Nguyễn Lê Quốc Huy"
        },
        {
            "id": "61567160277853",
            "count": 0,
            "name": "Bot Táo "
        },
        {
            "id": "61563285663183",
            "count": 0,
            "name": "Bot táo"
        },
        {
            "id": "100011308564934",
            "count": 0,
            "name": "Huy Nguyễn"
        },
        {
            "id": "100087898317889",
            "count": 0,
            "name": "Nguyễn Thị Xuân Hiếu"
        },
        {
            "id": "100041356308000",
            "count": 0,
            "name": "Đức Nguyễn"
        },
        {
            "id": "100075261199798",
            "count": 0,
            "name": "Hoàng Huy"
        },
        {
            "id": "100094159087305",
            "count": 0,
            "name": "Anh Thuw"
        },
        {
            "id": "100029540781530",
            "count": 0,
            "name": "Meo Meo"
        },
        {
            "id": "61559079650241",
            "count": 0,
            "name": "Nguyễn Thanh Tùng"
        },
        {
            "id": "100054653964860",
            "count": 0,
            "name": "Lê Tiến"
        },
        {
            "id": "100085031316529",
            "count": 0,
            "name": "Cu Nguyễn"
        },
        {
            "id": "61561530282324",
            "count": 0,
            "name": "Roronoa Xoro"
        }
    ],
    "day": [
        {
            "id": "100009357355874",
            "count": 0,
            "name": "Thành Đông"
        },
        {
            "id": "100021471600922",
            "count": 0,
            "name": "Bé Hi"
        },
        {
            "id": "100052976363539",
            "count": 0,
            "name": "Hoang Quy"
        },
        {
            "id": "100012954368182",
            "count": 0,
            "name": "Nguyễn Minh Trí"
        },
        {
            "id": "100089555782955",
            "count": 0,
            "name": "Chí Nhân"
        },
        {
            "id": "61552124917330",
            "count": 0,
            "name": "nguyễn lân"
        },
        {
            "id": "100010520983750",
            "count": 0,
            "name": "Ninh Nguyễn"
        },
        {
            "id": "100069413631386",
            "count": 0,
            "name": "Nguyễn Hưng"
        },
        {
            "id": "100058925895459",
            "count": 0,
            "name": "Tran Ngoc Huy"
        },
        {
            "id": "100093396977206",
            "count": 0,
            "name": "Huynh Đức"
        },
        {
            "id": "100088901474496",
            "count": 0,
            "name": "Đỗ Thị Ngọc Hoa"
        },
        {
            "id": "100078538013587",
            "count": 0,
            "name": "Long Long"
        },
        {
            "id": "61565052485471",
            "count": 0,
            "name": "Ng Văn Tài"
        },
        {
            "id": "61565250419018",
            "count": 0,
            "name": "Thảo Vi"
        },
        {
            "id": "100017177169541",
            "count": 0,
            "name": "Đỗ Hoàng Khánh"
        },
        {
            "id": "61566928205016",
            "count": 0,
            "name": "My My"
        },
        {
            "id": "100010792030772",
            "count": 0,
            "name": "Châu Châu"
        },
        {
            "id": "100001437576609",
            "count": 0,
            "name": "Nghiêu Trần"
        },
        {
            "id": "100055031580637",
            "count": 0,
            "name": "Bùi Đức Thắng"
        },
        {
            "id": "100057846270890",
            "count": 0,
            "name": "Nguyễn Phú Quốc"
        },
        {
            "id": "100094611644742",
            "count": 0,
            "name": "Hoàng Anh Nguyen"
        },
        {
            "id": "100022496435385",
            "count": 0,
            "name": "Ng Thi Anh Thư"
        },
        {
            "id": "100087939275337",
            "count": 0,
            "name": "Phương Chi"
        },
        {
            "id": "100070486784142",
            "count": 0,
            "name": "Vũ Hoàng Anh Trung"
        },
        {
            "id": "100025334919115",
            "count": 0,
            "name": "Ngô Quốc Chuẩn"
        },
        {
            "id": "100024218735366",
            "count": 0,
            "name": "Nguyễn Thị Thanh Hoa"
        },
        {
            "id": "100028728904705",
            "count": 0,
            "name": "Thanh Ngân"
        },
        {
            "id": "100089320071104",
            "count": 0,
            "name": "Hoài Bảo"
        },
        {
            "id": "100073286870600",
            "count": 0,
            "name": "Ngân Nguyễn"
        },
        {
            "id": "100013231262589",
            "count": 0,
            "name": "Nhật Luân"
        },
        {
            "id": "100079491904323",
            "count": 0,
            "name": "Anh Hoang"
        },
        {
            "id": "100069401892640",
            "count": 0,
            "name": "Phạm Hưng"
        },
        {
            "id": "100085891523026",
            "count": 0,
            "name": "Cường Con"
        },
        {
            "id": "100033285351564",
            "count": 0,
            "name": "Ngọc Ánh"
        },
        {
            "id": "100054395178515",
            "count": 0,
            "name": "Bảo Thy"
        },
        {
            "id": "100015696420754",
            "count": 0,
            "name": "Trương Lam Nhi"
        },
        {
            "id": "100047873771681",
            "count": 0,
            "name": "Trí Dani"
        },
        {
            "id": "61552163852241",
            "count": 0,
            "name": "Lê Văn Long"
        },
        {
            "id": "100035585744901",
            "count": 0,
            "name": "Hùng Lê"
        },
        {
            "id": "100081302041378",
            "count": 0,
            "name": "Quynn Moon"
        },
        {
            "id": "100029223124450",
            "count": 0,
            "name": "Huệ Trân"
        },
        {
            "id": "100056839750158",
            "count": 0,
            "name": "Dương Hồng"
        },
        {
            "id": "100021516399965",
            "count": 0,
            "name": "Mai Ly"
        },
        {
            "id": "100091936570589",
            "count": 0,
            "name": "Văn Hoàng"
        },
        {
            "id": "100093523211923",
            "count": 0,
            "name": "Từ Tấn Minh"
        },
        {
            "id": "100047126283442",
            "count": 0,
            "name": "Ha Minh Vu"
        },
        {
            "id": "100076406921866",
            "count": 0,
            "name": "Yên Chi"
        },
        {
            "id": "100088810105472",
            "count": 0,
            "name": "Tuyết Lan"
        },
        {
            "id": "100089126538021",
            "count": 0,
            "name": "Trúc Linh"
        },
        {
            "id": "100030787628934",
            "count": 0,
            "name": "Duy Quyết"
        },
        {
            "id": "61562403324414",
            "count": 0,
            "name": "Trọng Hiếu"
        },
        {
            "id": "100044347232148",
            "count": 0,
            "name": "Võ Thị Huyền My"
        },
        {
            "id": "100006546402435",
            "count": 0,
            "name": "Văn Hải"
        },
        {
            "id": "61566787839572",
            "count": 0,
            "name": "Wyy Nguyn"
        },
        {
            "id": "100068445054039",
            "count": 0,
            "name": "Văn Hậu"
        },
        {
            "id": "100083036484663",
            "count": 0,
            "name": "Thiều Quang Minh"
        },
        {
            "id": "61567265897789",
            "count": 0,
            "name": "Nguyễn Văn Thắng"
        },
        {
            "id": "61567460669774",
            "count": 0,
            "name": "Phan Ngọc Thùy"
        },
        {
            "id": "100078811879325",
            "count": 0,
            "name": "Hồng Ank"
        },
        {
            "id": "100070536168908",
            "count": 0,
            "name": "Võ Lâm Phú"
        },
        {
            "id": "100089702902814",
            "count": 0,
            "name": "Juhano Jin"
        },
        {
            "id": "100013537127103",
            "count": 0,
            "name": "Candy Tran"
        },
        {
            "id": "100094135462051",
            "count": 0,
            "name": "Hoàng Xuân Trường"
        },
        {
            "id": "100041206390818",
            "count": 0,
            "name": "Văn Hoàng"
        },
        {
            "id": "61553557300750",
            "count": 0,
            "name": "Thịnh Phạm"
        },
        {
            "id": "100073255503245",
            "count": 0,
            "name": "Trung Đức"
        },
        {
            "id": "100070169419098",
            "count": 0,
            "name": "Quynhh Anhh"
        },
        {
            "id": "100007114487919",
            "count": 0,
            "name": "NGUYỄN TRƯỜNG"
        },
        {
            "id": "100064383046112",
            "count": 0,
            "name": "Hoàng An"
        },
        {
            "id": "100032791279161",
            "count": 0,
            "name": "Khánh Linhh"
        },
        {
            "id": "100078341211934",
            "count": 0,
            "name": "Văn An"
        },
        {
            "id": "100013879987233",
            "count": 0,
            "name": "Nguyễn Đình Nghĩa"
        },
        {
            "id": "100065984401424",
            "count": 0,
            "name": "Ngủ Tới Bao Giờ"
        },
        {
            "id": "100089592912801",
            "count": 0,
            "name": "Thanh Thảo"
        },
        {
            "id": "100025934748622",
            "count": 0,
            "name": "Nguyễn Thái"
        },
        {
            "id": "100036588617805",
            "count": 0,
            "name": "Khánh Lê"
        },
        {
            "id": "61550757353076",
            "count": 0,
            "name": "Huỳnh Hiên"
        },
        {
            "id": "100038920175341",
            "count": 0,
            "name": "Vu Vuong"
        },
        {
            "id": "61556329108687",
            "count": 0,
            "name": "Như Văn"
        },
        {
            "id": "100011312280120",
            "count": 0,
            "name": "Thanh Sang"
        },
        {
            "id": "100088862014391",
            "count": 0,
            "name": "Bé Bo"
        },
        {
            "id": "100069093761621",
            "count": 0,
            "name": "Phương's Anh'ss"
        },
        {
            "id": "100015647791389",
            "count": 0,
            "name": "Nguyễn Lê Quốc Huy"
        },
        {
            "id": "61567160277853",
            "count": 0,
            "name": "Bot Táo "
        },
        {
            "id": "61563285663183",
            "count": 0,
            "name": "Bot táo"
        },
        {
            "id": "100011308564934",
            "count": 0,
            "name": "Huy Nguyễn"
        },
        {
            "id": "100087898317889",
            "count": 0,
            "name": "Nguyễn Thị Xuân Hiếu"
        },
        {
            "id": "100041356308000",
            "count": 0,
            "name": "Đức Nguyễn"
        },
        {
            "id": "100075261199798",
            "count": 0,
            "name": "Hoàng Huy"
        },
        {
            "id": "100094159087305",
            "count": 0,
            "name": "Anh Thuw"
        },
        {
            "id": "100029540781530",
            "count": 0,
            "name": "Meo Meo"
        },
        {
            "id": "61559079650241",
            "count": 0,
            "name": "Nguyễn Thanh Tùng"
        },
        {
            "id": "100054653964860",
            "count": 0,
            "name": "Lê Tiến"
        },
        {
            "id": "100085031316529",
            "count": 0,
            "name": "Cu Nguyễn"
        },
        {
            "id": "61561530282324",
            "count": 0,
            "name": "Roronoa Xoro"
        }
    ],
    "time": 6,
    "last": {
        "time": 0,
        "day": [
            {
                "id": "100009357355874",
                "count": 0
            },
            {
                "id": "100021471600922",
                "count": 0
            },
            {
                "id": "100052976363539",
                "count": 0
            },
            {
                "id": "100012954368182",
                "count": 0
            },
            {
                "id": "100089555782955",
                "count": 0
            },
            {
                "id": "61552124917330",
                "count": 0
            },
            {
                "id": "100010520983750",
                "count": 0
            },
            {
                "id": "100069413631386",
                "count": 0
            },
            {
                "id": "100058925895459",
                "count": 0
            },
            {
                "id": "100093396977206",
                "count": 0
            },
            {
                "id": "100088901474496",
                "count": 0
            },
            {
                "id": "100078538013587",
                "count": 0
            },
            {
                "id": "61565052485471",
                "count": 0
            },
            {
                "id": "61565250419018",
                "count": 0
            },
            {
                "id": "100017177169541",
                "count": 0
            },
            {
                "id": "61566928205016",
                "count": 0
            },
            {
                "id": "100010792030772",
                "count": 0
            },
            {
                "id": "100001437576609",
                "count": 0
            },
            {
                "id": "100055031580637",
                "count": 0
            },
            {
                "id": "100057846270890",
                "count": 0
            },
            {
                "id": "100094611644742",
                "count": 0
            },
            {
                "id": "100022496435385",
                "count": 0
            },
            {
                "id": "100087939275337",
                "count": 0
            },
            {
                "id": "100070486784142",
                "count": 0
            },
            {
                "id": "100025334919115",
                "count": 0
            },
            {
                "id": "100024218735366",
                "count": 0
            },
            {
                "id": "100028728904705",
                "count": 0
            },
            {
                "id": "100089320071104",
                "count": 0
            },
            {
                "id": "100073286870600",
                "count": 0
            },
            {
                "id": "100013231262589",
                "count": 0
            },
            {
                "id": "100079491904323",
                "count": 0
            },
            {
                "id": "100069401892640",
                "count": 0
            },
            {
                "id": "100085891523026",
                "count": 0
            },
            {
                "id": "100033285351564",
                "count": 0
            },
            {
                "id": "100054395178515",
                "count": 0
            },
            {
                "id": "100015696420754",
                "count": 0
            },
            {
                "id": "100047873771681",
                "count": 0
            },
            {
                "id": "61552163852241",
                "count": 0
            },
            {
                "id": "100035585744901",
                "count": 0
            },
            {
                "id": "100081302041378",
                "count": 0
            },
            {
                "id": "100029223124450",
                "count": 0
            },
            {
                "id": "100056839750158",
                "count": 0
            },
            {
                "id": "100021516399965",
                "count": 0
            },
            {
                "id": "100091936570589",
                "count": 0
            },
            {
                "id": "100093523211923",
                "count": 0
            },
            {
                "id": "100047126283442",
                "count": 0
            },
            {
                "id": "100076406921866",
                "count": 0
            },
            {
                "id": "100088810105472",
                "count": 0
            },
            {
                "id": "100089126538021",
                "count": 0
            },
            {
                "id": "100030787628934",
                "count": 0
            },
            {
                "id": "61562403324414",
                "count": 0
            },
            {
                "id": "100044347232148",
                "count": 0
            },
            {
                "id": "100006546402435",
                "count": 0
            },
            {
                "id": "61566787839572",
                "count": 0
            },
            {
                "id": "100068445054039",
                "count": 0
            },
            {
                "id": "100083036484663",
                "count": 0
            },
            {
                "id": "61567265897789",
                "count": 0
            },
            {
                "id": "61567460669774",
                "count": 0
            },
            {
                "id": "100078811879325",
                "count": 0
            },
            {
                "id": "100070536168908",
                "count": 0
            },
            {
                "id": "100089702902814",
                "count": 0
            },
            {
                "id": "100013537127103",
                "count": 0
            },
            {
                "id": "100094135462051",
                "count": 0
            },
            {
                "id": "100041206390818",
                "count": 0
            },
            {
                "id": "61553557300750",
                "count": 0
            },
            {
                "id": "100073255503245",
                "count": 0
            },
            {
                "id": "100070169419098",
                "count": 0
            },
            {
                "id": "100007114487919",
                "count": 0
            },
            {
                "id": "100064383046112",
                "count": 0
            },
            {
                "id": "100032791279161",
                "count": 0
            },
            {
                "id": "100078341211934",
                "count": 0
            },
            {
                "id": "100013879987233",
                "count": 0
            },
            {
                "id": "100065984401424",
                "count": 0
            },
            {
                "id": "100089592912801",
                "count": 0
            },
            {
                "id": "100025934748622",
                "count": 0
            },
            {
                "id": "100036588617805",
                "count": 0
            },
            {
                "id": "61550757353076",
                "count": 0
            },
            {
                "id": "100038920175341",
                "count": 0
            },
            {
                "id": "61556329108687",
                "count": 0
            },
            {
                "id": "100011312280120",
                "count": 0
            },
            {
                "id": "100088862014391",
                "count": 0
            },
            {
                "id": "100069093761621",
                "count": 0
            },
            {
                "id": "100015647791389",
                "count": 0
            },
            {
                "id": "61567160277853",
                "count": 0
            },
            {
                "id": "61563285663183",
                "count": 0
            },
            {
                "id": "100011308564934",
                "count": 0
            },
            {
                "id": "100087898317889",
                "count": 0
            },
            {
                "id": "100041356308000",
                "count": 0
            },
            {
                "id": "100075261199798",
                "count": 0
            },
            {
                "id": "100094159087305",
                "count": 0
            },
            {
                "id": "100029540781530",
                "count": 0
            },
            {
                "id": "61559079650241",
                "count": 0
            },
            {
                "id": "100054653964860",
                "count": 0
            },
            {
                "id": "100085031316529",
                "count": 0
            },
            {
                "id": "61561530282324",
                "count": 0
            }
        ],
        "week": [
            {
                "id": "100009357355874",
                "count": 0
            },
            {
                "id": "100021471600922",
                "count": 0
            },
            {
                "id": "100052976363539",
                "count": 0
            },
            {
                "id": "100012954368182",
                "count": 0
            },
            {
                "id": "100089555782955",
                "count": 0
            },
            {
                "id": "61552124917330",
                "count": 0
            },
            {
                "id": "100010520983750",
                "count": 0
            },
            {
                "id": "100069413631386",
                "count": 0
            },
            {
                "id": "100058925895459",
                "count": 0
            },
            {
                "id": "100093396977206",
                "count": 0
            },
            {
                "id": "100088901474496",
                "count": 0
            },
            {
                "id": "100078538013587",
                "count": 0
            },
            {
                "id": "61565052485471",
                "count": 0
            },
            {
                "id": "61565250419018",
                "count": 0
            },
            {
                "id": "100017177169541",
                "count": 0
            },
            {
                "id": "61566928205016",
                "count": 0
            },
            {
                "id": "100010792030772",
                "count": 0
            },
            {
                "id": "100001437576609",
                "count": 0
            },
            {
                "id": "100055031580637",
                "count": 0
            },
            {
                "id": "100057846270890",
                "count": 0
            },
            {
                "id": "100094611644742",
                "count": 0
            },
            {
                "id": "100022496435385",
                "count": 0
            },
            {
                "id": "100087939275337",
                "count": 0
            },
            {
                "id": "100070486784142",
                "count": 0
            },
            {
                "id": "100025334919115",
                "count": 0
            },
            {
                "id": "100024218735366",
                "count": 0
            },
            {
                "id": "100028728904705",
                "count": 0
            },
            {
                "id": "100089320071104",
                "count": 0
            },
            {
                "id": "100073286870600",
                "count": 0
            },
            {
                "id": "100013231262589",
                "count": 0
            },
            {
                "id": "100079491904323",
                "count": 0
            },
            {
                "id": "100069401892640",
                "count": 0
            },
            {
                "id": "100085891523026",
                "count": 0
            },
            {
                "id": "100033285351564",
                "count": 0
            },
            {
                "id": "100054395178515",
                "count": 0
            },
            {
                "id": "100015696420754",
                "count": 0
            },
            {
                "id": "100047873771681",
                "count": 0
            },
            {
                "id": "61552163852241",
                "count": 0
            },
            {
                "id": "100035585744901",
                "count": 0
            },
            {
                "id": "100081302041378",
                "count": 0
            },
            {
                "id": "100029223124450",
                "count": 0
            },
            {
                "id": "100056839750158",
                "count": 0
            },
            {
                "id": "100021516399965",
                "count": 0
            },
            {
                "id": "100091936570589",
                "count": 0
            },
            {
                "id": "100093523211923",
                "count": 0
            },
            {
                "id": "100047126283442",
                "count": 0
            },
            {
                "id": "100076406921866",
                "count": 0
            },
            {
                "id": "100088810105472",
                "count": 0
            },
            {
                "id": "100089126538021",
                "count": 0
            },
            {
                "id": "100030787628934",
                "count": 0
            },
            {
                "id": "61562403324414",
                "count": 0
            },
            {
                "id": "100044347232148",
                "count": 0
            },
            {
                "id": "100006546402435",
                "count": 0
            },
            {
                "id": "61566787839572",
                "count": 0
            },
            {
                "id": "100068445054039",
                "count": 0
            },
            {
                "id": "100083036484663",
                "count": 0
            },
            {
                "id": "61567265897789",
                "count": 0
            },
            {
                "id": "61567460669774",
                "count": 0
            },
            {
                "id": "100078811879325",
                "count": 0
            },
            {
                "id": "100070536168908",
                "count": 0
            },
            {
                "id": "100089702902814",
                "count": 0
            },
            {
                "id": "100013537127103",
                "count": 0
            },
            {
                "id": "100094135462051",
                "count": 0
            },
            {
                "id": "100041206390818",
                "count": 0
            },
            {
                "id": "61553557300750",
                "count": 0
            },
            {
                "id": "100073255503245",
                "count": 0
            },
            {
                "id": "100070169419098",
                "count": 0
            },
            {
                "id": "100007114487919",
                "count": 0
            },
            {
                "id": "100064383046112",
                "count": 0
            },
            {
                "id": "100032791279161",
                "count": 0
            },
            {
                "id": "100078341211934",
                "count": 0
            },
            {
                "id": "100013879987233",
                "count": 0
            },
            {
                "id": "100065984401424",
                "count": 0
            },
            {
                "id": "100089592912801",
                "count": 0
            },
            {
                "id": "100025934748622",
                "count": 0
            },
            {
                "id": "100036588617805",
                "count": 0
            },
            {
                "id": "61550757353076",
                "count": 0
            },
            {
                "id": "100038920175341",
                "count": 0
            },
            {
                "id": "61556329108687",
                "count": 0
            },
            {
                "id": "100011312280120",
                "count": 0
            },
            {
                "id": "100088862014391",
                "count": 0
            },
            {
                "id": "100069093761621",
                "count": 0
            },
            {
                "id": "100015647791389",
                "count": 0
            },
            {
                "id": "61567160277853",
                "count": 0
            },
            {
                "id": "61563285663183",
                "count": 0
            },
            {
                "id": "100011308564934",
                "count": 0
            },
            {
                "id": "100087898317889",
                "count": 0
            },
            {
                "id": "100041356308000",
                "count": 0
            },
            {
                "id": "100075261199798",
                "count": 0
            },
            {
                "id": "100094159087305",
                "count": 0
            },
            {
                "id": "100029540781530",
                "count": 0
            },
            {
                "id": "61559079650241",
                "count": 0
            },
            {
                "id": "100054653964860",
                "count": 0
            },
            {
                "id": "100085031316529",
                "count": 0
            },
            {
                "id": "61561530282324",
                "count": 0
            }
        ]
    }
}