{
    "total": [
        {
            "id": "100094385350744",
            "count": 0
        },
        {
            "id": "61561132412973",
            "count": 0
        },
        {
            "id": "61565226359743",
            "count": 0
        },
        {
            "id": "61561795162153",
            "count": 2
        },
        {
            "id": "100010739318453",
            "count": 1
        },
        {
            "id": "100074434760555",
            "count": 0
        },
        {
            "id": "100054379772671",
            "count": 0
        },
        {
            "id": "100014693327406",
            "count": 0
        },
        {
            "id": "61561702306091",
            "count": 1
        },
        {
            "id": "61561530282324",
            "count": 4
        },
        {
            "id": "61561797623346",
            "count": 0
        },
        {
            "id": "100081134411130",
            "count": 0
        },
        {
            "id": "61559277460718",
            "count": 0
        },
        {
            "id": "100083700524447",
            "count": 0
        },
        {
            "id": "61556129647169",
            "count": 0
        },
        {
            "id": "61561724142200",
            "count": 0
        },
        {
            "id": "61557266030030",
            "count": 0
        },
        {
            "id": "100092521719774",
            "count": 0
        },
        {
            "id": "61564708032288",
            "count": 0
        },
        {
            "id": "61563959792240",
            "count": 0
        },
        {
            "id": "61565744308105",
            "count": 1
        },
        {
            "id": "61563913486678",
            "count": 0
        },
        {
            "id": "61565512837028",
            "count": 0
        },
        {
            "id": "61559008805621",
            "count": 0
        },
        {
            "id": "61561211005749",
            "count": 0
        },
        {
            "id": "61562147228601",
            "count": 2
        },
        {
            "id": "61564283257631",
            "count": 0
        },
        {
            "id": "61560665263662",
            "count": 0
        },
        {
            "id": "61560874259469",
            "count": 0
        },
        {
            "id": "100058366099612",
            "count": 160
        },
        {
            "id": "61559237631991",
            "count": 0
        },
        {
            "id": "61560847614233",
            "count": 0
        },
        {
            "id": "100090997839772",
            "count": 0
        },
        {
            "id": "61567079625062",
            "count": 0
        },
        {
            "id": "61556245842677",
            "count": 1
        },
        {
            "id": "61566416221319",
            "count": 0
        },
        {
            "id": "61554286233838",
            "count": 2
        },
        {
            "id": "100080312571229",
            "count": 0
        },
        {
            "id": "61556623582982",
            "count": 0
        },
        {
            "id": "61555252857667",
            "count": 0
        },
        {
            "id": "61552391853527",
            "count": 0
        },
        {
            "id": "100041460678961",
            "count": 0
        },
        {
            "id": "61562745506669",
            "count": 0
        },
        {
            "id": "100078623366528",
            "count": 0
        },
        {
            "id": "100095517758050",
            "count": 629
        },
        {
            "id": "100089124758205",
            "count": 0
        },
        {
            "id": "668956588",
            "count": 0
        },
        {
            "id": "61566915831858",
            "count": 0
        },
        {
            "id": "61565939896748",
            "count": 0
        },
        {
            "id": "61566381301270",
            "count": 1
        },
        {
            "id": "61565907765670",
            "count": 0
        },
        {
            "id": "61566159887947",
            "count": 0
        },
        {
            "id": "100040119931622",
            "count": 0
        },
        {
            "id": "100037189290532",
            "count": 0
        },
        {
            "id": "100012867223885",
            "count": 0
        },
        {
            "id": "61552096543521",
            "count": 0
        },
        {
            "id": "61550717727700",
            "count": 0
        },
        {
            "id": "61557289975408",
            "count": 0
        },
        {
            "id": "100082891572871",
            "count": 0
        },
        {
            "id": "61566833292566",
            "count": 150
        },
        {
            "id": "61567244110669",
            "count": 0
        },
        {
            "id": "61561237197225",
            "count": 1
        },
        {
            "id": "61550728364211",
            "count": 0
        },
        {
            "id": "61564287556437",
            "count": 0
        },
        {
            "id": "100052536518079",
            "count": 0
        },
        {
            "id": "100084378103510",
            "count": 0
        },
        {
            "id": "61560626102799",
            "count": 0
        },
        {
            "id": "100067336953525",
            "count": 0
        },
        {
            "id": "100092387389261",
            "count": 0
        },
        {
            "id": "61561192391225",
            "count": 0
        },
        {
            "id": "61556134935359",
            "count": 0
        },
        {
            "id": "61554577862540",
            "count": 0
        },
        {
            "id": "61553042365039",
            "count": 1
        },
        {
            "id": "61558417855180",
            "count": 0
        },
        {
            "id": "61565879873317",
            "count": 0
        },
        {
            "id": "61559173701441",
            "count": 0
        },
        {
            "id": "100094406442858",
            "count": 0
        },
        {
            "id": "100047981902135",
            "count": 0
        },
        {
            "id": "100093068477280",
            "count": 0
        },
        {
            "id": "61552573201558",
            "count": 0
        },
        {
            "id": "61555864962057",
            "count": 0
        },
        {
            "id": "61556823725105",
            "count": 0
        }
    ],
    "week": [
        {
            "id": "100094385350744",
            "count": 0,
            "name": "Nguyễn Tiến Nam"
        },
        {
            "id": "61561132412973",
            "count": 0,
            "name": "Em Bé Rén War"
        },
        {
            "id": "61565226359743",
            "count": 0,
            "name": "Ori Bá Sàn War"
        },
        {
            "id": "61561795162153",
            "count": 0,
            "name": "Thanh Viên"
        },
        {
            "id": "100010739318453",
            "count": 0,
            "name": "Cậu Cả Bảo"
        },
        {
            "id": "100074434760555",
            "count": 0,
            "name": "Ng Thao Nhii"
        },
        {
            "id": "100054379772671",
            "count": 0,
            "name": "Dąniel Rešl"
        },
        {
            "id": "100014693327406",
            "count": 0,
            "name": "Trang Rryy"
        },
        {
            "id": "61561702306091",
            "count": 0,
            "name": "Tất Thắng"
        },
        {
            "id": "61561530282324",
            "count": 4,
            "name": "Roronoa Xoro"
        },
        {
            "id": "61561797623346",
            "count": 0,
            "name": "Ank La Nevil"
        },
        {
            "id": "100081134411130",
            "count": 0,
            "name": "Trung Thu Xulim"
        },
        {
            "id": "61559277460718",
            "count": 0,
            "name": "Minh Hieu"
        },
        {
            "id": "100083700524447",
            "count": 0,
            "name": "Trịnh Linh Đan"
        },
        {
            "id": "61556129647169",
            "count": 0,
            "name": "Chip Beo"
        },
        {
            "id": "61561724142200",
            "count": 0,
            "name": "Hạ Nhi"
        },
        {
            "id": "61557266030030",
            "count": 0,
            "name": "Mỹ Nữ Bại War"
        },
        {
            "id": "100092521719774",
            "count": 0,
            "name": "Chiến Thần Sàn Treo"
        },
        {
            "id": "61564708032288",
            "count": 0,
            "name": "Athang Đấng Treo Mxh"
        },
        {
            "id": "61563959792240",
            "count": 0,
            "name": "Chiến Thần Sợ War"
        },
        {
            "id": "61565744308105",
            "count": 0,
            "name": "Quốc Khánh"
        },
        {
            "id": "61563913486678",
            "count": 0,
            "name": "Killua Killu"
        },
        {
            "id": "61565512837028",
            "count": 0,
            "name": "Zoldiac Killua"
        },
        {
            "id": "61559008805621",
            "count": 0,
            "name": "HW Hắc Gi Pi"
        },
        {
            "id": "61561211005749",
            "count": 0,
            "name": "HW Hắc SaNa"
        },
        {
            "id": "61562147228601",
            "count": 1,
            "name": "Ank Là Kan Đây"
        },
        {
            "id": "61564283257631",
            "count": 0,
            "name": "Thanh Tùng ꕥ乄"
        },
        {
            "id": "61560665263662",
            "count": 0,
            "name": "Tống Hoàng Gia Huy"
        },
        {
            "id": "61560874259469",
            "count": 0,
            "name": "️️️️️️️️️️️️️️️️️️️️️️️️️️️️️️️️️️️️️️️️️️️️️️️️️️️️️️️️️️️️️️️️️️️️️️️️️️️️️️️️️️️️️ ️️️️️️️️️️️️️️️️️️️️️️️️️️️️️️️️️️️️️️️️️️️️️️️️️️️️️️️️️️️️️️️️️️️️️️️️️️️️️️️️️️️️️"
        },
        {
            "id": "100058366099612",
            "count": 0,
            "name": "Do Quynh Bao Nhi"
        },
        {
            "id": "61559237631991",
            "count": 0,
            "name": "HW Hắc Thánh Nữ"
        },
        {
            "id": "61560847614233",
            "count": 0,
            "name": "Hắc Hàn Ngocc Lann"
        },
        {
            "id": "100090997839772",
            "count": 0,
            "name": "Lãnh's Hàn's Thiên's Băng's"
        },
        {
            "id": "61567079625062",
            "count": 0,
            "name": "Tất Thắng"
        },
        {
            "id": "61556245842677",
            "count": 0,
            "name": "乄ꪜ Tungg"
        },
        {
            "id": "61566416221319",
            "count": 0,
            "name": "Lưu Ly Long Mẫu"
        },
        {
            "id": "61554286233838",
            "count": 0,
            "name": "Cửu Khiết"
        },
        {
            "id": "100080312571229",
            "count": 0,
            "name": "ー﹕ᝰ.ᐟ丨ႋ bonഒ"
        },
        {
            "id": "61556623582982",
            "count": 0,
            "name": "Hoàng Anh Nam"
        },
        {
            "id": "61555252857667",
            "count": 0,
            "name": "Tuệ Dễ Thương"
        },
        {
            "id": "61552391853527",
            "count": 0,
            "name": "Nguyen Thanh Thao"
        },
        {
            "id": "100041460678961",
            "count": 0,
            "name": "Hoang Duong"
        },
        {
            "id": "61562745506669",
            "count": 0,
            "name": "Hoang Hiep"
        },
        {
            "id": "100078623366528",
            "count": 0,
            "name": "Trường Tô"
        },
        {
            "id": "100095517758050",
            "count": 0,
            "name": "Tquynh Cte Woaa"
        },
        {
            "id": "100089124758205",
            "count": 0,
            "name": "Chạy　theo　xe　rác Tìm　xác　em　yêu"
        },
        {
            "id": "668956588",
            "count": 0,
            "name": "Phung Nguyen Chau"
        },
        {
            "id": "61566915831858",
            "count": 0,
            "name": "ಇಇ ಇಇ ಇಇ ಇಇ"
        },
        {
            "id": "61565939896748",
            "count": 0,
            "name": "ホ︙ yumi　٭　࿐"
        },
        {
            "id": "61566381301270",
            "count": 0,
            "name": "ね︐ Lunar ꜝ　zᶻ　ᬡ︒"
        },
        {
            "id": "61565907765670",
            "count": 0,
            "name": "ロ　Hiyorii ᗢ　ᶻz ꜝꜝ"
        },
        {
            "id": "61566159887947",
            "count": 0,
            "name": "ᨒᨒᨒ ᨒᨒ"
        },
        {
            "id": "100040119931622",
            "count": 0,
            "name": "Nguyễn Đại"
        },
        {
            "id": "100037189290532",
            "count": 0,
            "name": "Quang Minh"
        },
        {
            "id": "100012867223885",
            "count": 0,
            "name": "Quang Vinh"
        },
        {
            "id": "61552096543521",
            "count": 0,
            "name": "Trúc Thanh"
        },
        {
            "id": "61550717727700",
            "count": 0,
            "name": "Quynh Ah"
        },
        {
            "id": "61557289975408",
            "count": 0,
            "name": "Dao Le Anh Tho"
        },
        {
            "id": "100082891572871",
            "count": 0,
            "name": "Nghia Phan"
        },
        {
            "id": "61566833292566",
            "count": 1,
            "name": "Linh Phan"
        },
        {
            "id": "61567244110669",
            "count": 0,
            "name": "Anh　trao　em　tấm　 Chân　tình　em　cap　 Gửi　lũ　bạn　cười　haha"
        },
        {
            "id": "61561237197225",
            "count": 0,
            "name": "ʬʬHip Tungʬʬ H⃣⃞A⃣⃞C⃣⃞K⃣⃞E⃣⃞R⃣⃞S⃣F⃠　A⃠　C⃠　E⃠　B⃠　O⃠　O⃠　O.O　MOT　KE　VAN　VO　THICH　LAM　THO　MOT　KE　NGU　NGO　THICH　DOI　CHO　MOT　KE　YEU　EM　DEN　DAI　KHO　TINH　MONG　HOA　RA　CHI　LA　MO　　ံံ　VIP　A҉　C҉　C҉　O҉　U҉　N҉　T҉　ཽĤ̬Â̬Ĉ̬K̬̂Ê̬R̬̂　Ŝ̬Ô̬　M̬̂Ô̬T̬̂　T⃟H⃟E⃟　G⃟I⃟O⃟I⃟　F⃤R⃤O⃤M⃤　V⃤I⃤E⃤T⃤　N⃤A⃤M⃤⃣ - X"
        },
        {
            "id": "61550728364211",
            "count": 0,
            "name": "Người dùng facebook"
        },
        {
            "id": "61564287556437",
            "count": 0,
            "name": "Người dùng facebook"
        },
        {
            "id": "100052536518079",
            "count": 0,
            "name": "Người dùng facebook"
        },
        {
            "id": "100084378103510",
            "count": 0,
            "name": "Người dùng facebook"
        },
        {
            "id": "61560626102799",
            "count": 0,
            "name": "Người dùng facebook"
        },
        {
            "id": "100067336953525",
            "count": 0,
            "name": "Người dùng facebook"
        },
        {
            "id": "100092387389261",
            "count": 0,
            "name": "Ph HYnii"
        },
        {
            "id": "61561192391225",
            "count": 0,
            "name": "Người dùng facebook"
        },
        {
            "id": "61556134935359",
            "count": 0,
            "name": "Người dùng facebook"
        },
        {
            "id": "61554577862540",
            "count": 0,
            "name": "Người dùng facebook"
        },
        {
            "id": "61553042365039",
            "count": 0,
            "name": "Thống Trị Con Đú"
        },
        {
            "id": "61558417855180",
            "count": 0,
            "name": "Luong Minh Nhat"
        },
        {
            "id": "61565879873317",
            "count": 0,
            "name": "Người dùng facebook"
        },
        {
            "id": "61559173701441",
            "count": 0,
            "name": "Nhật Trường"
        },
        {
            "id": "100094406442858",
            "count": 0,
            "name": "ʬʬHao Nguyenʬʬ Khi　anh　buon　anh　thuong　luot　faybuc　nhung　luc　anh　ranh　anh　hoc　cach　ban　qui　phai　mot　ngay　dep　troi　trai　tim　em　bi　khoa　anh　mo　roi　nhung　dap　bay　hai　ba　love　love　love　love　love　love　tricker　bat　tu　yeuem　o　moi　vu　tru　anh　the　chi　muon　yeu　minh　em　thoi　i　loovee　youu　chiuchiu　tricker - jr"
        },
        {
            "id": "100047981902135",
            "count": 0,
            "name": "Người dùng facebook"
        },
        {
            "id": "100093068477280",
            "count": 0,
            "name": "Người dùng facebook"
        },
        {
            "id": "61552573201558",
            "count": 0,
            "name": "Người dùng facebook"
        },
        {
            "id": "61555864962057",
            "count": 0,
            "name": "Người dùng facebook"
        },
        {
            "id": "61556823725105",
            "count": 0,
            "name": "Người dùng facebook"
        }
    ],
    "day": [
        {
            "id": "100094385350744",
            "count": 0,
            "name": "Nguyễn Tiến Nam"
        },
        {
            "id": "61561132412973",
            "count": 0,
            "name": "Em Bé Rén War"
        },
        {
            "id": "61565226359743",
            "count": 0,
            "name": "Ori Bá Sàn War"
        },
        {
            "id": "61561795162153",
            "count": 0,
            "name": "Thanh Viên"
        },
        {
            "id": "100010739318453",
            "count": 0,
            "name": "Cậu Cả Bảo"
        },
        {
            "id": "100074434760555",
            "count": 0,
            "name": "Ng Thao Nhii"
        },
        {
            "id": "100054379772671",
            "count": 0,
            "name": "Dąniel Rešl"
        },
        {
            "id": "100014693327406",
            "count": 0,
            "name": "Trang Rryy"
        },
        {
            "id": "61561702306091",
            "count": 0,
            "name": "Tất Thắng"
        },
        {
            "id": "61561530282324",
            "count": 0,
            "name": "Roronoa Xoro"
        },
        {
            "id": "61561797623346",
            "count": 0,
            "name": "Ank La Nevil"
        },
        {
            "id": "100081134411130",
            "count": 0,
            "name": "Trung Thu Xulim"
        },
        {
            "id": "61559277460718",
            "count": 0,
            "name": "Minh Hieu"
        },
        {
            "id": "100083700524447",
            "count": 0,
            "name": "Trịnh Linh Đan"
        },
        {
            "id": "61556129647169",
            "count": 0,
            "name": "Chip Beo"
        },
        {
            "id": "61561724142200",
            "count": 0,
            "name": "Hạ Nhi"
        },
        {
            "id": "61557266030030",
            "count": 0,
            "name": "Mỹ Nữ Bại War"
        },
        {
            "id": "100092521719774",
            "count": 0,
            "name": "Chiến Thần Sàn Treo"
        },
        {
            "id": "61564708032288",
            "count": 0,
            "name": "Athang Đấng Treo Mxh"
        },
        {
            "id": "61563959792240",
            "count": 0,
            "name": "Chiến Thần Sợ War"
        },
        {
            "id": "61565744308105",
            "count": 0,
            "name": "Quốc Khánh"
        },
        {
            "id": "61563913486678",
            "count": 0,
            "name": "Killua Killu"
        },
        {
            "id": "61565512837028",
            "count": 0,
            "name": "Zoldiac Killua"
        },
        {
            "id": "61559008805621",
            "count": 0,
            "name": "HW Hắc Gi Pi"
        },
        {
            "id": "61561211005749",
            "count": 0,
            "name": "HW Hắc SaNa"
        },
        {
            "id": "61562147228601",
            "count": 0,
            "name": "Ank Là Kan Đây"
        },
        {
            "id": "61564283257631",
            "count": 0,
            "name": "Thanh Tùng ꕥ乄"
        },
        {
            "id": "61560665263662",
            "count": 0,
            "name": "Tống Hoàng Gia Huy"
        },
        {
            "id": "61560874259469",
            "count": 0,
            "name": "️️️️️️️️️️️️️️️️️️️️️️️️️️️️️️️️️️️️️️️️️️️️️️️️️️️️️️️️️️️️️️️️️️️️️️️️️️️️️️️️️️️️️ ️️️️️️️️️️️️️️️️️️️️️️️️️️️️️️️️️️️️️️️️️️️️️️️️️️️️️️️️️️️️️️️️️️️️️️️️️️️️️️️️️️️️️"
        },
        {
            "id": "100058366099612",
            "count": 0,
            "name": "Do Quynh Bao Nhi"
        },
        {
            "id": "61559237631991",
            "count": 0,
            "name": "HW Hắc Thánh Nữ"
        },
        {
            "id": "61560847614233",
            "count": 0,
            "name": "Hắc Hàn Ngocc Lann"
        },
        {
            "id": "100090997839772",
            "count": 0,
            "name": "Lãnh's Hàn's Thiên's Băng's"
        },
        {
            "id": "61567079625062",
            "count": 0,
            "name": "Tất Thắng"
        },
        {
            "id": "61556245842677",
            "count": 0,
            "name": "乄ꪜ Tungg"
        },
        {
            "id": "61566416221319",
            "count": 0,
            "name": "Lưu Ly Long Mẫu"
        },
        {
            "id": "61554286233838",
            "count": 0,
            "name": "Cửu Khiết"
        },
        {
            "id": "100080312571229",
            "count": 0,
            "name": "ー﹕ᝰ.ᐟ丨ႋ bonഒ"
        },
        {
            "id": "61556623582982",
            "count": 0,
            "name": "Hoàng Anh Nam"
        },
        {
            "id": "61555252857667",
            "count": 0,
            "name": "Tuệ Dễ Thương"
        },
        {
            "id": "61552391853527",
            "count": 0,
            "name": "Nguyen Thanh Thao"
        },
        {
            "id": "100041460678961",
            "count": 0,
            "name": "Hoang Duong"
        },
        {
            "id": "61562745506669",
            "count": 0,
            "name": "Hoang Hiep"
        },
        {
            "id": "100078623366528",
            "count": 0,
            "name": "Trường Tô"
        },
        {
            "id": "100095517758050",
            "count": 0,
            "name": "Tquynh Cte Woaa"
        },
        {
            "id": "100089124758205",
            "count": 0,
            "name": "Chạy　theo　xe　rác Tìm　xác　em　yêu"
        },
        {
            "id": "668956588",
            "count": 0,
            "name": "Phung Nguyen Chau"
        },
        {
            "id": "61566915831858",
            "count": 0,
            "name": "ಇಇ ಇಇ ಇಇ ಇಇ"
        },
        {
            "id": "61565939896748",
            "count": 0,
            "name": "ホ︙ yumi　٭　࿐"
        },
        {
            "id": "61566381301270",
            "count": 0,
            "name": "ね︐ Lunar ꜝ　zᶻ　ᬡ︒"
        },
        {
            "id": "61565907765670",
            "count": 0,
            "name": "ロ　Hiyorii ᗢ　ᶻz ꜝꜝ"
        },
        {
            "id": "61566159887947",
            "count": 0,
            "name": "ᨒᨒᨒ ᨒᨒ"
        },
        {
            "id": "100040119931622",
            "count": 0,
            "name": "Nguyễn Đại"
        },
        {
            "id": "100037189290532",
            "count": 0,
            "name": "Quang Minh"
        },
        {
            "id": "100012867223885",
            "count": 0,
            "name": "Quang Vinh"
        },
        {
            "id": "61552096543521",
            "count": 0,
            "name": "Trúc Thanh"
        },
        {
            "id": "61550717727700",
            "count": 0,
            "name": "Quynh Ah"
        },
        {
            "id": "61557289975408",
            "count": 0,
            "name": "Dao Le Anh Tho"
        },
        {
            "id": "100082891572871",
            "count": 0,
            "name": "Nghia Phan"
        },
        {
            "id": "61566833292566",
            "count": 0,
            "name": "Linh Phan"
        },
        {
            "id": "61567244110669",
            "count": 0,
            "name": "Anh　trao　em　tấm　 Chân　tình　em　cap　 Gửi　lũ　bạn　cười　haha"
        },
        {
            "id": "61561237197225",
            "count": 0,
            "name": "ʬʬHip Tungʬʬ H⃣⃞A⃣⃞C⃣⃞K⃣⃞E⃣⃞R⃣⃞S⃣F⃠　A⃠　C⃠　E⃠　B⃠　O⃠　O⃠　O.O　MOT　KE　VAN　VO　THICH　LAM　THO　MOT　KE　NGU　NGO　THICH　DOI　CHO　MOT　KE　YEU　EM　DEN　DAI　KHO　TINH　MONG　HOA　RA　CHI　LA　MO　　ံံ　VIP　A҉　C҉　C҉　O҉　U҉　N҉　T҉　ཽĤ̬Â̬Ĉ̬K̬̂Ê̬R̬̂　Ŝ̬Ô̬　M̬̂Ô̬T̬̂　T⃟H⃟E⃟　G⃟I⃟O⃟I⃟　F⃤R⃤O⃤M⃤　V⃤I⃤E⃤T⃤　N⃤A⃤M⃤⃣ - X"
        },
        {
            "id": "61550728364211",
            "count": 0,
            "name": "Người dùng facebook"
        },
        {
            "id": "61564287556437",
            "count": 0,
            "name": "Người dùng facebook"
        },
        {
            "id": "100052536518079",
            "count": 0,
            "name": "Người dùng facebook"
        },
        {
            "id": "100084378103510",
            "count": 0,
            "name": "Người dùng facebook"
        },
        {
            "id": "61560626102799",
            "count": 0,
            "name": "Người dùng facebook"
        },
        {
            "id": "100067336953525",
            "count": 0,
            "name": "Người dùng facebook"
        },
        {
            "id": "100092387389261",
            "count": 0,
            "name": "Ph HYnii"
        },
        {
            "id": "61561192391225",
            "count": 0,
            "name": "Người dùng facebook"
        },
        {
            "id": "61556134935359",
            "count": 0,
            "name": "Người dùng facebook"
        },
        {
            "id": "61554577862540",
            "count": 0,
            "name": "Người dùng facebook"
        },
        {
            "id": "61553042365039",
            "count": 0,
            "name": "Thống Trị Con Đú"
        },
        {
            "id": "61558417855180",
            "count": 0,
            "name": "Luong Minh Nhat"
        },
        {
            "id": "61565879873317",
            "count": 0,
            "name": "Người dùng facebook"
        },
        {
            "id": "61559173701441",
            "count": 0,
            "name": "Nhật Trường"
        },
        {
            "id": "100094406442858",
            "count": 0,
            "name": "ʬʬHao Nguyenʬʬ Khi　anh　buon　anh　thuong　luot　faybuc　nhung　luc　anh　ranh　anh　hoc　cach　ban　qui　phai　mot　ngay　dep　troi　trai　tim　em　bi　khoa　anh　mo　roi　nhung　dap　bay　hai　ba　love　love　love　love　love　love　tricker　bat　tu　yeuem　o　moi　vu　tru　anh　the　chi　muon　yeu　minh　em　thoi　i　loovee　youu　chiuchiu　tricker - jr"
        },
        {
            "id": "100047981902135",
            "count": 0,
            "name": "Người dùng facebook"
        },
        {
            "id": "100093068477280",
            "count": 0,
            "name": "Người dùng facebook"
        },
        {
            "id": "61552573201558",
            "count": 0,
            "name": "Người dùng facebook"
        },
        {
            "id": "61555864962057",
            "count": 0,
            "name": "Người dùng facebook"
        },
        {
            "id": "61556823725105",
            "count": 0,
            "name": "Người dùng facebook"
        }
    ],
    "time": 6,
    "last": {
        "time": 5,
        "day": [
            {
                "id": "100094385350744",
                "count": 0
            },
            {
                "id": "61561132412973",
                "count": 0
            },
            {
                "id": "61564058245831",
                "count": 0
            },
            {
                "id": "61565226359743",
                "count": 0
            },
            {
                "id": "61565366116633",
                "count": 0
            },
            {
                "id": "61561795162153",
                "count": 0
            },
            {
                "id": "100010739318453",
                "count": 0
            },
            {
                "id": "100074434760555",
                "count": 0
            },
            {
                "id": "100054379772671",
                "count": 0
            },
            {
                "id": "100014693327406",
                "count": 0
            },
            {
                "id": "61561702306091",
                "count": 0
            },
            {
                "id": "61567135740553",
                "count": 0
            },
            {
                "id": "61564453213299",
                "count": 0
            },
            {
                "id": "61561530282324",
                "count": 0
            },
            {
                "id": "61561797623346",
                "count": 0
            },
            {
                "id": "100081134411130",
                "count": 0
            },
            {
                "id": "61559277460718",
                "count": 0
            },
            {
                "id": "100083700524447",
                "count": 0
            },
            {
                "id": "61556129647169",
                "count": 0
            },
            {
                "id": "61561724142200",
                "count": 0
            },
            {
                "id": "61557266030030",
                "count": 0
            },
            {
                "id": "61564869527271",
                "count": 0
            },
            {
                "id": "100092521719774",
                "count": 0
            },
            {
                "id": "61564708032288",
                "count": 0
            },
            {
                "id": "61561344562688",
                "count": 0
            },
            {
                "id": "61563959792240",
                "count": 0
            },
            {
                "id": "61565744308105",
                "count": 0
            },
            {
                "id": "61563913486678",
                "count": 0
            },
            {
                "id": "61565512837028",
                "count": 0
            },
            {
                "id": "61559008805621",
                "count": 0
            },
            {
                "id": "61561211005749",
                "count": 0
            },
            {
                "id": "61562147228601",
                "count": 0
            },
            {
                "id": "61564283257631",
                "count": 0
            },
            {
                "id": "61560665263662",
                "count": 0
            },
            {
                "id": "61560874259469",
                "count": 0
            },
            {
                "id": "100058366099612",
                "count": 0
            },
            {
                "id": "61559237631991",
                "count": 0
            },
            {
                "id": "61560847614233",
                "count": 0
            },
            {
                "id": "61563452635920",
                "count": 0
            },
            {
                "id": "100090997839772",
                "count": 0
            },
            {
                "id": "61567079625062",
                "count": 0
            },
            {
                "id": "61560833859496",
                "count": 0
            },
            {
                "id": "100001555740993",
                "count": 0
            },
            {
                "id": "61560770556906",
                "count": 0
            },
            {
                "id": "61557347872757",
                "count": 0
            },
            {
                "id": "61556245842677",
                "count": 0
            },
            {
                "id": "61566416221319",
                "count": 0
            },
            {
                "id": "61554286233838",
                "count": 0
            },
            {
                "id": "100080312571229",
                "count": 0
            },
            {
                "id": "61556623582982",
                "count": 0
            },
            {
                "id": "100086956344847",
                "count": 0
            },
            {
                "id": "61553797455882",
                "count": 0
            },
            {
                "id": "61555252857667",
                "count": 0
            },
            {
                "id": "61552391853527",
                "count": 0
            },
            {
                "id": "100041460678961",
                "count": 0
            },
            {
                "id": "61562745506669",
                "count": 0
            },
            {
                "id": "100078623366528",
                "count": 0
            },
            {
                "id": "100095517758050",
                "count": 0
            },
            {
                "id": "100089124758205",
                "count": 0
            },
            {
                "id": "668956588",
                "count": 0
            },
            {
                "id": "61566915831858",
                "count": 0
            },
            {
                "id": "61550054905688",
                "count": 0
            },
            {
                "id": "61565939896748",
                "count": 0
            },
            {
                "id": "61566381301270",
                "count": 0
            },
            {
                "id": "61565907765670",
                "count": 0
            },
            {
                "id": "61566159887947",
                "count": 0
            },
            {
                "id": "100001539586702",
                "count": 0
            },
            {
                "id": "61566473503233",
                "count": 0
            },
            {
                "id": "100040119931622",
                "count": 0
            },
            {
                "id": "100037189290532",
                "count": 0
            },
            {
                "id": "100012867223885",
                "count": 0
            },
            {
                "id": "61564947061627",
                "count": 0
            },
            {
                "id": "100091396177976",
                "count": 0
            },
            {
                "id": "61552096543521",
                "count": 0
            },
            {
                "id": "61550717727700",
                "count": 0
            },
            {
                "id": "61561647630222",
                "count": 0
            },
            {
                "id": "61557289975408",
                "count": 0
            },
            {
                "id": "100082891572871",
                "count": 0
            },
            {
                "id": "61566833292566",
                "count": 0
            },
            {
                "id": "61567244110669",
                "count": 0
            },
            {
                "id": "61561237197225",
                "count": 0
            },
            {
                "id": "61550535961137",
                "count": 0
            },
            {
                "id": "1700629631",
                "count": 0
            },
            {
                "id": "61552968610157",
                "count": 0
            },
            {
                "id": "61550728364211",
                "count": 0
            },
            {
                "id": "100089296501146",
                "count": 0
            },
            {
                "id": "61564287556437",
                "count": 0
            },
            {
                "id": "61556929761931",
                "count": 0
            },
            {
                "id": "61555802055616",
                "count": 0
            },
            {
                "id": "100052536518079",
                "count": 0
            },
            {
                "id": "61556823725105",
                "count": 0
            },
            {
                "id": "100084378103510",
                "count": 0
            },
            {
                "id": "100087234212410",
                "count": 0
            },
            {
                "id": "61560626102799",
                "count": 0
            },
            {
                "id": "100067336953525",
                "count": 0
            },
            {
                "id": "100076337466270",
                "count": 0
            },
            {
                "id": "100055835753099",
                "count": 0
            },
            {
                "id": "100092387389261",
                "count": 0
            },
            {
                "id": "61561192391225",
                "count": 0
            },
            {
                "id": "61556134935359",
                "count": 0
            },
            {
                "id": "100063344670151",
                "count": 0
            },
            {
                "id": "61561975269610",
                "count": 0
            },
            {
                "id": "100087767018349",
                "count": 0
            },
            {
                "id": "61554577862540",
                "count": 0
            },
            {
                "id": "61562887200242",
                "count": 0
            },
            {
                "id": "61553042365039",
                "count": 0
            },
            {
                "id": "61560590173617",
                "count": 0
            },
            {
                "id": "1833642389",
                "count": 0
            },
            {
                "id": "61566499351701",
                "count": 0
            },
            {
                "id": "61554254481822",
                "count": 0
            },
            {
                "id": "61558417855180",
                "count": 0
            },
            {
                "id": "61561521731879",
                "count": 0
            },
            {
                "id": "61561473134047",
                "count": 0
            },
            {
                "id": "61565879873317",
                "count": 0
            },
            {
                "id": "100092674016579",
                "count": 0
            },
            {
                "id": "100085553933945",
                "count": 0
            },
            {
                "id": "61556843675790",
                "count": 0
            },
            {
                "id": "100094184390929",
                "count": 0
            },
            {
                "id": "61563965876177",
                "count": 0
            },
            {
                "id": "61559173701441",
                "count": 0
            },
            {
                "id": "61561286908308",
                "count": 0
            },
            {
                "id": "100078936751524",
                "count": 0
            },
            {
                "id": "100092501694359",
                "count": 0
            },
            {
                "id": "100047527205099",
                "count": 0
            },
            {
                "id": "61564199368315",
                "count": 0
            },
            {
                "id": "61559197829442",
                "count": 0
            },
            {
                "id": "100094406442858",
                "count": 0
            },
            {
                "id": "100090915077021",
                "count": 0
            },
            {
                "id": "1265197950",
                "count": 0
            },
            {
                "id": "61556832062771",
                "count": 0
            },
            {
                "id": "61559793959565",
                "count": 0
            },
            {
                "id": "100047981902135",
                "count": 0
            },
            {
                "id": "100093068477280",
                "count": 0
            },
            {
                "id": "61557455583605",
                "count": 0
            },
            {
                "id": "100093852915249",
                "count": 0
            },
            {
                "id": "61557842460972",
                "count": 0
            },
            {
                "id": "61556775443114",
                "count": 0
            },
            {
                "id": "61563487735542",
                "count": 0
            },
            {
                "id": "61556156304359",
                "count": 0
            },
            {
                "id": "61552573201558",
                "count": 0
            },
            {
                "id": "100074241439349",
                "count": 0
            },
            {
                "id": "100087707319302",
                "count": 0
            },
            {
                "id": "61555864962057",
                "count": 0
            },
            {
                "id": "61559455391689",
                "count": 0
            },
            {
                "id": "100093882530129",
                "count": 0
            },
            {
                "id": "61555694216779",
                "count": 0
            },
            {
                "id": "61564087530364",
                "count": 0
            },
            {
                "id": "61557354262110",
                "count": 0
            },
            {
                "id": "61555775665470",
                "count": 0
            },
            {
                "id": "1496217136",
                "count": 0
            },
            {
                "id": "61566373048076",
                "count": 0
            }
        ],
        "week": [
            {
                "id": "100094385350744",
                "count": 0
            },
            {
                "id": "61561132412973",
                "count": 0
            },
            {
                "id": "61564058245831",
                "count": 0
            },
            {
                "id": "61565226359743",
                "count": 0
            },
            {
                "id": "61565366116633",
                "count": 0
            },
            {
                "id": "61561795162153",
                "count": 0
            },
            {
                "id": "100010739318453",
                "count": 0
            },
            {
                "id": "100074434760555",
                "count": 0
            },
            {
                "id": "100054379772671",
                "count": 0
            },
            {
                "id": "100014693327406",
                "count": 0
            },
            {
                "id": "61561702306091",
                "count": 0
            },
            {
                "id": "61567135740553",
                "count": 0
            },
            {
                "id": "61564453213299",
                "count": 0
            },
            {
                "id": "61561530282324",
                "count": 0
            },
            {
                "id": "61561797623346",
                "count": 0
            },
            {
                "id": "100081134411130",
                "count": 0
            },
            {
                "id": "61559277460718",
                "count": 0
            },
            {
                "id": "100083700524447",
                "count": 0
            },
            {
                "id": "61556129647169",
                "count": 0
            },
            {
                "id": "61561724142200",
                "count": 0
            },
            {
                "id": "61557266030030",
                "count": 0
            },
            {
                "id": "61564869527271",
                "count": 0
            },
            {
                "id": "100092521719774",
                "count": 0
            },
            {
                "id": "61564708032288",
                "count": 0
            },
            {
                "id": "61561344562688",
                "count": 0
            },
            {
                "id": "61563959792240",
                "count": 0
            },
            {
                "id": "61565744308105",
                "count": 0
            },
            {
                "id": "61563913486678",
                "count": 0
            },
            {
                "id": "61565512837028",
                "count": 0
            },
            {
                "id": "61559008805621",
                "count": 0
            },
            {
                "id": "61561211005749",
                "count": 0
            },
            {
                "id": "61562147228601",
                "count": 0
            },
            {
                "id": "61564283257631",
                "count": 0
            },
            {
                "id": "61560665263662",
                "count": 0
            },
            {
                "id": "61560874259469",
                "count": 0
            },
            {
                "id": "100058366099612",
                "count": 0
            },
            {
                "id": "61559237631991",
                "count": 0
            },
            {
                "id": "61560847614233",
                "count": 0
            },
            {
                "id": "61563452635920",
                "count": 0
            },
            {
                "id": "100090997839772",
                "count": 0
            },
            {
                "id": "61567079625062",
                "count": 0
            },
            {
                "id": "61560833859496",
                "count": 0
            },
            {
                "id": "100001555740993",
                "count": 0
            },
            {
                "id": "61560770556906",
                "count": 0
            },
            {
                "id": "61557347872757",
                "count": 0
            },
            {
                "id": "61556245842677",
                "count": 0
            },
            {
                "id": "61566416221319",
                "count": 0
            },
            {
                "id": "61554286233838",
                "count": 0
            },
            {
                "id": "100080312571229",
                "count": 0
            },
            {
                "id": "61556623582982",
                "count": 0
            },
            {
                "id": "100086956344847",
                "count": 0
            },
            {
                "id": "61553797455882",
                "count": 0
            },
            {
                "id": "61555252857667",
                "count": 0
            },
            {
                "id": "61552391853527",
                "count": 0
            },
            {
                "id": "100041460678961",
                "count": 0
            },
            {
                "id": "61562745506669",
                "count": 0
            },
            {
                "id": "100078623366528",
                "count": 0
            },
            {
                "id": "100095517758050",
                "count": 0
            },
            {
                "id": "100089124758205",
                "count": 0
            },
            {
                "id": "668956588",
                "count": 0
            },
            {
                "id": "61566915831858",
                "count": 0
            },
            {
                "id": "61550054905688",
                "count": 0
            },
            {
                "id": "61565939896748",
                "count": 0
            },
            {
                "id": "61566381301270",
                "count": 0
            },
            {
                "id": "61565907765670",
                "count": 0
            },
            {
                "id": "61566159887947",
                "count": 0
            },
            {
                "id": "100001539586702",
                "count": 0
            },
            {
                "id": "61566473503233",
                "count": 0
            },
            {
                "id": "100040119931622",
                "count": 0
            },
            {
                "id": "100037189290532",
                "count": 0
            },
            {
                "id": "100012867223885",
                "count": 0
            },
            {
                "id": "61564947061627",
                "count": 0
            },
            {
                "id": "100091396177976",
                "count": 0
            },
            {
                "id": "61552096543521",
                "count": 0
            },
            {
                "id": "61550717727700",
                "count": 0
            },
            {
                "id": "61561647630222",
                "count": 0
            },
            {
                "id": "61557289975408",
                "count": 0
            },
            {
                "id": "100082891572871",
                "count": 0
            },
            {
                "id": "61566833292566",
                "count": 0
            },
            {
                "id": "61567244110669",
                "count": 0
            },
            {
                "id": "61561237197225",
                "count": 0
            },
            {
                "id": "61550535961137",
                "count": 0
            },
            {
                "id": "1700629631",
                "count": 0
            },
            {
                "id": "61552968610157",
                "count": 0
            },
            {
                "id": "61550728364211",
                "count": 0
            },
            {
                "id": "100089296501146",
                "count": 0
            },
            {
                "id": "61564287556437",
                "count": 0
            },
            {
                "id": "61556929761931",
                "count": 0
            },
            {
                "id": "61555802055616",
                "count": 0
            },
            {
                "id": "100052536518079",
                "count": 0
            },
            {
                "id": "61556823725105",
                "count": 0
            },
            {
                "id": "100084378103510",
                "count": 0
            },
            {
                "id": "100087234212410",
                "count": 0
            },
            {
                "id": "61560626102799",
                "count": 0
            },
            {
                "id": "100067336953525",
                "count": 0
            },
            {
                "id": "100076337466270",
                "count": 0
            },
            {
                "id": "100055835753099",
                "count": 0
            },
            {
                "id": "100092387389261",
                "count": 0
            },
            {
                "id": "61561192391225",
                "count": 0
            },
            {
                "id": "61556134935359",
                "count": 0
            },
            {
                "id": "100063344670151",
                "count": 0
            },
            {
                "id": "61561975269610",
                "count": 0
            },
            {
                "id": "100087767018349",
                "count": 0
            },
            {
                "id": "61554577862540",
                "count": 0
            },
            {
                "id": "61562887200242",
                "count": 0
            },
            {
                "id": "61553042365039",
                "count": 0
            },
            {
                "id": "61560590173617",
                "count": 0
            },
            {
                "id": "1833642389",
                "count": 0
            },
            {
                "id": "61566499351701",
                "count": 0
            },
            {
                "id": "61554254481822",
                "count": 0
            },
            {
                "id": "61558417855180",
                "count": 0
            },
            {
                "id": "61561521731879",
                "count": 0
            },
            {
                "id": "61561473134047",
                "count": 0
            },
            {
                "id": "61565879873317",
                "count": 0
            },
            {
                "id": "100092674016579",
                "count": 0
            },
            {
                "id": "100085553933945",
                "count": 0
            },
            {
                "id": "61556843675790",
                "count": 0
            },
            {
                "id": "100094184390929",
                "count": 0
            },
            {
                "id": "61563965876177",
                "count": 0
            },
            {
                "id": "61559173701441",
                "count": 0
            },
            {
                "id": "61561286908308",
                "count": 0
            },
            {
                "id": "100078936751524",
                "count": 0
            },
            {
                "id": "100092501694359",
                "count": 0
            },
            {
                "id": "100047527205099",
                "count": 0
            },
            {
                "id": "61564199368315",
                "count": 0
            },
            {
                "id": "61559197829442",
                "count": 0
            },
            {
                "id": "100094406442858",
                "count": 0
            },
            {
                "id": "100090915077021",
                "count": 0
            },
            {
                "id": "1265197950",
                "count": 0
            },
            {
                "id": "61556832062771",
                "count": 0
            },
            {
                "id": "61559793959565",
                "count": 0
            },
            {
                "id": "100047981902135",
                "count": 0
            },
            {
                "id": "100093068477280",
                "count": 0
            },
            {
                "id": "61557455583605",
                "count": 0
            },
            {
                "id": "100093852915249",
                "count": 0
            },
            {
                "id": "61557842460972",
                "count": 0
            },
            {
                "id": "61556775443114",
                "count": 0
            },
            {
                "id": "61563487735542",
                "count": 0
            },
            {
                "id": "61556156304359",
                "count": 0
            },
            {
                "id": "61552573201558",
                "count": 0
            },
            {
                "id": "100074241439349",
                "count": 0
            },
            {
                "id": "100087707319302",
                "count": 0
            },
            {
                "id": "61555864962057",
                "count": 0
            },
            {
                "id": "61559455391689",
                "count": 0
            },
            {
                "id": "100093882530129",
                "count": 0
            },
            {
                "id": "61555694216779",
                "count": 0
            },
            {
                "id": "61564087530364",
                "count": 0
            },
            {
                "id": "61557354262110",
                "count": 0
            },
            {
                "id": "61555775665470",
                "count": 0
            },
            {
                "id": "1496217136",
                "count": 0
            },
            {
                "id": "61566373048076",
                "count": 0
            }
        ]
    }
}